v(v_in),v(out),v(c1),v(c2),v(tail)
0.000000000000000000e+00,5.012999832015488827e-08,4.999999905973180780e+00,3.137282651936176059e+00,1.868893138572410351e+00
2.000000000000000042e-03,5.012999832021073950e-08,4.999999905982579484e+00,3.137282226440321509e+00,1.868893565651135624e+00
4.000000000000000083e-03,5.012999832026659074e-08,4.999999905991979965e+00,3.137282226468401269e+00,1.868893565651378097e+00
6.000000000000000125e-03,5.012999832032244197e-08,4.999999906001379557e+00,3.137282226461040491e+00,1.868893565654632827e+00
8.000000000000000167e-03,5.012999832037829982e-08,4.999999906010780037e+00,3.137282226448932843e+00,1.868893565654656808e+00
1.000000000000000021e-02,5.012999832043413121e-08,4.999999906020180518e+00,3.137282226467235979e+00,1.868893565654816680e+00
1.200000000000000025e-02,5.012999832048998244e-08,4.999999906029578334e+00,3.137282226498328885e+00,1.868893565655267208e+00
1.400000000000000029e-02,5.012999832054583368e-08,4.999999906038980590e+00,3.137282226499124693e+00,1.868893565655301403e+00
1.600000000000000033e-02,5.012999832060167168e-08,4.999999906048379295e+00,3.137282226511345584e+00,1.868893565655462830e+00
1.800000000000000211e-02,5.012999832065752291e-08,4.999999906057779775e+00,3.137282226522685846e+00,1.868893565655632916e+00
2.000000000000000389e-02,5.012999832071336753e-08,4.999999906067180255e+00,3.137282226546787012e+00,1.868893565655979749e+00
2.200000000000000566e-02,5.012999832076921876e-08,4.999999906076580736e+00,3.137282226525925921e+00,1.868893565655700861e+00
2.400000000000000744e-02,5.012999832082507662e-08,4.999999906085978552e+00,3.137282226540250019e+00,1.868893565655875832e+00
2.600000000000000921e-02,5.012999832088092123e-08,4.999999906095379920e+00,3.137282226554829911e+00,1.868893565656102984e+00
2.800000000000001099e-02,5.012999832093677247e-08,4.999999906104779512e+00,3.137282226544001684e+00,1.868893565655957545e+00
3.000000000000001277e-02,5.012999832099260385e-08,4.999999906114179993e+00,3.137282226581574296e+00,1.868893565656474021e+00
3.200000000000001454e-02,5.012999832104847494e-08,4.999999906123579585e+00,3.137282226585780709e+00,1.868893565656570388e+00
3.400000000000001632e-02,5.012999832110432617e-08,4.999999906132980065e+00,3.137282226605107027e+00,1.868893565656834399e+00
3.600000000000001810e-02,5.012999832116019064e-08,4.999999906142380546e+00,3.137282226623040682e+00,1.868893565657102407e+00
3.800000000000001987e-02,5.012999832121601541e-08,4.999999906151780138e+00,3.137282226613832048e+00,1.868893565656979838e+00
4.000000000000002165e-02,5.012999832127186664e-08,4.999999906161179730e+00,3.137282226595244694e+00,1.868893565656700506e+00
4.200000000000002343e-02,5.012999832132771788e-08,4.999999906170580211e+00,3.137282226617100545e+00,1.868893565656997824e+00
4.400000000000002520e-02,5.012999832138357573e-08,4.999999906179979803e+00,3.137282226629975579e+00,1.868893565657208100e+00
4.600000000000002698e-02,5.012999832143942697e-08,4.999999906189381171e+00,3.137282226635432103e+00,1.868893565657287814e+00
4.800000000000002875e-02,5.012999832149527820e-08,4.999999906198779875e+00,3.137282226672863050e+00,1.868893565657818501e+00
5.000000000000003053e-02,5.012999832155111620e-08,4.999999906208179468e+00,3.137282226674056762e+00,1.868893565657865130e+00
5.200000000000003231e-02,5.012999832160697405e-08,4.999999906217580836e+00,3.137282226653678840e+00,1.868893565657563594e+00
5.400000000000003408e-02,5.012999832166281867e-08,4.999999906226978652e+00,3.137282226691990417e+00,1.868893565658085842e+00
5.600000000000003586e-02,5.012999832171866329e-08,4.999999906236380021e+00,3.137282226701511245e+00,1.868893565658263256e+00
5.800000000000003764e-02,5.012999832177452114e-08,4.999999906245780501e+00,3.137282226711600952e+00,1.868893565658401146e+00
6.000000000000003941e-02,5.012999832183036576e-08,4.999999906255180093e+00,3.137282226694264153e+00,1.868893565658158895e+00
6.200000000000004119e-02,5.012999832188622361e-08,4.999999906264580574e+00,3.137282226703472343e+00,1.868893565658270361e+00
6.400000000000004297e-02,5.012999832194207485e-08,4.999999906273981054e+00,3.137282226706996635e+00,1.868893565658334976e+00
6.600000000000004474e-02,5.012999832199789299e-08,4.999999906283378870e+00,3.137282226732689416e+00,1.868893565658699796e+00
6.800000000000004652e-02,5.012999832205377070e-08,4.999999906292779350e+00,3.137282226721235467e+00,1.868893565658557687e+00
7.000000000000004829e-02,5.012999832210960870e-08,4.999999906302179831e+00,3.137282226748718816e+00,1.868893565658927614e+00
7.200000000000005007e-02,5.012999832216545993e-08,4.999999906311579423e+00,3.137282226756620052e+00,1.868893565659067946e+00
7.400000000000005185e-02,5.012999832222131117e-08,4.999999906320980791e+00,3.137282226758126402e+00,1.868893565659086375e+00
7.600000000000005362e-02,5.012999832227714917e-08,4.999999906330380384e+00,3.137282226779015915e+00,1.868893565659378364e+00
7.800000000000005540e-02,5.012999832233299379e-08,4.999999906339779088e+00,3.137282226767135640e+00,1.868893565659228040e+00
8.000000000000005718e-02,5.012999832238886487e-08,4.999999906349179568e+00,3.137282226771853644e+00,1.868893565659277556e+00
8.200000000000005895e-02,5.012999832244471611e-08,4.999999906358580049e+00,3.137282226804139817e+00,1.868893565659742961e+00
8.400000000000006073e-02,5.012999832250056073e-08,4.999999906367979641e+00,3.137282226796125340e+00,1.868893565659655920e+00
8.600000000000006251e-02,5.012999832255639873e-08,4.999999906377380121e+00,3.137282226814456898e+00,1.868893565659896838e+00
8.800000000000006428e-02,5.012999832261224996e-08,4.999999906386778825e+00,3.137282226822300846e+00,1.868893565660025624e+00
9.000000000000006606e-02,5.012999832266812105e-08,4.999999906396179306e+00,3.137282226836540122e+00,1.868893565660228795e+00
9.200000000000006783e-02,5.012999832272394581e-08,4.999999906405578898e+00,3.137282226857998069e+00,1.868893565660541656e+00
9.400000000000006961e-02,5.012999832277979705e-08,4.999999906414980266e+00,3.137282226853052691e+00,1.868893565660484590e+00
9.600000000000007139e-02,5.012999832283564828e-08,4.999999906424379859e+00,3.137282226859817058e+00,1.868893565660568301e+00
9.800000000000007316e-02,5.012999832289151275e-08,4.999999906433779451e+00,3.137282226875420132e+00,1.868893565660796119e+00
1.000000000000000749e-01,5.012999832294735075e-08,4.999999906443180819e+00,3.137282226883747693e+00,1.868893565660925793e+00
1.020000000000000767e-01,5.012999832300320861e-08,4.999999906452579523e+00,3.137282226883406633e+00,1.868893565660922240e+00
1.040000000000000785e-01,5.012999832305905984e-08,4.999999906461979116e+00,3.137282226877580182e+00,1.868893565660834533e+00
1.060000000000000803e-01,5.012999832311489784e-08,4.999999906471380484e+00,3.137282226894206438e+00,1.868893565661065237e+00
1.080000000000000820e-01,5.012999832317074246e-08,4.999999906480779188e+00,3.137282226895513837e+00,1.868893565661101208e+00
1.100000000000000838e-01,5.012999832322659369e-08,4.999999906490178780e+00,3.137282226896934922e+00,1.868893565661116973e+00
1.120000000000000856e-01,5.012999832328246478e-08,4.999999906499581037e+00,3.137282226930784290e+00,1.868893565661596368e+00
1.140000000000000874e-01,5.012999832333830278e-08,4.999999906508979741e+00,3.137282226957557096e+00,1.868893565662005818e+00
1.160000000000000892e-01,5.012999832339414078e-08,4.999999906518381110e+00,3.137282226929874795e+00,1.868893565661623013e+00
1.180000000000000909e-01,5.012999832344997878e-08,4.999999906527779814e+00,3.137282226960029785e+00,1.868893565662014478e+00
1.200000000000000927e-01,5.012999832350583663e-08,4.999999906537179406e+00,3.137282226936667584e+00,1.868893565661720046e+00
1.220000000000000945e-01,5.012999832356169449e-08,4.999999906546579886e+00,3.137282226980635080e+00,1.868893565662313794e+00
1.240000000000000963e-01,5.012999832361754572e-08,4.999999906555980367e+00,3.137282226985239397e+00,1.868893565662424372e+00
1.260000000000000842e-01,5.012999832367338372e-08,4.999999906565379071e+00,3.137282226993111767e+00,1.868893565662524958e+00
1.280000000000000859e-01,5.012999832372924819e-08,4.999999906574780439e+00,3.137282226994902334e+00,1.868893565662553602e+00
1.300000000000000877e-01,5.012999832378508619e-08,4.999999906584180920e+00,3.137282226996209733e+00,1.868893565662570033e+00
1.320000000000000895e-01,5.012999832384093742e-08,4.999999906593580512e+00,3.137282226997943457e+00,1.868893565662595124e+00
1.340000000000000913e-01,5.012999832389679528e-08,4.999999906602980992e+00,3.137282227018634018e+00,1.868893565662889111e+00
1.360000000000000930e-01,5.012999832395264651e-08,4.999999906612380585e+00,3.137282227058594053e+00,1.868893565663109602e+00
1.380000000000000948e-01,5.012999832400848451e-08,4.999999906621780177e+00,3.137282227077323515e+00,1.868893565663379830e+00
1.400000000000000966e-01,5.012999832406432913e-08,4.999999906631179769e+00,3.137282227128140644e+00,1.868893565664109913e+00
1.420000000000000984e-01,5.012999832412018698e-08,4.999999906640580249e+00,3.137282227103186827e+00,1.868893565663793277e+00
1.440000000000001001e-01,5.012999832417603822e-08,4.999999906649979842e+00,3.137282227094404519e+00,1.868893565663626744e+00
1.460000000000001019e-01,5.012999832423188945e-08,4.999999906659379434e+00,3.137282227111429123e+00,1.868893565663867884e+00
1.480000000000001037e-01,5.012999832428774069e-08,4.999999906668779914e+00,3.137282227095171905e+00,1.868893565663657164e+00
1.500000000000001055e-01,5.012999832434357869e-08,4.999999906678179507e+00,3.137282227108928012e+00,1.868893565663831691e+00
1.520000000000001072e-01,5.012999832439942992e-08,4.999999906687579099e+00,3.137282227151701797e+00,1.868893565664456080e+00
1.540000000000001090e-01,5.012999832445529439e-08,4.999999906696980467e+00,3.137282227160966830e+00,1.868893565664620615e+00
1.560000000000001108e-01,5.012999832451114563e-08,4.999999906706379171e+00,3.137282227164405857e+00,1.868893565664660583e+00
1.580000000000001126e-01,5.012999832456698363e-08,4.999999906715779652e+00,3.137282227178360472e+00,1.868893565664855094e+00
1.600000000000001144e-01,5.012999832462284148e-08,4.999999906725180132e+00,3.137282227176854121e+00,1.868893565664845990e+00
1.620000000000001161e-01,5.012999832467867948e-08,4.999999906734578836e+00,3.137282227189956529e+00,1.868893565665025625e+00
1.640000000000001179e-01,5.012999832473451748e-08,4.999999906743978428e+00,3.137282227178900484e+00,1.868893565664879963e+00
1.660000000000001197e-01,5.012999832479037533e-08,4.999999906753379797e+00,3.137282227219883701e+00,1.868893565665446621e+00
1.680000000000001215e-01,5.012999832484623318e-08,4.999999906762779389e+00,3.137282227202802698e+00,1.868893565665244560e+00
1.700000000000001232e-01,5.012999832490208442e-08,4.999999906772180758e+00,3.137282227259275746e+00,1.868893565666015055e+00
1.720000000000001250e-01,5.012999832495792904e-08,4.999999906781580350e+00,3.137282227236169341e+00,1.868893565665741274e+00
1.740000000000001268e-01,5.012999832501375380e-08,4.999999906790979054e+00,3.137282227221048991e+00,1.868893565665485923e+00
1.760000000000001286e-01,5.012999832506962489e-08,4.999999906800380423e+00,3.137282227257854661e+00,1.868893565666001066e+00
1.780000000000001303e-01,5.012999832512547612e-08,4.999999906809780015e+00,3.137282227265300705e+00,1.868893565666146284e+00
1.800000000000001321e-01,5.012999832518132074e-08,4.999999906819178719e+00,3.137282227276925184e+00,1.868893565666304157e+00
1.820000000000001339e-01,5.012999832523717859e-08,4.999999906828580087e+00,3.137282227311342986e+00,1.868893565666798207e+00
1.840000000000001357e-01,5.012999832529300998e-08,4.999999906837979680e+00,3.137282227261378509e+00,1.868893565666115864e+00
1.860000000000001374e-01,5.012999832534887445e-08,4.999999906847380160e+00,3.137282227290538739e+00,1.868893565666471579e+00
1.880000000000001392e-01,5.012999832540472568e-08,4.999999906856780640e+00,3.137282227297729431e+00,1.868893565666616352e+00
1.900000000000001410e-01,5.012999832546057030e-08,4.999999906866180233e+00,3.137282227328594519e+00,1.868893565667053114e+00
1.920000000000001428e-01,5.012999832551642153e-08,4.999999906875580713e+00,3.137282227322569117e+00,1.868893565666989831e+00
1.940000000000001446e-01,5.012999832557227277e-08,4.999999906884980305e+00,3.137282227314668326e+00,1.868893565666860379e+00
1.960000000000001463e-01,5.012999832562813062e-08,4.999999906894379897e+00,3.137282227347323982e+00,1.868893565667318013e+00
1.980000000000001481e-01,5.012999832568395539e-08,4.999999906903780378e+00,3.137282227359147413e+00,1.868893565667518075e+00
2.000000000000001499e-01,5.012999832573981986e-08,4.999999906913179970e+00,3.137282227346158692e+00,1.868893565667331780e+00
2.020000000000001517e-01,5.012999832579567109e-08,4.999999906922579562e+00,3.137282227345192354e+00,1.868893565667299361e+00
2.040000000000001534e-01,5.012999832585152233e-08,4.999999906931980043e+00,3.137282227367161891e+00,1.868893565667615997e+00
2.060000000000001552e-01,5.012999832590737356e-08,4.999999906941380523e+00,3.137282227380520094e+00,1.868893565667826495e+00
2.080000000000001570e-01,5.012999832596322480e-08,4.999999906950780115e+00,3.137282227390154610e+00,1.868893565667966161e+00
2.100000000000001588e-01,5.012999832601905618e-08,4.999999906960180596e+00,3.137282227378701105e+00,1.868893565667805401e+00
2.120000000000001605e-01,5.012999832607490080e-08,4.999999906969579300e+00,3.137282227401551715e+00,1.868893565668116041e+00
2.140000000000001623e-01,5.012999832613076527e-08,4.999999906978979780e+00,3.137282227413232594e+00,1.868893565668306112e+00
2.160000000000001641e-01,5.012999832618661650e-08,4.999999906988380260e+00,3.137282227450009398e+00,1.868893565668829915e+00
2.180000000000001659e-01,5.012999832624245450e-08,4.999999906997778965e+00,3.137282227416927416e+00,1.868893565668386936e+00
2.200000000000001676e-01,5.012999832629832559e-08,4.999999907007179445e+00,3.137282227440801208e+00,1.868893565668682699e+00
2.220000000000001694e-01,5.012999832635414374e-08,4.999999907016579037e+00,3.137282227466493989e+00,1.868893565669078383e+00
2.240000000000001712e-01,5.012999832641000159e-08,4.999999907025979518e+00,3.137282227472916851e+00,1.868893565669185186e+00
2.260000000000001730e-01,5.012999832646584621e-08,4.999999907035379998e+00,3.137282227470557849e+00,1.868893565669146328e+00
2.280000000000001747e-01,5.012999832652169744e-08,4.999999907044779590e+00,3.137282227459075923e+00,1.868893565668977796e+00
2.300000000000001765e-01,5.012999832657756853e-08,4.999999907054180071e+00,3.137282227476128504e+00,1.868893565669210721e+00
2.320000000000001783e-01,5.012999832663339329e-08,4.999999907063579663e+00,3.137282227495653775e+00,1.868893565669507373e+00
2.340000000000001801e-01,5.012999832668924453e-08,4.999999907072980143e+00,3.137282227491561049e+00,1.868893565669460743e+00
2.360000000000001819e-01,5.012999832674509576e-08,4.999999907082379735e+00,3.137282227531748457e+00,1.868893565670017409e+00
2.380000000000001836e-01,5.012999832680094038e-08,4.999999907091779328e+00,3.137282227510148847e+00,1.868893565669748069e+00
2.400000000000001854e-01,5.012999832685680485e-08,4.999999907101180696e+00,3.137282227526803524e+00,1.868893565669950352e+00
2.420000000000001872e-01,5.012999832691264947e-08,4.999999907110579400e+00,3.137282227540246549e+00,1.868893565670162626e+00
2.440000000000001890e-01,5.012999832696850070e-08,4.999999907119979881e+00,3.137282227560198145e+00,1.868893565670452395e+00
2.460000000000001907e-01,5.012999832702435194e-08,4.999999907129381249e+00,3.137282227557867564e+00,1.868893565670431522e+00
2.480000000000001925e-01,5.012999832708020317e-08,4.999999907138779953e+00,3.137282227582508742e+00,1.868893565670769474e+00
2.500000000000001665e-01,5.012999832713604779e-08,4.999999907148179545e+00,3.137282227575033833e+00,1.868893565670685986e+00
2.520000000000001683e-01,5.012999832719190564e-08,4.999999907157580914e+00,3.137282227595752815e+00,1.868893565670963541e+00
2.540000000000001701e-01,5.012999832724775026e-08,4.999999907166979618e+00,3.137282227601152940e+00,1.868893565671060131e+00
2.560000000000001719e-01,5.012999832730359488e-08,4.999999907176379210e+00,3.137282227608599428e+00,1.868893565671163604e+00
2.580000000000001736e-01,5.012999832735944611e-08,4.999999907185780579e+00,3.137282227646200461e+00,1.868893565671700063e+00
2.600000000000001754e-01,5.012999832741529073e-08,4.999999907195179283e+00,3.137282227620962427e+00,1.868893565671372103e+00
2.620000000000001772e-01,5.012999832747114197e-08,4.999999907204579763e+00,3.137282227636537080e+00,1.868893565671556622e+00
2.640000000000001790e-01,5.012999832752699320e-08,4.999999907213981132e+00,3.137282227629119458e+00,1.868893565671474022e+00
2.660000000000001807e-01,5.012999832758284444e-08,4.999999907223379836e+00,3.137282227658307665e+00,1.868893565671875923e+00
2.680000000000001825e-01,5.012999832763869567e-08,4.999999907232780316e+00,3.137282227627954168e+00,1.868893565671474466e+00
2.700000000000001843e-01,5.012999832769455352e-08,4.999999907242179908e+00,3.137282227680362467e+00,1.868893565672178791e+00
2.720000000000001861e-01,5.012999832775039814e-08,4.999999907251579501e+00,3.137282227690395331e+00,1.868893565672378410e+00
2.740000000000001878e-01,5.012999832780623614e-08,4.999999907260979093e+00,3.137282227656971845e+00,1.868893565671895240e+00
2.760000000000001896e-01,5.012999832786208738e-08,4.999999907270379573e+00,3.137282227680902480e+00,1.868893565672197665e+00
2.780000000000001914e-01,5.012999832791794523e-08,4.999999907279780054e+00,3.137282227673655388e+00,1.868893565672129053e+00
2.800000000000001932e-01,5.012999832797379646e-08,4.999999907289178758e+00,3.137282227717622884e+00,1.868893565672738788e+00
2.820000000000001950e-01,5.012999832802963446e-08,4.999999907298580126e+00,3.137282227715405991e+00,1.868893565672748114e+00
2.840000000000001967e-01,5.012999832808548570e-08,4.999999907307979718e+00,3.137282227734050188e+00,1.868893565672994361e+00
2.860000000000001985e-01,5.012999832814133032e-08,4.999999907317380199e+00,3.137282227729872197e+00,1.868893565672950174e+00
2.880000000000002003e-01,5.012999832819718817e-08,4.999999907326780679e+00,3.137282227763636300e+00,1.868893565673418466e+00
2.900000000000002021e-01,5.012999832825303940e-08,4.999999907336180271e+00,3.137282227748203756e+00,1.868893565673230173e+00
2.920000000000002038e-01,5.012999832830887740e-08,4.999999907345578976e+00,3.137282227739421891e+00,1.868893565673079182e+00
2.940000000000002056e-01,5.012999832836474187e-08,4.999999907354980344e+00,3.137282227802033585e+00,1.868893565673964252e+00
2.960000000000002074e-01,5.012999832842057987e-08,4.999999907364379048e+00,3.137282227798452450e+00,1.868893565673608981e+00
2.980000000000002092e-01,5.012999832847644434e-08,4.999999907373779529e+00,3.137282227783076305e+00,1.868893565673704682e+00
3.000000000000002109e-01,5.012999832853229558e-08,4.999999907383180897e+00,3.137282227795723966e+00,1.868893565673901636e+00
3.020000000000002127e-01,5.012999832858812034e-08,4.999999907392580489e+00,3.137282227801124090e+00,1.868893565673987567e+00
3.040000000000002145e-01,5.012999832864397820e-08,4.999999907401979193e+00,3.137282227806580615e+00,1.868893565674064838e+00
3.060000000000002163e-01,5.012999832869984267e-08,4.999999907411380562e+00,3.137282227830283876e+00,1.868893565674402790e+00
3.080000000000002180e-01,5.012999832875567405e-08,4.999999907420779266e+00,3.137282227854839789e+00,1.868893565674405233e+00
3.100000000000002198e-01,5.012999832881152528e-08,4.999999907430178858e+00,3.137282227834717663e+00,1.868893565674474289e+00
3.120000000000002216e-01,5.012999832886736328e-08,4.999999907439580227e+00,3.137282227828891212e+00,1.868893565674396129e+00
3.140000000000002234e-01,5.012999832892322775e-08,4.999999907448978931e+00,3.137282227855578753e+00,1.868893565674767165e+00
3.160000000000002252e-01,5.012999832897909222e-08,4.999999907458380299e+00,3.137282227904264253e+00,1.868893565675118884e+00
3.180000000000002269e-01,5.012999832903491699e-08,4.999999907467779892e+00,3.137282227916627253e+00,1.868893565675304735e+00
3.200000000000002287e-01,5.012999832909078808e-08,4.999999907477179484e+00,3.137282227936550427e+00,1.868893565675587842e+00
3.220000000000002305e-01,5.012999832914663931e-08,4.999999907486579964e+00,3.137282227926745382e+00,1.868893565675460167e+00
3.240000000000002323e-01,5.012999832920246408e-08,4.999999907495980445e+00,3.137282227941666335e+00,1.868893565675656010e+00
3.260000000000002340e-01,5.012999832925832855e-08,4.999999907505379149e+00,3.137282227959116820e+00,1.868893565675918689e+00
3.280000000000002358e-01,5.012999832931417316e-08,4.999999907514780517e+00,3.137282227947890689e+00,1.868893565675771251e+00
3.300000000000002376e-01,5.012999832937002440e-08,4.999999907524180109e+00,3.137282227982393756e+00,1.868893565676242430e+00
3.320000000000002394e-01,5.012999832942587563e-08,4.999999907533580590e+00,3.137282227975600968e+00,1.868893565676180257e+00
3.340000000000002411e-01,5.012999832948171363e-08,4.999999907542979294e+00,3.137282227964119041e+00,1.868893565676000179e+00
3.360000000000002429e-01,5.012999832953755825e-08,4.999999907552379774e+00,3.137282227987822303e+00,1.868893565676326585e+00
3.380000000000002447e-01,5.012999832959340949e-08,4.999999907561780255e+00,3.137282228002657991e+00,1.868893565676563062e+00
3.400000000000002465e-01,5.012999832964928057e-08,4.999999907571180735e+00,3.137282228027697073e+00,1.868893565676922108e+00
3.420000000000002482e-01,5.012999832970511195e-08,4.999999907580579439e+00,3.137282228009024454e+00,1.868893565676672308e+00
3.440000000000002500e-01,5.012999832976097642e-08,4.999999907589979031e+00,3.137282228029089737e+00,1.868893565676930546e+00
3.460000000000002518e-01,5.012999832981680781e-08,4.999999907599379512e+00,3.137282228031448739e+00,1.868893565676987834e+00
3.480000000000002536e-01,5.012999832987265904e-08,4.999999907608779992e+00,3.137282228037303167e+00,1.868893565677066215e+00
3.500000000000002554e-01,5.012999832992853013e-08,4.999999907618179584e+00,3.137282228073256185e+00,1.868893565677579360e+00
3.520000000000002571e-01,5.012999832998436151e-08,4.999999907627580065e+00,3.137282228031846643e+00,1.868893565677022695e+00
3.540000000000002589e-01,5.012999833004020613e-08,4.999999907636980545e+00,3.137282228083743352e+00,1.868893565677706592e+00
3.560000000000002607e-01,5.012999833009605075e-08,4.999999907646378361e+00,3.137282228100739090e+00,1.868893565678007684e+00
3.580000000000002625e-01,5.012999833015192183e-08,4.999999907655779730e+00,3.137282228100142234e+00,1.868893565677997248e+00
3.600000000000002642e-01,5.012999833020775322e-08,4.999999907665180210e+00,3.137282228112363569e+00,1.868893565678160229e+00
3.620000000000002660e-01,5.012999833026362430e-08,4.999999907674579802e+00,3.137282228126687667e+00,1.868893565678374502e+00
3.640000000000002678e-01,5.012999833031945569e-08,4.999999907683979394e+00,3.137282228101875958e+00,1.868893565678030111e+00
3.660000000000002696e-01,5.012999833037530692e-08,4.999999907693379875e+00,3.137282228111539339e+00,1.868893565678140023e+00
3.680000000000002713e-01,5.012999833043115816e-08,4.999999907702778579e+00,3.137282228126346606e+00,1.868893565678367175e+00
3.700000000000002731e-01,5.012999833048700939e-08,4.999999907712179947e+00,3.137282228148316143e+00,1.868893565678689805e+00
3.720000000000002749e-01,5.012999833054286063e-08,4.999999907721579540e+00,3.137282228164686604e+00,1.868893565678936053e+00
3.740000000000002767e-01,5.012999833059871186e-08,4.999999907730979132e+00,3.137282228160451769e+00,1.868893565678880986e+00
3.760000000000002784e-01,5.012999833065455648e-08,4.999999907740380500e+00,3.137282228167159293e+00,1.868893565678965585e+00
3.780000000000002802e-01,5.012999833071039448e-08,4.999999907749780093e+00,3.137282228185434008e+00,1.868893565679230040e+00
3.800000000000002820e-01,5.012999833076623910e-08,4.999999907759177908e+00,3.137282228184382404e+00,1.868893565679230484e+00
3.820000000000002838e-01,5.012999833082209695e-08,4.999999907768578389e+00,3.137282228207460388e+00,1.868893565679549340e+00
3.840000000000002855e-01,5.012999833087794157e-08,4.999999907777978869e+00,3.137282228196518474e+00,1.868893565679413893e+00
3.860000000000002873e-01,5.012999833093379942e-08,4.999999907787378461e+00,3.137282228205584556e+00,1.868893565679524471e+00
3.880000000000002891e-01,5.012999833098963742e-08,4.999999907796778054e+00,3.137282228218175373e+00,1.868893565679713875e+00
3.900000000000002909e-01,5.012999833104548865e-08,4.999999907806177646e+00,3.137282228239974380e+00,1.868893565680031621e+00
3.920000000000002927e-01,5.012999833110133989e-08,4.999999907815578126e+00,3.137282228241991877e+00,1.868893565680074254e+00
3.940000000000002944e-01,5.012999833115719774e-08,4.999999907824977718e+00,3.137282228269759443e+00,1.868893565680460611e+00
3.960000000000002962e-01,5.012999833121304236e-08,4.999999907834378199e+00,3.137282228266917272e+00,1.868893565680443514e+00
3.980000000000002980e-01,5.012999833126889359e-08,4.999999907843778679e+00,3.137282228267087802e+00,1.868893565680433300e+00
4.000000000000002998e-01,5.012999833132473821e-08,4.999999907853178271e+00,3.137282228285703578e+00,1.868893565680697311e+00
4.020000000000003015e-01,5.012999833138058945e-08,4.999999907862577864e+00,3.137282228299175468e+00,1.868893565680904922e+00
4.040000000000003033e-01,5.012999833143643406e-08,4.999999907871978344e+00,3.137282228303239773e+00,1.868893565680967983e+00
4.060000000000003051e-01,5.012999833149227206e-08,4.999999907881377936e+00,3.137282228305854126e+00,1.868893565681001734e+00
4.080000000000003069e-01,5.012999833154814315e-08,4.999999907890779305e+00,3.137282228306649934e+00,1.868893565681013724e+00
4.100000000000003086e-01,5.012999833160399439e-08,4.999999907900178009e+00,3.137282228322111344e+00,1.868893565681232438e+00
4.120000000000003104e-01,5.012999833165984562e-08,4.999999907909577601e+00,3.137282228325407818e+00,1.868893565681292834e+00
4.140000000000003122e-01,5.012999833171567700e-08,4.999999907918979858e+00,3.137282228348883706e+00,1.868893565681623015e+00
4.160000000000003140e-01,5.012999833177152824e-08,4.999999907928378562e+00,3.137282228364572489e+00,1.868893565681864377e+00
4.180000000000003157e-01,5.012999833182738609e-08,4.999999907937778154e+00,3.137282228363520886e+00,1.868893565681854607e+00
4.200000000000003175e-01,5.012999833188324394e-08,4.999999907947179523e+00,3.137282228367357373e+00,1.868893565681900348e+00
4.220000000000003193e-01,5.012999833193909518e-08,4.999999907956578227e+00,3.137282228381625071e+00,1.868893565682105518e+00
4.240000000000003211e-01,5.012999833199494641e-08,4.999999907965979595e+00,3.137282228369290049e+00,1.868893565681941871e+00
4.260000000000003229e-01,5.012999833205079103e-08,4.999999907975379188e+00,3.137282228389667971e+00,1.868893565682214097e+00
4.280000000000003246e-01,5.012999833210661580e-08,4.999999907984777892e+00,3.137282228393277528e+00,1.868893565682288482e+00
4.300000000000003264e-01,5.012999833216247365e-08,4.999999907994178372e+00,3.137282228381397697e+00,1.868893565682115732e+00
4.320000000000003282e-01,5.012999833221831827e-08,4.999999908003578852e+00,3.137282228426985231e+00,1.868893565682748781e+00
4.340000000000003300e-01,5.012999833227416950e-08,4.999999908012978445e+00,3.137282228420334551e+00,1.868893565682699709e+00
4.360000000000003317e-01,5.012999833233003397e-08,4.999999908022379813e+00,3.137282228421528263e+00,1.868893565682694824e+00
4.380000000000003335e-01,5.012999833238588521e-08,4.999999908031779405e+00,3.137282228425194663e+00,1.868893565682748115e+00
4.400000000000003353e-01,5.012999833244172321e-08,4.999999908041178109e+00,3.137282228457651367e+00,1.868893565683211522e+00
4.420000000000003371e-01,5.012999833249759429e-08,4.999999908050579478e+00,3.137282228496076630e+00,1.868893565683784175e+00
4.440000000000003388e-01,5.012999833255342568e-08,4.999999908059979070e+00,3.137282228437785037e+00,1.868893565682978819e+00
4.460000000000003406e-01,5.012999833260927691e-08,4.999999908069379551e+00,3.137282228446339971e+00,1.868893565683031444e+00
4.480000000000003424e-01,5.012999833266510829e-08,4.999999908078779143e+00,3.137282228496730330e+00,1.868893565683774849e+00
4.500000000000003442e-01,5.012999833272096615e-08,4.999999908088178735e+00,3.137282228489085334e+00,1.868893565683711566e+00
4.520000000000003459e-01,5.012999833277683723e-08,4.999999908097580104e+00,3.137282228512560778e+00,1.868893565684016433e+00
4.540000000000003477e-01,5.012999833283268185e-08,4.999999908106979696e+00,3.137282228502272563e+00,1.868893565683891644e+00
4.560000000000003495e-01,5.012999833288853309e-08,4.999999908116379288e+00,3.137282228519268301e+00,1.868893565684116354e+00
4.580000000000003513e-01,5.012999833294438432e-08,4.999999908125779768e+00,3.137282228527141115e+00,1.868893565684245139e+00
4.600000000000003531e-01,5.012999833300023556e-08,4.999999908135179361e+00,3.137282228520831495e+00,1.868893565684157654e+00
4.620000000000003548e-01,5.012999833305608679e-08,4.999999908144579841e+00,3.137282228541124152e+00,1.868893565684435654e+00
4.640000000000003566e-01,5.012999833311193803e-08,4.999999908153979433e+00,3.137282228556158792e+00,1.868893565684670355e+00
4.660000000000003584e-01,5.012999833316776941e-08,4.999999908163379025e+00,3.137282228574519216e+00,1.868893565684935476e+00
4.680000000000003602e-01,5.012999833322362064e-08,4.999999908172780394e+00,3.137282228582732646e+00,1.868893565685061153e+00
4.700000000000003619e-01,5.012999833327946526e-08,4.999999908182178210e+00,3.137282228570142273e+00,1.868893565684882851e+00
4.720000000000003637e-01,5.012999833333533635e-08,4.999999908191579578e+00,3.137282228594300282e+00,1.868893565685211033e+00
4.740000000000003655e-01,5.012999833339118097e-08,4.999999908200980059e+00,3.137282228606265377e+00,1.868893565685406877e+00
4.760000000000003673e-01,5.012999833344701897e-08,4.999999908210379651e+00,3.137282228585859034e+00,1.868893565685118441e+00
4.780000000000003690e-01,5.012999833350286358e-08,4.999999908219779243e+00,3.137282228617491509e+00,1.868893565685542768e+00
4.800000000000003708e-01,5.012999833355872144e-08,4.999999908229179724e+00,3.137282228617093605e+00,1.868893565685573188e+00
4.820000000000003726e-01,5.012999833361454620e-08,4.999999908238578428e+00,3.137282228625591696e+00,1.868893565685683322e+00
4.840000000000003744e-01,5.012999833367041067e-08,4.999999908247978908e+00,3.137282228658304195e+00,1.868893565686152503e+00
4.860000000000003761e-01,5.012999833372626852e-08,4.999999908257379388e+00,3.137282228705682297e+00,1.868893565686485347e+00
4.880000000000003779e-01,5.012999833378211314e-08,4.999999908266779869e+00,3.137282228676266715e+00,1.868893565686075009e+00
4.900000000000003797e-01,5.012999833383796438e-08,4.999999908276179461e+00,3.137282228666461226e+00,1.868893565686264857e+00
4.920000000000003815e-01,5.012999833389381561e-08,4.999999908285579053e+00,3.137282228719211030e+00,1.868893565686672975e+00
4.940000000000003832e-01,5.012999833394966023e-08,4.999999908294979534e+00,3.137282228709092902e+00,1.868893565686549296e+00
4.960000000000003850e-01,5.012999833400549823e-08,4.999999908304379126e+00,3.137282228705795983e+00,1.868893565686845504e+00
4.980000000000003868e-01,5.012999833406136270e-08,4.999999908313779606e+00,3.137282228719012078e+00,1.868893565686691627e+00
5.000000000000003331e-01,5.012999833411720732e-08,4.999999908323180087e+00,3.137282228764030734e+00,1.868893565687310909e+00
5.020000000000003348e-01,5.012999833417306517e-08,4.999999908332578791e+00,3.137282228782703797e+00,1.868893565687619551e+00
5.040000000000003366e-01,5.012999833422890317e-08,4.999999908341978383e+00,3.137282228791542504e+00,1.868893565687744340e+00
5.060000000000003384e-01,5.012999833428475440e-08,4.999999908351379752e+00,3.137282228781879567e+00,1.868893565687605784e+00
5.080000000000003402e-01,5.012999833434061226e-08,4.999999908360779344e+00,3.137282228803621731e+00,1.868893565687900882e+00
5.100000000000003419e-01,5.012999833439645687e-08,4.999999908370179824e+00,3.137282228815814200e+00,1.868893565688096503e+00
5.120000000000003437e-01,5.012999833445231473e-08,4.999999908379580305e+00,3.137282228804957107e+00,1.868893565687946179e+00
5.140000000000003455e-01,5.012999833450814611e-08,4.999999908388979009e+00,3.137282228815501561e+00,1.868893565688080738e+00
5.160000000000003473e-01,5.012999833456401058e-08,4.999999908398378601e+00,3.137282228817917407e+00,1.868893565688127145e+00
5.180000000000003491e-01,5.012999833461984196e-08,4.999999908407779969e+00,3.137282228833634168e+00,1.868893565688350300e+00
5.200000000000003508e-01,5.012999833467569981e-08,4.999999908417178673e+00,3.137282228838693232e+00,1.868893565688434677e+00
5.220000000000003526e-01,5.012999833473156428e-08,4.999999908426580042e+00,3.137282228870695189e+00,1.868893565688886094e+00
5.240000000000003544e-01,5.012999833478739567e-08,4.999999908435979634e+00,3.137282228851823618e+00,1.868893565688644731e+00
5.260000000000003562e-01,5.012999833484324690e-08,4.999999908445378338e+00,3.137282228844121779e+00,1.868893565688505731e+00
5.280000000000003579e-01,5.012999833489911137e-08,4.999999908454780595e+00,3.137282228878141677e+00,1.868893565688987346e+00
5.300000000000003597e-01,5.012999833495496261e-08,4.999999908464180187e+00,3.137282228902271264e+00,1.868893565689363712e+00
5.320000000000003615e-01,5.012999833501079399e-08,4.999999908473578891e+00,3.137282228900054371e+00,1.868893565689341285e+00
5.340000000000003633e-01,5.012999833506665184e-08,4.999999908482979372e+00,3.137282228908637727e+00,1.868893565689450087e+00
5.360000000000003650e-01,5.012999833512250307e-08,4.999999908492379852e+00,3.137282228927026129e+00,1.868893565689718539e+00
5.380000000000003668e-01,5.012999833517835431e-08,4.999999908501779444e+00,3.137282228915117432e+00,1.868893565689563552e+00
5.400000000000003686e-01,5.012999833523420554e-08,4.999999908511179925e+00,3.137282228926116634e+00,1.868893565689700997e+00
5.420000000000003704e-01,5.012999833529005016e-08,4.999999908520578629e+00,3.137282228926628225e+00,1.868893565689721425e+00
5.440000000000003721e-01,5.012999833534590140e-08,4.999999908529979109e+00,3.137282228956413288e+00,1.868893565690141312e+00
5.460000000000003739e-01,5.012999833540173940e-08,4.999999908539379589e+00,3.137282228962637642e+00,1.868893565690254555e+00
5.480000000000003757e-01,5.012999833545759725e-08,4.999999908548780070e+00,3.137282228972329001e+00,1.868893565690386671e+00
5.500000000000003775e-01,5.012999833551344187e-08,4.999999908558179662e+00,3.137282228986795651e+00,1.868893565690596059e+00
5.520000000000003793e-01,5.012999833556929310e-08,4.999999908567580142e+00,3.137282228986198795e+00,1.868893565690597169e+00
5.540000000000003810e-01,5.012999833562514434e-08,4.999999908576978846e+00,3.137282228973551135e+00,1.868893565690411318e+00
5.560000000000003828e-01,5.012999833568099557e-08,4.999999908586378439e+00,3.137282229010101009e+00,1.868893565690917802e+00
5.580000000000003846e-01,5.012999833573683357e-08,4.999999908595778919e+00,3.137282229003734546e+00,1.868893565690865843e+00
5.600000000000003864e-01,5.012999833579269804e-08,4.999999908605179400e+00,3.137282229007372525e+00,1.868893565690898706e+00
5.620000000000003881e-01,5.012999833584854928e-08,4.999999908614578992e+00,3.137282229046849391e+00,1.868893565691461589e+00
5.640000000000003899e-01,5.012999833590439389e-08,4.999999908623979472e+00,3.137282229023771407e+00,1.868893565691168268e+00
5.660000000000003917e-01,5.012999833596024513e-08,4.999999908633379953e+00,3.137282229032155811e+00,1.868893565691251757e+00
5.680000000000003935e-01,5.012999833601609636e-08,4.999999908642778657e+00,3.137282229055688099e+00,1.868893565691600811e+00
5.700000000000003952e-01,5.012999833607192775e-08,4.999999908652179137e+00,3.137282229060207150e+00,1.868893565691682523e+00
5.720000000000003970e-01,5.012999833612779883e-08,4.999999908661579617e+00,3.137282229060093464e+00,1.868893565691676306e+00
5.740000000000003988e-01,5.012999833618363022e-08,4.999999908670979210e+00,3.137282229085843088e+00,1.868893565692038239e+00
5.760000000000004006e-01,5.012999833623948145e-08,4.999999908680377914e+00,3.137282229091584274e+00,1.868893565692142600e+00
5.780000000000004023e-01,5.012999833629533269e-08,4.999999908689779282e+00,3.137282229091840069e+00,1.868893565692141934e+00
5.800000000000004041e-01,5.012999833635119054e-08,4.999999908699177986e+00,3.137282229107727360e+00,1.868893565692363756e+00
5.820000000000004059e-01,5.012999833640704177e-08,4.999999908708579355e+00,3.137282229102668296e+00,1.868893565692305803e+00
5.840000000000004077e-01,5.012999833646287977e-08,4.999999908717979835e+00,3.137282229120829324e+00,1.868893565692552716e+00
5.860000000000004095e-01,5.012999833651872439e-08,4.999999908727378539e+00,3.137282229137427603e+00,1.868893565692806291e+00
5.880000000000004112e-01,5.012999833657457563e-08,4.999999908736779908e+00,3.137282229130919031e+00,1.868893565692722136e+00
5.900000000000004130e-01,5.012999833663040701e-08,4.999999908746179500e+00,3.137282229164484182e+00,1.868893565693184655e+00
5.920000000000004148e-01,5.012999833668625824e-08,4.999999908755578204e+00,3.137282229167923209e+00,1.868893565693264591e+00
5.940000000000004166e-01,5.012999833674212271e-08,4.999999908764979573e+00,3.137282229144020995e+00,1.868893565692917536e+00
5.960000000000004183e-01,5.012999833679797395e-08,4.999999908774379165e+00,3.137282229186226346e+00,1.868893565693490855e+00
5.980000000000004201e-01,5.012999833685381195e-08,4.999999908783777869e+00,3.137282229184407356e+00,1.868893565693512393e+00
6.000000000000004219e-01,5.012999833690967642e-08,4.999999908793179237e+00,3.137282229175057058e+00,1.868893565693363401e+00
6.020000000000004237e-01,5.012999833696551442e-08,4.999999908802578830e+00,3.137282229204842121e+00,1.868893565693775516e+00
6.040000000000004254e-01,5.012999833702137889e-08,4.999999908811980198e+00,3.137282229221951546e+00,1.868893565694048631e+00
6.060000000000004272e-01,5.012999833707721689e-08,4.999999908821378902e+00,3.137282229231217023e+00,1.868893565694184522e+00
6.080000000000004290e-01,5.012999833713307474e-08,4.999999908830779383e+00,3.137282229230904385e+00,1.868893565694180303e+00
6.100000000000004308e-01,5.012999833718893259e-08,4.999999908840178975e+00,3.137282229229369612e+00,1.868893565694153214e+00
6.120000000000004325e-01,5.012999833724477721e-08,4.999999908849579455e+00,3.137282229259581445e+00,1.868893565694580650e+00
6.140000000000004343e-01,5.012999833730061521e-08,4.999999908858979936e+00,3.137282229229710673e+00,1.868893565694183856e+00
6.160000000000004361e-01,5.012999833735646645e-08,4.999999908868379528e+00,3.137282229264611644e+00,1.868893565694641712e+00
6.180000000000004379e-01,5.012999833741232430e-08,4.999999908877779120e+00,3.137282229250259125e+00,1.868893565694479397e+00
6.200000000000004396e-01,5.012999833746817553e-08,4.999999908887179600e+00,3.137282229284932722e+00,1.868893565694947023e+00
6.220000000000004414e-01,5.012999833752402677e-08,4.999999908896580081e+00,3.137282229286296964e+00,1.868893565694999870e+00
6.240000000000004432e-01,5.012999833757987800e-08,4.999999908905979673e+00,3.137282229303719472e+00,1.868893565695236791e+00
6.260000000000004450e-01,5.012999833763572262e-08,4.999999908915381042e+00,3.137282229313552939e+00,1.868893565695388892e+00
6.280000000000004468e-01,5.012999833769157386e-08,4.999999908924779746e+00,3.137282229329354966e+00,1.868893565695614933e+00
6.300000000000004485e-01,5.012999833774741186e-08,4.999999908934179338e+00,3.137282229326825433e+00,1.868893565695588510e+00
6.320000000000004503e-01,5.012999833780327633e-08,4.999999908943580706e+00,3.137282229356156193e+00,1.868893565695994852e+00
6.340000000000004521e-01,5.012999833785912756e-08,4.999999908952978522e+00,3.137282229343651085e+00,1.868893565695845416e+00
6.360000000000004539e-01,5.012999833791495894e-08,4.999999908962379003e+00,3.137282229349136031e+00,1.868893565695901371e+00
6.380000000000004556e-01,5.012999833797080356e-08,4.999999908971778595e+00,3.137282229351011864e+00,1.868893565695935344e+00
6.400000000000004574e-01,5.012999833802664818e-08,4.999999908981178187e+00,3.137282229372583497e+00,1.868893565696242209e+00
6.420000000000004592e-01,5.012999833808250603e-08,4.999999908990579556e+00,3.137282229385316423e+00,1.868893565696440939e+00
6.440000000000004610e-01,5.012999833813836388e-08,4.999999908999979148e+00,3.137282229400038425e+00,1.868893565696652548e+00
6.460000000000004627e-01,5.012999833819420188e-08,4.999999909009378740e+00,3.137282229392591937e+00,1.868893565696553294e+00
6.480000000000004645e-01,5.012999833825006635e-08,4.999999909018779221e+00,3.137282229412287737e+00,1.868893565696820636e+00
6.500000000000004663e-01,5.012999833830590435e-08,4.999999909028178813e+00,3.137282229431130887e+00,1.868893565697107073e+00
6.520000000000004681e-01,5.012999833836174235e-08,4.999999909037577517e+00,3.137282229437383663e+00,1.868893565697206327e+00
6.540000000000004698e-01,5.012999833841759359e-08,4.999999909046978885e+00,3.137282229431187730e+00,1.868893565697115955e+00
6.560000000000004716e-01,5.012999833847345806e-08,4.999999909056378478e+00,3.137282229430761404e+00,1.868893565697100634e+00
6.580000000000004734e-01,5.012999833852930268e-08,4.999999909065777182e+00,3.137282229477713180e+00,1.868893565697768544e+00
6.600000000000004752e-01,5.012999833858516053e-08,4.999999909075179438e+00,3.137282229500819586e+00,1.868893565697773207e+00
6.620000000000004770e-01,5.012999833864100515e-08,4.999999909084579031e+00,3.137282229448638660e+00,1.868893565697378190e+00
6.640000000000004787e-01,5.012999833869684976e-08,4.999999909093977735e+00,3.137282229476633155e+00,1.868893565697750114e+00
6.660000000000004805e-01,5.012999833875270762e-08,4.999999909103379103e+00,3.137282229481521689e+00,1.868893565697854475e+00
6.680000000000004823e-01,5.012999833880853900e-08,4.999999909112778695e+00,3.137282229484733342e+00,1.868893565697895998e+00
6.700000000000004841e-01,5.012999833886441670e-08,4.999999909122179176e+00,3.137282229498204789e+00,1.868893565698086512e+00
6.720000000000004858e-01,5.012999833892024147e-08,4.999999909131578768e+00,3.137282229558400637e+00,1.868893565698586334e+00
6.740000000000004876e-01,5.012999833897609932e-08,4.999999909140978360e+00,3.137282229553967294e+00,1.868893565698548365e+00
6.760000000000004894e-01,5.012999833903193732e-08,4.999999909150378841e+00,3.137282229566614511e+00,1.868893565698709791e+00
6.780000000000004912e-01,5.012999833908780179e-08,4.999999909159779321e+00,3.137282229593273630e+00,1.868893565699099479e+00
6.800000000000004929e-01,5.012999833914366626e-08,4.999999909169178913e+00,3.137282229595007355e+00,1.868893565699143000e+00
6.820000000000004947e-01,5.012999833919950426e-08,4.999999909178579394e+00,3.137282229622746055e+00,1.868893565699527803e+00
6.840000000000004965e-01,5.012999833925534888e-08,4.999999909187978986e+00,3.137282229610240947e+00,1.868893565699372150e+00
6.860000000000004983e-01,5.012999833931118026e-08,4.999999909197378578e+00,3.137282229607228246e+00,1.868893565699308201e+00
6.880000000000005000e-01,5.012999833936703150e-08,4.999999909206779058e+00,3.137282229612997853e+00,1.868893565699390580e+00
6.900000000000005018e-01,5.012999833942288273e-08,4.999999909216178651e+00,3.137282229623598706e+00,1.868893565699548676e+00
6.920000000000005036e-01,5.012999833947874720e-08,4.999999909225579131e+00,3.137282229637610609e+00,1.868893565699755177e+00
6.940000000000005054e-01,5.012999833953458520e-08,4.999999909234978723e+00,3.137282229633318931e+00,1.868893565699702108e+00
6.960000000000005071e-01,5.012999833959043644e-08,4.999999909244378316e+00,3.137282229638605369e+00,1.868893565699766945e+00
6.980000000000005089e-01,5.012999833964628767e-08,4.999999909253779684e+00,3.137282229659807520e+00,1.868893565700073589e+00
7.000000000000005107e-01,5.012999833970213229e-08,4.999999909263178388e+00,3.137282229680242285e+00,1.868893565700380899e+00
7.020000000000005125e-01,5.012999833975797691e-08,4.999999909272577980e+00,3.137282229682288204e+00,1.868893565700419757e+00
7.040000000000005143e-01,5.012999833981384138e-08,4.999999909281979349e+00,3.137282229691127355e+00,1.868893565700537218e+00
7.060000000000005160e-01,5.012999833986967938e-08,4.999999909291378053e+00,3.137282229705224079e+00,1.868893565700744386e+00
7.080000000000005178e-01,5.012999833992552399e-08,4.999999909300778533e+00,3.137282229728131533e+00,1.868893565701077675e+00
7.100000000000005196e-01,5.012999833998137523e-08,4.999999909310178126e+00,3.137282229716166437e+00,1.868893565700923798e+00
7.120000000000005214e-01,5.012999834003722646e-08,4.999999909319578606e+00,3.137282229710766313e+00,1.868893565700825654e+00
7.140000000000005231e-01,5.012999834009307770e-08,4.999999909328978198e+00,3.137282229715370629e+00,1.868893565700890047e+00
7.160000000000005249e-01,5.012999834014892893e-08,4.999999909338380455e+00,3.137282229749219997e+00,1.868893565701377657e+00
7.180000000000005267e-01,5.012999834020478679e-08,4.999999909347779159e+00,3.137282229758343366e+00,1.868893565701535531e+00
7.200000000000005285e-01,5.012999834026063140e-08,4.999999909357180528e+00,3.137282229762919261e+00,1.868893565701595039e+00
7.220000000000005302e-01,5.012999834031650249e-08,4.999999909366580120e+00,3.137282229785655741e+00,1.868893565701916559e+00
7.240000000000005320e-01,5.012999834037233387e-08,4.999999909375978824e+00,3.137282229767579977e+00,1.868893565701678749e+00
7.260000000000005338e-01,5.012999834042818511e-08,4.999999909385380192e+00,3.137282229775140152e+00,1.868893565701760462e+00
7.280000000000005356e-01,5.012999834048403634e-08,4.999999909394779785e+00,3.137282229807738965e+00,1.868893565702236081e+00
7.300000000000005373e-01,5.012999834053988096e-08,4.999999909404178489e+00,3.137282229806971579e+00,1.868893565702251625e+00
7.320000000000005391e-01,5.012999834059572558e-08,4.999999909413579857e+00,3.137282229807170530e+00,1.868893565702241855e+00
7.340000000000005409e-01,5.012999834065157020e-08,4.999999909422979449e+00,3.137282229797820232e+00,1.868893565702107518e+00
7.360000000000005427e-01,5.012999834070743467e-08,4.999999909432379042e+00,3.137282229831015901e+00,1.868893565702570259e+00
7.380000000000005445e-01,5.012999834076328590e-08,4.999999909441779522e+00,3.137282229857731863e+00,1.868893565702982595e+00
7.400000000000005462e-01,5.012999834081912390e-08,4.999999909451180002e+00,3.137282229825957280e+00,1.868893565702543835e+00
7.420000000000005480e-01,5.012999834087497514e-08,4.999999909460578706e+00,3.137282229871231731e+00,1.868893565703144466e+00
7.440000000000005498e-01,5.012999834093082637e-08,4.999999909469980075e+00,3.137282229844914117e+00,1.868893565702822723e+00
7.460000000000005516e-01,5.012999834098667760e-08,4.999999909479379667e+00,3.137282229855486548e+00,1.868893565702934856e+00
7.480000000000005533e-01,5.012999834104252884e-08,4.999999909488778371e+00,3.137282229886039442e+00,1.868893565703385384e+00
7.500000000000005551e-01,5.012999834109838007e-08,4.999999909498178852e+00,3.137282229894849728e+00,1.868893565703534154e+00
7.520000000000005569e-01,5.012999834115422469e-08,4.999999909507579332e+00,3.137282229877058182e+00,1.868893565703277915e+00
7.540000000000005587e-01,5.012999834121007593e-08,4.999999909516978924e+00,3.137282229907468967e+00,1.868893565703687365e+00
7.560000000000005604e-01,5.012999834126592716e-08,4.999999909526380293e+00,3.137282229908691100e+00,1.868893565703739323e+00
7.580000000000005622e-01,5.012999834132176516e-08,4.999999909535778997e+00,3.137282229944700518e+00,1.868893565704240478e+00
7.600000000000005640e-01,5.012999834137761640e-08,4.999999909545178589e+00,3.137282229953056056e+00,1.868893565704388360e+00
7.620000000000005658e-01,5.012999834143346763e-08,4.999999909554579069e+00,3.137282229957063517e+00,1.868893565704438764e+00
7.640000000000005675e-01,5.012999834148931887e-08,4.999999909563978662e+00,3.137282229941488865e+00,1.868893565704217385e+00
7.660000000000005693e-01,5.012999834154517010e-08,4.999999909573378254e+00,3.137282229956438240e+00,1.868893565704414117e+00
7.680000000000005711e-01,5.012999834160102134e-08,4.999999909582778734e+00,3.137282229993698657e+00,1.868893565704960569e+00
7.700000000000005729e-01,5.012999834165687257e-08,4.999999909592178327e+00,3.137282229972325975e+00,1.868893565704685011e+00
7.720000000000005747e-01,5.012999834171271719e-08,4.999999909601578807e+00,3.137282229980113080e+00,1.868893565704762949e+00
7.740000000000005764e-01,5.012999834176857504e-08,4.999999909610977511e+00,3.137282229998160421e+00,1.868893565705032067e+00
7.760000000000005782e-01,5.012999834182441304e-08,4.999999909620379768e+00,3.137282229995090876e+00,1.868893565705003201e+00
7.780000000000005800e-01,5.012999834188026428e-08,4.999999909629778472e+00,3.137282230040252085e+00,1.868893565705632476e+00
7.800000000000005818e-01,5.012999834193610889e-08,4.999999909639178064e+00,3.137282230006686934e+00,1.868893565705197268e+00
7.820000000000005835e-01,5.012999834199196675e-08,4.999999909648578544e+00,3.137282230044685871e+00,1.868893565705690651e+00
7.840000000000005853e-01,5.012999834204781136e-08,4.999999909657979025e+00,3.137282230032692354e+00,1.868893565705562976e+00
7.860000000000005871e-01,5.012999834210365598e-08,4.999999909667377729e+00,3.137282230044657449e+00,1.868893565705710413e+00
7.880000000000005889e-01,5.012999834215951383e-08,4.999999909676779097e+00,3.137282230059720511e+00,1.868893565705937565e+00
7.900000000000005906e-01,5.012999834221537830e-08,4.999999909686179578e+00,3.137282230066200661e+00,1.868893565706038373e+00
7.920000000000005924e-01,5.012999834227120969e-08,4.999999909695578282e+00,3.137282230079274203e+00,1.868893565706223336e+00
7.940000000000005942e-01,5.012999834232704769e-08,4.999999909704979650e+00,3.137282230077086176e+00,1.868893565706200466e+00
7.960000000000005960e-01,5.012999834238288569e-08,4.999999909714379243e+00,3.137282230093371371e+00,1.868893565706424953e+00
7.980000000000005977e-01,5.012999834243875016e-08,4.999999909723777947e+00,3.137282230108832337e+00,1.868893565706658544e+00
8.000000000000005995e-01,5.012999834249460139e-08,4.999999909733179315e+00,3.137282230114687209e+00,1.868893565706749804e+00
8.020000000000006013e-01,5.012999834255045263e-08,4.999999909742578907e+00,3.137282230129210259e+00,1.868893565706954085e+00
8.040000000000006031e-01,5.012999834260630386e-08,4.999999909751977611e+00,3.137282230117358850e+00,1.868893565706796656e+00
8.060000000000006048e-01,5.012999834266215510e-08,4.999999909761378980e+00,3.137282230150213458e+00,1.868893565707245852e+00
8.080000000000006066e-01,5.012999834271799310e-08,4.999999909770778572e+00,3.137282230169198716e+00,1.868893565707548943e+00
8.100000000000006084e-01,5.012999834277383771e-08,4.999999909780178164e+00,3.137282230149446072e+00,1.868893565707272719e+00
8.120000000000006102e-01,5.012999834282970880e-08,4.999999909789579533e+00,3.137282230136088312e+00,1.868893565707056670e+00
8.140000000000006120e-01,5.012999834288554680e-08,4.999999909798979125e+00,3.137282230157517837e+00,1.868893565707356208e+00
8.160000000000006137e-01,5.012999834294141127e-08,4.999999909808379606e+00,3.137282230186194454e+00,1.868893565707788529e+00
8.180000000000006155e-01,5.012999834299726251e-08,4.999999909817779198e+00,3.137282230200518995e+00,1.868893565708009463e+00
8.200000000000006173e-01,5.012999834305309389e-08,4.999999909827178790e+00,3.137282230217514734e+00,1.868893565708249938e+00
8.220000000000006191e-01,5.012999834310895836e-08,4.999999909836578382e+00,3.137282230191253518e+00,1.868893565707886228e+00
8.240000000000006208e-01,5.012999834316481621e-08,4.999999909845978863e+00,3.137282230244827108e+00,1.868893565708616533e+00
8.260000000000006226e-01,5.012999834322064098e-08,4.999999909855378455e+00,3.137282230224704982e+00,1.868893565708387827e+00
8.280000000000006244e-01,5.012999834327649221e-08,4.999999909864778935e+00,3.137282230237437908e+00,1.868893565708531046e+00
8.300000000000006262e-01,5.012999834333233683e-08,4.999999909874178528e+00,3.137282230243463310e+00,1.868893565708632520e+00
8.320000000000006279e-01,5.012999834338818806e-08,4.999999909883579008e+00,3.137282230253978899e+00,1.868893565708784399e+00
8.340000000000006297e-01,5.012999834344403268e-08,4.999999909892978600e+00,3.137282230262931737e+00,1.868893565708918070e+00
8.360000000000006315e-01,5.012999834349990377e-08,4.999999909902379081e+00,3.137282230303005459e+00,1.868893565709489391e+00
8.380000000000006333e-01,5.012999834355575500e-08,4.999999909911779561e+00,3.137282230293398921e+00,1.868893565709020210e+00
8.400000000000006350e-01,5.012999834361160624e-08,4.999999909921179153e+00,3.137282230294706320e+00,1.868893565709356386e+00
8.420000000000006368e-01,5.012999834366745747e-08,4.999999909930579634e+00,3.137282230283167550e+00,1.868893565709228044e+00
8.440000000000006386e-01,5.012999834372328886e-08,4.999999909939978338e+00,3.137282230316306375e+00,1.868893565709680127e+00
8.460000000000006404e-01,5.012999834377914009e-08,4.999999909949378818e+00,3.137282230330516786e+00,1.868893565709548454e+00
8.480000000000006422e-01,5.012999834383498471e-08,4.999999909958779298e+00,3.137282230319461185e+00,1.868893565709734306e+00
8.500000000000006439e-01,5.012999834389083594e-08,4.999999909968178891e+00,3.137282230366043478e+00,1.868893565710045612e+00
8.520000000000006457e-01,5.012999834394668718e-08,4.999999909977579371e+00,3.137282230383636072e+00,1.868893565710309623e+00
8.540000000000006475e-01,5.012999834400253180e-08,4.999999909986978963e+00,3.137282230379287551e+00,1.868893565710254556e+00
8.560000000000006493e-01,5.012999834405838965e-08,4.999999909996380332e+00,3.137282230387870907e+00,1.868893565710364468e+00
8.580000000000006510e-01,5.012999834411423427e-08,4.999999910005779036e+00,3.137282230413620088e+00,1.868893565710739280e+00
8.600000000000006528e-01,5.012999834417007888e-08,4.999999910015178628e+00,3.137282230412540063e+00,1.868893565710744165e+00
8.620000000000006546e-01,5.012999834422593674e-08,4.999999910024579108e+00,3.137282230422032914e+00,1.868893565710866511e+00
8.640000000000006564e-01,5.012999834428178797e-08,4.999999910033978701e+00,3.137282230440421316e+00,1.868893565711135185e+00
8.660000000000006581e-01,5.012999834433763259e-08,4.999999910043377405e+00,3.137282230426267748e+00,1.868893565710948002e+00
8.680000000000006599e-01,5.012999834439347721e-08,4.999999910052778773e+00,3.137282230454461196e+00,1.868893565711326588e+00
8.700000000000006617e-01,5.012999834444933506e-08,4.999999910062177477e+00,3.137282230437834940e+00,1.868893565711121196e+00
8.720000000000006635e-01,5.012999834450518629e-08,4.999999910071577958e+00,3.137282230499167657e+00,1.868893565711966076e+00
8.740000000000006652e-01,5.012999834456101768e-08,4.999999910080978438e+00,3.137282230467819399e+00,1.868893565711580385e+00
8.760000000000006670e-01,5.012999834461686891e-08,4.999999910090377142e+00,3.137282230485781476e+00,1.868893565711786442e+00
8.780000000000006688e-01,5.012999834467272015e-08,4.999999910099777622e+00,3.137282230508120495e+00,1.868893565712127058e+00
8.800000000000006706e-01,5.012999834472858462e-08,4.999999910109179879e+00,3.137282230511360570e+00,1.868893565712187455e+00
8.820000000000006724e-01,5.012999834478442262e-08,4.999999910118577695e+00,3.137282230517726589e+00,1.868893565712271387e+00
8.840000000000006741e-01,5.012999834484027385e-08,4.999999910127978175e+00,3.137282230533642746e+00,1.868893565712499649e+00
8.860000000000006759e-01,5.012999834489612509e-08,4.999999910137379544e+00,3.137282230533273264e+00,1.868893565712507199e+00
8.880000000000006777e-01,5.012999834495197632e-08,4.999999910146779136e+00,3.137282230542310923e+00,1.868893565712627547e+00
8.900000000000006795e-01,5.012999834500782756e-08,4.999999910156178728e+00,3.137282230559363505e+00,1.868893565712877791e+00
8.920000000000006812e-01,5.012999834506369203e-08,4.999999910165580097e+00,3.137282230537678185e+00,1.868893565712582472e+00
8.940000000000006830e-01,5.012999834511953003e-08,4.999999910174978801e+00,3.137282230567804753e+00,1.868893565712983706e+00
8.960000000000006848e-01,5.012999834517535479e-08,4.999999910184378393e+00,3.137282230551036388e+00,1.868893565712779870e+00
8.980000000000006866e-01,5.012999834523121264e-08,4.999999910193778874e+00,3.137282230594719667e+00,1.868893565713374727e+00
9.000000000000006883e-01,5.012999834528706388e-08,4.999999910203178466e+00,3.137282230580196174e+00,1.868893565713211968e+00
9.020000000000006901e-01,5.012999834534291511e-08,4.999999910212578058e+00,3.137282230582356224e+00,1.868893565713214411e+00
9.040000000000006919e-01,5.012999834539877297e-08,4.999999910221979427e+00,3.137282230615694445e+00,1.868893565713692695e+00
9.060000000000006937e-01,5.012999834545461758e-08,4.999999910231378131e+00,3.137282230630984881e+00,1.868893565713938276e+00
9.080000000000006954e-01,5.012999834551046882e-08,4.999999910240778611e+00,3.137282230630444868e+00,1.868893565713932059e+00
9.100000000000006972e-01,5.012999834556630682e-08,4.999999910250179092e+00,3.137282230623822610e+00,1.868893565713830140e+00
9.120000000000006990e-01,5.012999834562217129e-08,4.999999910259578684e+00,3.137282230635020763e+00,1.868893565713982019e+00
9.140000000000007008e-01,5.012999834567802252e-08,4.999999910268979164e+00,3.137282230642893133e+00,1.868893565714106808e+00
9.160000000000007025e-01,5.012999834573387376e-08,4.999999910278379645e+00,3.137282230674838690e+00,1.868893565714563110e+00
9.180000000000007043e-01,5.012999834578970514e-08,4.999999910287778349e+00,3.137282230668955396e+00,1.868893565714504046e+00
9.200000000000007061e-01,5.012999834584556299e-08,4.999999910297177941e+00,3.137282230666255334e+00,1.868893565714447869e+00
9.220000000000007079e-01,5.012999834590142085e-08,4.999999910306579309e+00,3.137282230654062865e+00,1.868893565714274008e+00
9.240000000000007097e-01,5.012999834595727208e-08,4.999999910315978902e+00,3.137282230722870491e+00,1.868893565715240346e+00
9.260000000000007114e-01,5.012999834601311670e-08,4.999999910325378494e+00,3.137282230685439544e+00,1.868893565714776051e+00
9.280000000000007132e-01,5.012999834606897455e-08,4.999999910334779862e+00,3.137282230711189168e+00,1.868893565715080918e+00
9.300000000000007150e-01,5.012999834612481255e-08,4.999999910344178566e+00,3.137282230730742860e+00,1.868893565715392890e+00
9.320000000000007168e-01,5.012999834618065055e-08,4.999999910353577270e+00,3.137282230756492485e+00,1.868893565715767702e+00
9.340000000000007185e-01,5.012999834623651502e-08,4.999999910362977751e+00,3.137282230723296816e+00,1.868893565715311400e+00
9.360000000000007203e-01,5.012999834629235302e-08,4.999999910372377343e+00,3.137282230738587252e+00,1.868893565715487926e+00
9.380000000000007221e-01,5.012999834634821749e-08,4.999999910381776935e+00,3.137282230769736557e+00,1.868893565715954885e+00
9.400000000000007239e-01,5.012999834640406873e-08,4.999999910391177416e+00,3.137282230766127444e+00,1.868893565715927130e+00
9.420000000000007256e-01,5.012999834645990673e-08,4.999999910400577008e+00,3.137282230782497905e+00,1.868893565716143179e+00
9.440000000000007274e-01,5.012999834651576458e-08,4.999999910409978376e+00,3.137282230791507143e+00,1.868893565716285510e+00
9.460000000000007292e-01,5.012999834657158273e-08,4.999999910419379745e+00,3.137282230803501104e+00,1.868893565716457594e+00
9.480000000000007310e-01,5.012999834662746043e-08,4.999999910428778449e+00,3.137282230813675632e+00,1.868893565716608363e+00
9.500000000000007327e-01,5.012999834668329843e-08,4.999999910438178041e+00,3.137282230817995732e+00,1.868893565716672978e+00
9.520000000000007345e-01,5.012999834673914966e-08,4.999999910447579410e+00,3.137282230830813479e+00,1.868893565716855498e+00
9.540000000000007363e-01,5.012999834679498767e-08,4.999999910456978114e+00,3.137282230856648368e+00,1.868893565717230976e+00
9.560000000000007381e-01,5.012999834685083890e-08,4.999999910466377706e+00,3.137282230827630691e+00,1.868893565716837513e+00
9.580000000000007399e-01,5.012999834690669013e-08,4.999999910475778186e+00,3.137282230843120079e+00,1.868893565717020255e+00
9.600000000000007416e-01,5.012999834696255460e-08,4.999999910485177779e+00,3.137282230868528643e+00,1.868893565717404170e+00
9.620000000000007434e-01,5.012999834701840584e-08,4.999999910494578259e+00,3.137282230875093614e+00,1.868893565717515415e+00
9.640000000000007452e-01,5.012999834707424384e-08,4.999999910503979628e+00,3.137282230860655829e+00,1.868893565717306027e+00
9.660000000000007470e-01,5.012999834713009507e-08,4.999999910513378332e+00,3.137282230899081092e+00,1.868893565717835159e+00
9.680000000000007487e-01,5.012999834718593969e-08,4.999999910522777924e+00,3.137282230891549784e+00,1.868893565717766991e+00
9.700000000000007505e-01,5.012999834724179093e-08,4.999999910532178404e+00,3.137282230906499159e+00,1.868893565717959282e+00
9.720000000000007523e-01,5.012999834729764216e-08,4.999999910541577997e+00,3.137282230918265302e+00,1.868893565718140026e+00
9.740000000000007541e-01,5.012999834735349340e-08,4.999999910550978477e+00,3.137282230924290705e+00,1.868893565718231287e+00
9.760000000000007558e-01,5.012999834740934463e-08,4.999999910560378957e+00,3.137282230925370730e+00,1.868893565718246608e+00
9.780000000000007576e-01,5.012999834746519587e-08,4.999999910569777661e+00,3.137282230949102413e+00,1.868893565718581007e+00
9.800000000000007594e-01,5.012999834752104048e-08,4.999999910579178142e+00,3.137282230941854877e+00,1.868893565718499294e+00
9.820000000000007612e-01,5.012999834757689172e-08,4.999999910588578622e+00,3.137282230952342488e+00,1.868893565718632521e+00
9.840000000000007629e-01,5.012999834763273634e-08,4.999999910597978214e+00,3.137282230976443209e+00,1.868893565718984240e+00
9.860000000000007647e-01,5.012999834768859419e-08,4.999999910607377807e+00,3.137282230953593043e+00,1.868893565718678484e+00
9.880000000000007665e-01,5.012999834774443881e-08,4.999999910616777399e+00,3.137282230984458131e+00,1.868893565719086602e+00
9.900000000000007683e-01,5.012999834780029004e-08,4.999999910626176991e+00,3.137282230973573061e+00,1.868893565718967587e+00
9.920000000000007701e-01,5.012999834785612142e-08,4.999999910635577471e+00,3.137282230992330945e+00,1.868893565719212058e+00
9.940000000000007718e-01,5.012999834791198589e-08,4.999999910644977952e+00,3.137282230996877974e+00,1.868893565719297323e+00
9.960000000000007736e-01,5.012999834796784375e-08,4.999999910654377544e+00,3.137282231022457069e+00,1.868893565719657479e+00
9.980000000000007754e-01,5.012999834802368836e-08,4.999999910663777136e+00,3.137282231018449608e+00,1.868893565719620620e+00
1.000000000000000666e+00,5.012999834807952636e-08,4.999999910673178505e+00,3.137282231031750968e+00,1.868893565719794925e+00
1.002000000000000668e+00,5.012999834813535775e-08,4.999999910682577209e+00,3.137282231050849912e+00,1.868893565720078920e+00
1.004000000000000670e+00,5.012999834819122883e-08,4.999999910691977689e+00,3.137282231060569693e+00,1.868893565720228800e+00
1.006000000000000671e+00,5.012999834824708669e-08,4.999999910701378170e+00,3.137282231069522531e+00,1.868893565720356698e+00
1.008000000000000673e+00,5.012999834830293130e-08,4.999999910710777762e+00,3.137282231075036343e+00,1.868893565720437966e+00
1.010000000000000675e+00,5.012999834835878254e-08,4.999999910720178242e+00,3.137282231057585857e+00,1.868893565720191274e+00
1.012000000000000677e+00,5.012999834841463377e-08,4.999999910729578723e+00,3.137282231094078444e+00,1.868893565720690875e+00
1.014000000000000679e+00,5.012999834847046516e-08,4.999999910738977427e+00,3.137282231093652118e+00,1.868893565720724625e+00
1.016000000000000680e+00,5.012999834852632301e-08,4.999999910748378795e+00,3.137282231094362661e+00,1.868893565720720629e+00
1.018000000000000682e+00,5.012999834858218086e-08,4.999999910757778387e+00,3.137282231113092124e+00,1.868893565720986194e+00
1.020000000000000684e+00,5.012999834863802548e-08,4.999999910767177980e+00,3.137282231110647857e+00,1.868893565720968208e+00
1.022000000000000686e+00,5.012999834869386348e-08,4.999999910776577572e+00,3.137282231120765985e+00,1.868893565721101657e+00
1.024000000000000687e+00,5.012999834874973457e-08,4.999999910785978940e+00,3.137282231128609933e+00,1.868893565721221339e+00
1.026000000000000689e+00,5.012999834880557257e-08,4.999999910795376756e+00,3.137282231148021516e+00,1.868893565721500227e+00
1.028000000000000691e+00,5.012999834886142380e-08,4.999999910804777237e+00,3.137282231195854365e+00,1.868893565721827743e+00
1.030000000000000693e+00,5.012999834891727504e-08,4.999999910814177717e+00,3.137282231201936611e+00,1.868893565721926109e+00
1.032000000000000695e+00,5.012999834897311304e-08,4.999999910823577309e+00,3.137282231207222605e+00,1.868893565721996941e+00
1.034000000000000696e+00,5.012999834902897751e-08,4.999999910832976902e+00,3.137282231194376436e+00,1.868893565721816197e+00
1.036000000000000698e+00,5.012999834908482874e-08,4.999999910842378270e+00,3.137282231216573347e+00,1.868893565722117289e+00
1.038000000000000700e+00,5.012999834914066674e-08,4.999999910851777862e+00,3.137282231222087159e+00,1.868893565722220096e+00
1.040000000000000702e+00,5.012999834919651136e-08,4.999999910861177455e+00,3.137282231248120556e+00,1.868893565722586247e+00
1.042000000000000703e+00,5.012999834925235598e-08,4.999999910870577047e+00,3.137282231238940788e+00,1.868893565722475669e+00
1.044000000000000705e+00,5.012999834930822706e-08,4.999999910879978415e+00,3.137282231264548304e+00,1.868893565722820949e+00
1.046000000000000707e+00,5.012999834936407830e-08,4.999999910889378008e+00,3.137282231275802857e+00,1.868893565723006578e+00
1.048000000000000709e+00,5.012999834941992953e-08,4.999999910898778488e+00,3.137282231269578503e+00,1.868893565722918870e+00
1.050000000000000711e+00,5.012999834947578077e-08,4.999999910908178080e+00,3.137282231302319868e+00,1.868893565723371841e+00
1.052000000000000712e+00,5.012999834953162539e-08,4.999999910917578561e+00,3.137282231292883861e+00,1.868893565723269035e+00
1.054000000000000714e+00,5.012999834958745015e-08,4.999999910926977265e+00,3.137282231307208402e+00,1.868893565723451777e+00
1.056000000000000716e+00,5.012999834964331462e-08,4.999999910936377745e+00,3.137282231331422810e+00,1.868893565723809713e+00
1.058000000000000718e+00,5.012999834969917247e-08,4.999999910945778225e+00,3.137282231315649206e+00,1.868893565723602102e+00
1.060000000000000719e+00,5.012999834975502371e-08,4.999999910955178706e+00,3.137282231342422012e+00,1.868893565723959149e+00
1.062000000000000721e+00,5.012999834981087494e-08,4.999999910964577410e+00,3.137282231346514738e+00,1.868893565724044858e+00
1.064000000000000723e+00,5.012999834986669309e-08,4.999999910973977002e+00,3.137282231343132555e+00,1.868893565723991790e+00
1.066000000000000725e+00,5.012999834992255094e-08,4.999999910983377482e+00,3.137282231347196859e+00,1.868893565724043304e+00
1.068000000000000727e+00,5.012999834997840218e-08,4.999999910992777963e+00,3.137282231367830576e+00,1.868893565724341066e+00
1.070000000000000728e+00,5.012999835003425341e-08,4.999999911002176667e+00,3.137282231382865216e+00,1.868893565724570882e+00
1.072000000000000730e+00,5.012999835009010465e-08,4.999999911011578035e+00,3.137282231390880138e+00,1.868893565724690120e+00
1.074000000000000732e+00,5.012999835014595588e-08,4.999999911020977628e+00,3.137282231395086107e+00,1.868893565724750738e+00
1.076000000000000734e+00,5.012999835020180712e-08,4.999999911030378108e+00,3.137282231398155652e+00,1.868893565724793815e+00
1.078000000000000735e+00,5.012999835025765174e-08,4.999999911039777700e+00,3.137282231415265077e+00,1.868893565725036732e+00
1.080000000000000737e+00,5.012999835031350297e-08,4.999999911049178181e+00,3.137282231401026245e+00,1.868893565724849770e+00
1.082000000000000739e+00,5.012999835036935421e-08,4.999999911058577773e+00,3.137282231430158053e+00,1.868893565725243011e+00
1.084000000000000741e+00,5.012999835042520544e-08,4.999999911067977365e+00,3.137282231450507552e+00,1.868893565725561867e+00
1.086000000000000743e+00,5.012999835048105668e-08,4.999999911077377845e+00,3.137282231462472648e+00,1.868893565725739503e+00
1.088000000000000744e+00,5.012999835053690791e-08,4.999999911086778326e+00,3.137282231456930415e+00,1.868893565725662009e+00
1.090000000000000746e+00,5.012999835059274591e-08,4.999999911096177918e+00,3.137282231460511550e+00,1.868893565725702199e+00
1.092000000000000748e+00,5.012999835064859715e-08,4.999999911105577510e+00,3.137282231476256733e+00,1.868893565725930683e+00
1.094000000000000750e+00,5.012999835070443515e-08,4.999999911114976214e+00,3.137282231471993921e+00,1.868893565725884054e+00
1.096000000000000751e+00,5.012999835076031947e-08,4.999999911124378471e+00,3.137282231493110807e+00,1.868893565726173378e+00
1.098000000000000753e+00,5.012999835081615085e-08,4.999999911133778063e+00,3.137282231507008579e+00,1.868893565726389205e+00
1.100000000000000755e+00,5.012999835087200209e-08,4.999999911143176767e+00,3.137282231532786625e+00,1.868893565726760908e+00
1.102000000000000757e+00,5.012999835092784009e-08,4.999999911152577248e+00,3.137282231494759266e+00,1.868893565726237327e+00
1.104000000000000759e+00,5.012999835098368470e-08,4.999999911161977728e+00,3.137282231516330899e+00,1.868893565726498895e+00
1.106000000000000760e+00,5.012999835103954256e-08,4.999999911171376432e+00,3.137282231519883169e+00,1.868893565726582384e+00
1.108000000000000762e+00,5.012999835109539379e-08,4.999999911180777801e+00,3.137282231527613874e+00,1.868893565726689632e+00
1.110000000000000764e+00,5.012999835115123841e-08,4.999999911190177393e+00,3.137282231530370780e+00,1.868893565726731376e+00
1.112000000000000766e+00,5.012999835120708964e-08,4.999999911199577873e+00,3.137282231553022438e+00,1.868893565727052675e+00
1.114000000000000767e+00,5.012999835126293426e-08,4.999999911208978354e+00,3.137282231586246528e+00,1.868893565727542505e+00
1.116000000000000769e+00,5.012999835131877226e-08,4.999999911218377946e+00,3.137282231588975012e+00,1.868893565727602235e+00
1.118000000000000771e+00,5.012999835137463011e-08,4.999999911227776650e+00,3.137282231602616989e+00,1.868893565727783423e+00
1.120000000000000773e+00,5.012999835143048135e-08,4.999999911237176242e+00,3.137282231599491045e+00,1.868893565727749895e+00
1.122000000000000774e+00,5.012999835148633258e-08,4.999999911246577611e+00,3.137282231590737158e+00,1.868893565727617556e+00
1.124000000000000776e+00,5.012999835154218382e-08,4.999999911255976315e+00,3.137282231621886908e+00,1.868893565728051431e+00
1.126000000000000778e+00,5.012999835159803505e-08,4.999999911265376795e+00,3.137282231630356133e+00,1.868893565728203532e+00
1.128000000000000780e+00,5.012999835165388629e-08,4.999999911274777276e+00,3.137282231650165620e+00,1.868893565728480866e+00
1.130000000000000782e+00,5.012999835170975076e-08,4.999999911284176868e+00,3.137282231650762476e+00,1.868893565728501960e+00
1.132000000000000783e+00,5.012999835176558876e-08,4.999999911293578236e+00,3.137282231658805820e+00,1.868893565728608541e+00
1.134000000000000785e+00,5.012999835182143338e-08,4.999999911302977829e+00,3.137282231654656250e+00,1.868893565728555695e+00
1.136000000000000787e+00,5.012999835187727799e-08,4.999999911312377421e+00,3.137282231660852183e+00,1.868893565728636963e+00
1.138000000000000789e+00,5.012999835193313585e-08,4.999999911321777013e+00,3.137282231679240585e+00,1.868893565728905193e+00
1.140000000000000790e+00,5.012999835198898708e-08,4.999999911331177493e+00,3.137282231683134359e+00,1.868893565728973583e+00
1.142000000000000792e+00,5.012999835204483170e-08,4.999999911340576197e+00,3.137282231698964807e+00,1.868893565729194517e+00
1.144000000000000794e+00,5.012999835210066970e-08,4.999999911349977566e+00,3.137282231709281444e+00,1.868893565729352391e+00
1.146000000000000796e+00,5.012999835215652093e-08,4.999999911359376270e+00,3.137282231715221581e+00,1.868893565729440542e+00
1.148000000000000798e+00,5.012999835221237217e-08,4.999999911368775862e+00,3.137282231735002647e+00,1.868893565729720541e+00
1.150000000000000799e+00,5.012999835226822340e-08,4.999999911378176343e+00,3.137282231744751293e+00,1.868893565729873751e+00
1.152000000000000801e+00,5.012999835232409449e-08,4.999999911387577711e+00,3.137282231738157456e+00,1.868893565729781603e+00
1.154000000000000803e+00,5.012999835237993911e-08,4.999999911396977303e+00,3.137282231760297524e+00,1.868893565730085360e+00
1.156000000000000805e+00,5.012999835243578372e-08,4.999999911406376896e+00,3.137282231736480576e+00,1.868893565729769612e+00
1.158000000000000806e+00,5.012999835249160849e-08,4.999999911415776488e+00,3.137282231783489195e+00,1.868893565730407769e+00
1.160000000000000808e+00,5.012999835254745973e-08,4.999999911425176080e+00,3.137282231780533337e+00,1.868893565730415540e+00
1.162000000000000810e+00,5.012999835260331096e-08,4.999999911434576561e+00,3.137282231794686904e+00,1.868893565730597173e+00
1.164000000000000812e+00,5.012999835265916220e-08,4.999999911443977041e+00,3.137282231786587161e+00,1.868893565730493256e+00
1.166000000000000814e+00,5.012999835271501343e-08,4.999999911453376633e+00,3.137282231785336606e+00,1.868893565730462392e+00
1.168000000000000815e+00,5.012999835277086466e-08,4.999999911462776225e+00,3.137282231809238819e+00,1.868893565730802786e+00
1.170000000000000817e+00,5.012999835282670928e-08,4.999999911472176706e+00,3.137282231823903977e+00,1.868893565731033934e+00
1.172000000000000819e+00,5.012999835288256052e-08,4.999999911481576298e+00,3.137282231817423828e+00,1.868893565730946449e+00
1.174000000000000821e+00,5.012999835293841175e-08,4.999999911490977667e+00,3.137282231846754588e+00,1.868893565731347683e+00
1.176000000000000822e+00,5.012999835299426299e-08,4.999999911500377259e+00,3.137282231869463089e+00,1.868893565731697848e+00
1.178000000000000824e+00,5.012999835305010760e-08,4.999999911509775075e+00,3.137282231858691262e+00,1.868893565731555073e+00
1.180000000000000826e+00,5.012999835310597207e-08,4.999999911519176443e+00,3.137282231852410064e+00,1.868893565731446937e+00
1.182000000000000828e+00,5.012999835316180346e-08,4.999999911528576035e+00,3.137282231856445947e+00,1.868893565731501560e+00
1.184000000000000830e+00,5.012999835321765469e-08,4.999999911537975628e+00,3.137282231858009141e+00,1.868893565731530870e+00
1.186000000000000831e+00,5.012999835327350593e-08,4.999999911547376108e+00,3.137282231862471349e+00,1.868893565731593931e+00
1.188000000000000833e+00,5.012999835332937701e-08,4.999999911556776588e+00,3.137282231885378803e+00,1.868893565731921891e+00
1.190000000000000835e+00,5.012999835338520840e-08,4.999999911566176181e+00,3.137282231902090324e+00,1.868893565732177464e+00
1.192000000000000837e+00,5.012999835344107948e-08,4.999999911575577549e+00,3.137282231937616572e+00,1.868893565732686834e+00
1.194000000000000838e+00,5.012999835349690425e-08,4.999999911584977141e+00,3.137282231908769425e+00,1.868893565732301587e+00
1.196000000000000840e+00,5.012999835355274887e-08,4.999999911594374957e+00,3.137282231943983035e+00,1.868893565732760997e+00
1.198000000000000842e+00,5.012999835360861334e-08,4.999999911603776326e+00,3.137282231934007459e+00,1.868893565732661077e+00
1.200000000000000844e+00,5.012999835366446457e-08,4.999999911613175918e+00,3.137282231930198950e+00,1.868893565732586470e+00
1.202000000000000846e+00,5.012999835372031581e-08,4.999999911622575510e+00,3.137282231960722978e+00,1.868893565733017681e+00
1.204000000000000847e+00,5.012999835377614719e-08,4.999999911631975102e+00,3.137282231980560887e+00,1.868893565732963502e+00
1.206000000000000849e+00,5.012999835383199842e-08,4.999999911641376471e+00,3.137282231978940850e+00,1.868893565733289019e+00
1.208000000000000851e+00,5.012999835388784966e-08,4.999999911650776951e+00,3.137282232027484241e+00,1.868893565733636075e+00
1.210000000000000853e+00,5.012999835394370089e-08,4.999999911660175655e+00,3.137282232047435837e+00,1.868893565733928508e+00
1.212000000000000854e+00,5.012999835399955213e-08,4.999999911669577024e+00,3.137282232034362295e+00,1.868893565733750872e+00
1.214000000000000856e+00,5.012999835405539013e-08,4.999999911678975728e+00,3.137282232036437080e+00,1.868893565733759976e+00
1.216000000000000858e+00,5.012999835411122813e-08,4.999999911688375320e+00,3.137282232067984289e+00,1.868893565734214279e+00
1.218000000000000860e+00,5.012999835416709260e-08,4.999999911697775801e+00,3.137282232076226585e+00,1.868893565734358830e+00
1.220000000000000862e+00,5.012999835422294383e-08,4.999999911707175393e+00,3.137282232060396137e+00,1.868893565734129458e+00
1.222000000000000863e+00,5.012999835427879507e-08,4.999999911716575873e+00,3.137282232096462398e+00,1.868893565734622619e+00
1.224000000000000865e+00,5.012999835433463307e-08,4.999999911725974577e+00,3.137282232074720234e+00,1.868893565734351725e+00
1.226000000000000867e+00,5.012999835439051077e-08,4.999999911735375946e+00,3.137282232125366388e+00,1.868893565735038509e+00
1.228000000000000869e+00,5.012999835444632892e-08,4.999999911744775538e+00,3.137282232118602465e+00,1.868893565734992546e+00
1.230000000000000870e+00,5.012999835450217354e-08,4.999999911754175130e+00,3.137282232119028791e+00,1.868893565734975226e+00
1.232000000000000872e+00,5.012999835455803801e-08,4.999999911763575611e+00,3.137282232133722371e+00,1.868893565735184170e+00
1.234000000000000874e+00,5.012999835461389586e-08,4.999999911772975203e+00,3.137282232166918039e+00,1.868893565735668227e+00
1.236000000000000876e+00,5.012999835466972724e-08,4.999999911782374795e+00,3.137282232123206338e+00,1.868893565735072482e+00
1.238000000000000878e+00,5.012999835472557848e-08,4.999999911791773499e+00,3.137282232159301465e+00,1.868893565735531670e+00
1.240000000000000879e+00,5.012999835478144957e-08,4.999999911801174868e+00,3.137282232152707628e+00,1.868893565735487039e+00
1.242000000000000881e+00,5.012999835483728095e-08,4.999999911810574460e+00,3.137282232202956322e+00,1.868893565736180484e+00
1.244000000000000883e+00,5.012999835489313218e-08,4.999999911819974940e+00,3.137282232177519337e+00,1.868893565735866069e+00
1.246000000000000885e+00,5.012999835494899665e-08,4.999999911829375421e+00,3.137282232228989720e+00,1.868893565736553741e+00
1.248000000000000886e+00,5.012999835500482804e-08,4.999999911838775013e+00,3.137282232235611978e+00,1.868893565736701623e+00
1.250000000000000888e+00,5.012999835506069912e-08,4.999999911848175493e+00,3.137282232191076048e+00,1.868893565736057027e+00
1.252000000000000890e+00,5.012999835511651727e-08,4.999999911857575086e+00,3.137282232215376165e+00,1.868893565736356566e+00
1.254000000000000892e+00,5.012999835517236851e-08,4.999999911866975566e+00,3.137282232223817413e+00,1.868893565736515328e+00
1.256000000000000894e+00,5.012999835522823959e-08,4.999999911876375158e+00,3.137282232230552914e+00,1.868893565736611473e+00
1.258000000000000895e+00,5.012999835528409083e-08,4.999999911885775639e+00,3.137282232243655322e+00,1.868893565736798656e+00
1.260000000000000897e+00,5.012999835533990898e-08,4.999999911895174343e+00,3.137282232248003844e+00,1.868893565736869489e+00
1.262000000000000899e+00,5.012999835539577345e-08,4.999999911904573935e+00,3.137282232254170911e+00,1.868893565736955642e+00
1.264000000000000901e+00,5.012999835545162468e-08,4.999999911913976192e+00,3.137282232272417204e+00,1.868893565737218321e+00
1.266000000000000902e+00,5.012999835550747592e-08,4.999999911923375784e+00,3.137282232293761464e+00,1.868893565737534512e+00
1.268000000000000904e+00,5.012999835556331392e-08,4.999999911932774488e+00,3.137282232286684902e+00,1.868893565737445694e+00
1.270000000000000906e+00,5.012999835561917177e-08,4.999999911942173192e+00,3.137282232319738462e+00,1.868893565737898887e+00
1.272000000000000908e+00,5.012999835567500977e-08,4.999999911951574560e+00,3.137282232300184770e+00,1.868893565737651752e+00
1.274000000000000909e+00,5.012999835573088086e-08,4.999999911960974153e+00,3.137282232300952156e+00,1.868893565737633766e+00
1.276000000000000911e+00,5.012999835578671224e-08,4.999999911970373745e+00,3.137282232309194452e+00,1.868893565737757223e+00
1.278000000000000913e+00,5.012999835584256347e-08,4.999999911979775113e+00,3.137282232313229891e+00,1.868893565737822726e+00
1.280000000000000915e+00,5.012999835589842133e-08,4.999999911989173818e+00,3.137282232346369160e+00,1.868893565738293017e+00
1.282000000000000917e+00,5.012999835595427256e-08,4.999999911998574298e+00,3.137282232355236289e+00,1.868893565738446227e+00
1.284000000000000918e+00,5.012999835601011056e-08,4.999999912007974778e+00,3.137282232374335234e+00,1.868893565738712681e+00
1.286000000000000920e+00,5.012999835606596841e-08,4.999999912017374371e+00,3.137282232378143743e+00,1.868893565738777962e+00
1.288000000000000922e+00,5.012999835612180641e-08,4.999999912026773963e+00,3.137282232375074198e+00,1.868893565738730667e+00
1.290000000000000924e+00,5.012999835617766427e-08,4.999999912036175331e+00,3.137282232387323955e+00,1.868893565738899198e+00
1.292000000000000925e+00,5.012999835623352212e-08,4.999999912045574035e+00,3.137282232399630111e+00,1.868893565739086382e+00
1.294000000000000927e+00,5.012999835628937335e-08,4.999999912054973628e+00,3.137282232379536406e+00,1.868893565738807938e+00
1.296000000000000929e+00,5.012999835634521797e-08,4.999999912064373220e+00,3.137282232389171366e+00,1.868893565738920515e+00
1.298000000000000931e+00,5.012999835640107582e-08,4.999999912073773700e+00,3.137282232420889105e+00,1.868893565739387475e+00
1.300000000000000933e+00,5.012999835645690721e-08,4.999999912083174181e+00,3.137282232439902785e+00,1.868893565739682128e+00
1.302000000000000934e+00,5.012999835651275844e-08,4.999999912092573773e+00,3.137282232436861662e+00,1.868893565739642826e+00
1.304000000000000936e+00,5.012999835656860306e-08,4.999999912101973365e+00,3.137282232472416776e+00,1.868893565740136431e+00
1.306000000000000938e+00,5.012999835662445429e-08,4.999999912111373845e+00,3.137282232430865125e+00,1.868893565739578655e+00
1.308000000000000940e+00,5.012999835668029891e-08,4.999999912120774326e+00,3.137282232458774356e+00,1.868893565739924378e+00
1.310000000000000941e+00,5.012999835673615015e-08,4.999999912130173918e+00,3.137282232491373613e+00,1.868893565740425311e+00
1.312000000000000943e+00,5.012999835679200138e-08,4.999999912139573510e+00,3.137282232498791235e+00,1.868893565740550766e+00
1.314000000000000945e+00,5.012999835684785262e-08,4.999999912148973102e+00,3.137282232480829158e+00,1.868893565740288976e+00
1.316000000000000947e+00,5.012999835690370385e-08,4.999999912158373583e+00,3.137282232496091616e+00,1.868893565740484819e+00
1.318000000000000949e+00,5.012999835695955509e-08,4.999999912167774063e+00,3.137282232485234523e+00,1.868893565740351592e+00
1.320000000000000950e+00,5.012999835701538647e-08,4.999999912177172767e+00,3.137282232517265346e+00,1.868893565740791463e+00
1.322000000000000952e+00,5.012999835707125756e-08,4.999999912186574136e+00,3.137282232532726312e+00,1.868893565741043039e+00
1.324000000000000954e+00,5.012999835712708232e-08,4.999999912195973728e+00,3.137282232538353810e+00,1.868893565741124085e+00
1.326000000000000956e+00,5.012999835718293356e-08,4.999999912205373320e+00,3.137282232533095794e+00,1.868893565741047702e+00
1.328000000000000957e+00,5.012999835723879803e-08,4.999999912214772912e+00,3.137282232564245099e+00,1.868893565741482021e+00
1.330000000000000959e+00,5.012999835729463603e-08,4.999999912224173393e+00,3.137282232569304163e+00,1.868893565741582163e+00
1.332000000000000961e+00,5.012999835735048064e-08,4.999999912233572097e+00,3.137282232598123333e+00,1.868893565741984286e+00
1.334000000000000963e+00,5.012999835740633850e-08,4.999999912242971689e+00,3.137282232572430551e+00,1.868893565741642560e+00
1.336000000000000965e+00,5.012999835746218973e-08,4.999999912252372170e+00,3.137282232567996765e+00,1.868893565741545970e+00
1.338000000000000966e+00,5.012999835751802773e-08,4.999999912261771762e+00,3.137282232589369446e+00,1.868893565741852836e+00
1.340000000000000968e+00,5.012999835757387897e-08,4.999999912271172242e+00,3.137282232609889476e+00,1.868893565742166807e+00
1.342000000000000970e+00,5.012999835762975005e-08,4.999999912280573611e+00,3.137282232595309583e+00,1.868893565741970297e+00
1.344000000000000972e+00,5.012999835768558144e-08,4.999999912289972315e+00,3.137282232623759270e+00,1.868893565742350660e+00
1.346000000000000973e+00,5.012999835774142605e-08,4.999999912299371907e+00,3.137282232630267398e+00,1.868893565742473450e+00
1.348000000000000975e+00,5.012999835779728391e-08,4.999999912308772387e+00,3.137282232654709624e+00,1.868893565742816731e+00
1.350000000000000977e+00,5.012999835785312852e-08,4.999999912318171091e+00,3.137282232646495750e+00,1.868893565742717033e+00
1.352000000000000979e+00,5.012999835790896652e-08,4.999999912327571572e+00,3.137282232646495750e+00,1.868893565742700380e+00
1.354000000000000981e+00,5.012999835796483761e-08,4.999999912336972052e+00,3.137282232680004501e+00,1.868893565743177998e+00
1.356000000000000982e+00,5.012999835802067561e-08,4.999999912346371644e+00,3.137282232658830772e+00,1.868893565742908880e+00
1.358000000000000984e+00,5.012999835807652023e-08,4.999999912355771237e+00,3.137282232680516092e+00,1.868893565743183993e+00
1.360000000000000986e+00,5.012999835813236485e-08,4.999999912365170829e+00,3.137282232686967376e+00,1.868893565743301455e+00
1.362000000000000988e+00,5.012999835818821608e-08,4.999999912374571309e+00,3.137282232702002460e+00,1.868893565743513507e+00
1.364000000000000989e+00,5.012999835824407393e-08,4.999999912383972678e+00,3.137282232719481367e+00,1.868893565743770635e+00
1.366000000000000991e+00,5.012999835829991855e-08,4.999999912393370494e+00,3.137282232712773844e+00,1.868893565743685814e+00
1.368000000000000993e+00,5.012999835835577640e-08,4.999999912402771862e+00,3.137282232717946595e+00,1.868893565743746210e+00
1.370000000000000995e+00,5.012999835841161440e-08,4.999999912412170566e+00,3.137282232729996956e+00,1.868893565743923180e+00
1.372000000000000997e+00,5.012999835846745902e-08,4.999999912421570158e+00,3.137282232734572851e+00,1.868893565743996232e+00
1.374000000000000998e+00,5.012999835852331026e-08,4.999999912430970639e+00,3.137282232748670019e+00,1.868893565744196072e+00
1.376000000000001000e+00,5.012999835857916149e-08,4.999999912440371119e+00,3.137282232765182588e+00,1.868893565744440100e+00
1.378000000000001002e+00,5.012999835863502596e-08,4.999999912449770711e+00,3.137282232779677216e+00,1.868893565744654373e+00
1.380000000000001004e+00,5.012999835869084411e-08,4.999999912459170304e+00,3.137282232808581650e+00,1.868893565745071150e+00
1.382000000000001005e+00,5.012999835874671520e-08,4.999999912468570784e+00,3.137282232812503402e+00,1.868893565744781604e+00
1.384000000000001007e+00,5.012999835880254658e-08,4.999999912477970376e+00,3.137282232803295212e+00,1.868893565744984109e+00
1.386000000000001009e+00,5.012999835885841105e-08,4.999999912487370857e+00,3.137282232810485905e+00,1.868893565744743857e+00
1.388000000000001011e+00,5.012999835891426890e-08,4.999999912496771337e+00,3.137282232828504824e+00,1.868893565745342045e+00
1.390000000000001013e+00,5.012999835897011352e-08,4.999999912506169153e+00,3.137282232866304810e+00,1.868893565745558316e+00
1.392000000000001014e+00,5.012999835902595152e-08,4.999999912515568745e+00,3.137282232888956468e+00,1.868893565745875174e+00
1.394000000000001016e+00,5.012999835908179614e-08,4.999999912524970114e+00,3.137282232863974230e+00,1.868893565745533447e+00
1.396000000000001018e+00,5.012999835913764737e-08,4.999999912534369706e+00,3.137282232877218302e+00,1.868893565745691321e+00
1.398000000000001020e+00,5.012999835919349860e-08,4.999999912543770186e+00,3.137282232879094135e+00,1.868893565745737062e+00
1.400000000000001021e+00,5.012999835924933661e-08,4.999999912553169779e+00,3.137282232913086055e+00,1.868893565746216678e+00
1.402000000000001023e+00,5.012999835930521431e-08,4.999999912562570259e+00,3.137282232916979385e+00,1.868893565746301944e+00
1.404000000000001025e+00,5.012999835936103907e-08,4.999999912571968963e+00,3.137282232958559458e+00,1.868893565746880814e+00
1.406000000000001027e+00,5.012999835941688369e-08,4.999999912581369443e+00,3.137282232938863658e+00,1.868893565746635677e+00
1.408000000000001029e+00,5.012999835947274154e-08,4.999999912590768147e+00,3.137282232952761873e+00,1.868893565746798657e+00
1.410000000000001030e+00,5.012999835952857954e-08,4.999999912600166851e+00,3.137282232942444793e+00,1.868893565746670982e+00
1.412000000000001032e+00,5.012999835958443078e-08,4.999999912609569108e+00,3.137282232965778572e+00,1.868893565746988283e+00
1.414000000000001034e+00,5.012999835964027540e-08,4.999999912618966924e+00,3.137282232967427031e+00,1.868893565747036467e+00
1.416000000000001036e+00,5.012999835969611340e-08,4.999999912628368293e+00,3.137282232946594362e+00,1.868893565746734264e+00
1.418000000000001037e+00,5.012999835975197787e-08,4.999999912637768773e+00,3.137282233017959943e+00,1.868893565747725916e+00
1.420000000000001039e+00,5.012999835980780925e-08,4.999999912647167477e+00,3.137282232996956743e+00,1.868893565747499430e+00
1.422000000000001041e+00,5.012999835986367372e-08,4.999999912656567957e+00,3.137282233013639843e+00,1.868893565747690388e+00
1.424000000000001043e+00,5.012999835991953157e-08,4.999999912665968438e+00,3.137282233016140953e+00,1.868893565747745011e+00
1.426000000000001044e+00,5.012999835997536957e-08,4.999999912675367142e+00,3.137282232998150455e+00,1.868893565747488106e+00
1.428000000000001046e+00,5.012999836003123404e-08,4.999999912684767622e+00,3.137282233070680881e+00,1.868893565748499075e+00
1.430000000000001048e+00,5.012999836008707204e-08,4.999999912694168103e+00,3.137282233031630341e+00,1.868893565748016350e+00
1.432000000000001050e+00,5.012999836014292328e-08,4.999999912703566807e+00,3.137282233050842972e+00,1.868893565748228180e+00
1.434000000000001052e+00,5.012999836019875466e-08,4.999999912712966399e+00,3.137282233049762947e+00,1.868893565748240615e+00
1.436000000000001053e+00,5.012999836025461251e-08,4.999999912722366879e+00,3.137282233064911274e+00,1.868893565748449781e+00
1.438000000000001055e+00,5.012999836031047698e-08,4.999999912731767360e+00,3.137282233079093707e+00,1.868893565748662944e+00
1.440000000000001057e+00,5.012999836036631498e-08,4.999999912741166064e+00,3.137282233071021942e+00,1.868893565748555918e+00
1.442000000000001059e+00,5.012999836042216622e-08,4.999999912750566544e+00,3.137282233093218853e+00,1.868893565748857455e+00
1.444000000000001060e+00,5.012999836047799098e-08,4.999999912759964360e+00,3.137282233105127105e+00,1.868893565749047969e+00
1.446000000000001062e+00,5.012999836053388192e-08,4.999999912769366617e+00,3.137282233109504048e+00,1.868893565749112806e+00
1.448000000000001064e+00,5.012999836058970669e-08,4.999999912778765321e+00,3.137282233126840847e+00,1.868893565749356611e+00
1.450000000000001066e+00,5.012999836064555130e-08,4.999999912788164025e+00,3.137282233128972475e+00,1.868893565749399688e+00
1.452000000000001068e+00,5.012999836070138930e-08,4.999999912797564505e+00,3.137282233151538868e+00,1.868893565749716323e+00
1.454000000000001069e+00,5.012999836075724716e-08,4.999999912806964986e+00,3.137282233149435662e+00,1.868893565749704333e+00
1.456000000000001071e+00,5.012999836081308516e-08,4.999999912816363690e+00,3.137282233143524390e+00,1.868893565749609964e+00
1.458000000000001073e+00,5.012999836086893639e-08,4.999999912825763282e+00,3.137282233159838007e+00,1.868893565749835561e+00
1.460000000000001075e+00,5.012999836092480086e-08,4.999999912835164650e+00,3.137282233161259093e+00,1.868893565749873753e+00
1.462000000000001076e+00,5.012999836098063886e-08,4.999999912844564243e+00,3.137282233193431580e+00,1.868893565750325836e+00
1.464000000000001078e+00,5.012999836103649010e-08,4.999999912853963835e+00,3.137282233198121162e+00,1.868893565750418206e+00
1.466000000000001080e+00,5.012999836109234795e-08,4.999999912863364315e+00,3.137282233191641012e+00,1.868893565750318064e+00
1.468000000000001082e+00,5.012999836114818595e-08,4.999999912872763019e+00,3.137282233212615790e+00,1.868893565750607388e+00
1.470000000000001084e+00,5.012999836120401733e-08,4.999999912882162612e+00,3.137282233241008633e+00,1.868893565751030827e+00
1.472000000000001085e+00,5.012999836125986857e-08,4.999999912891563092e+00,3.137282233223728678e+00,1.868893565750803676e+00
1.474000000000001087e+00,5.012999836131573304e-08,4.999999912900962684e+00,3.137282233241520224e+00,1.868893565751027941e+00
1.476000000000001089e+00,5.012999836137157104e-08,4.999999912910362276e+00,3.137282233228077200e+00,1.868893565750858299e+00
1.478000000000001091e+00,5.012999836142742227e-08,4.999999912919761869e+00,3.137282233251865282e+00,1.868893565751178265e+00
1.480000000000001092e+00,5.012999836148326027e-08,4.999999912929160573e+00,3.137282233253115837e+00,1.868893565751222452e+00
1.482000000000001094e+00,5.012999836153912474e-08,4.999999912938561941e+00,3.137282233250898944e+00,1.868893565751183150e+00
1.484000000000001096e+00,5.012999836159496936e-08,4.999999912947961533e+00,3.137282233280854982e+00,1.868893565751604369e+00
1.486000000000001098e+00,5.012999836165081398e-08,4.999999912957359349e+00,3.137282233295605405e+00,1.868893565751840846e+00
1.488000000000001100e+00,5.012999836170666521e-08,4.999999912966760718e+00,3.137282233310555224e+00,1.868893565752054453e+00
1.490000000000001101e+00,5.012999836176251645e-08,4.999999912976160310e+00,3.137282233300920264e+00,1.868893565751923891e+00
1.492000000000001103e+00,5.012999836181836768e-08,4.999999912985560790e+00,3.137282233318257063e+00,1.868893565752155261e+00
1.494000000000001105e+00,5.012999836187419906e-08,4.999999912994959494e+00,3.137282233306036172e+00,1.868893565752000940e+00
1.496000000000001107e+00,5.012999836193005030e-08,4.999999913004359087e+00,3.137282233336702308e+00,1.868893565752418384e+00
1.498000000000001108e+00,5.012999836198590153e-08,4.999999913013758679e+00,3.137282233335963344e+00,1.868893565752439478e+00
1.500000000000001110e+00,5.012999836204174615e-08,4.999999913023158271e+00,3.137282233347019389e+00,1.868893565752584252e+00
1.502000000000001112e+00,5.012999836209758415e-08,4.999999913032558752e+00,3.137282233372712170e+00,1.868893565752957064e+00
1.504000000000001114e+00,5.012999836215344862e-08,4.999999913041957456e+00,3.137282233363134054e+00,1.868893565752840491e+00
1.506000000000001116e+00,5.012999836220928000e-08,4.999999913051357048e+00,3.137282233382574059e+00,1.868893565753096508e+00
1.508000000000001117e+00,5.012999836226513124e-08,4.999999913060756640e+00,3.137282233389310004e+00,1.868893565753212638e+00
1.510000000000001119e+00,5.012999836232097586e-08,4.999999913070156232e+00,3.137282233385501495e+00,1.868893565753157793e+00
1.512000000000001121e+00,5.012999836237683371e-08,4.999999913079556713e+00,3.137282233386098351e+00,1.868893565753158681e+00
1.514000000000001123e+00,5.012999836243265847e-08,4.999999913088955417e+00,3.137282233418015043e+00,1.868893565753613650e+00
1.516000000000001124e+00,5.012999836248852294e-08,4.999999913098355009e+00,3.137282233430492173e+00,1.868893565753818597e+00
1.518000000000001126e+00,5.012999836254436094e-08,4.999999913107755489e+00,3.137282233413780652e+00,1.868893565753581010e+00
1.520000000000001128e+00,5.012999836260021218e-08,4.999999913117155081e+00,3.137282233425688904e+00,1.868893565753728003e+00
1.522000000000001130e+00,5.012999836265607003e-08,4.999999913126553786e+00,3.137282233448908997e+00,1.868893565754074615e+00
1.524000000000001132e+00,5.012999836271191465e-08,4.999999913135953378e+00,3.137282233439870893e+00,1.868893565753963149e+00
1.526000000000001133e+00,5.012999836276776588e-08,4.999999913145352970e+00,3.137282233464711023e+00,1.868893565754298658e+00
1.528000000000001135e+00,5.012999836282361050e-08,4.999999913154751674e+00,3.137282233480257254e+00,1.868893565754542907e+00
1.530000000000001137e+00,5.012999836287944850e-08,4.999999913164153043e+00,3.137282233474147031e+00,1.868893565754460973e+00
1.532000000000001139e+00,5.012999836293528650e-08,4.999999913173551747e+00,3.137282233493984940e+00,1.868893565754730091e+00
1.534000000000001140e+00,5.012999836299115097e-08,4.999999913182952227e+00,3.137282233502226791e+00,1.868893565754865982e+00
1.536000000000001142e+00,5.012999836304700882e-08,4.999999913192351819e+00,3.137282233500919393e+00,1.868893565754847552e+00
1.538000000000001144e+00,5.012999836310284021e-08,4.999999913201749635e+00,3.137282233514419705e+00,1.868893565755033848e+00
1.540000000000001146e+00,5.012999836315865174e-08,4.999999913211149227e+00,3.137282233523798425e+00,1.868893565755179065e+00
1.542000000000001148e+00,5.012999836321453606e-08,4.999999913220549708e+00,3.137282233537781906e+00,1.868893565755380681e+00
1.544000000000001149e+00,5.012999836327035421e-08,4.999999913229947524e+00,3.137282233548183807e+00,1.868893565755536557e+00
1.546000000000001151e+00,5.012999836332622529e-08,4.999999913239346228e+00,3.137282233568277512e+00,1.868893565755825437e+00
1.548000000000001153e+00,5.012999836338205668e-08,4.999999913248747596e+00,3.137282233551111243e+00,1.868893565755595398e+00
1.550000000000001155e+00,5.012999836343792115e-08,4.999999913258148077e+00,3.137282233591298652e+00,1.868893565756142516e+00
1.552000000000001156e+00,5.012999836349374591e-08,4.999999913267545892e+00,3.137282233601985215e+00,1.868893565755969544e+00
1.554000000000001158e+00,5.012999836354960376e-08,4.999999913276946373e+00,3.137282233581408342e+00,1.868893565756014397e+00
1.556000000000001160e+00,5.012999836360544838e-08,4.999999913286345077e+00,3.137282233589053337e+00,1.868893565756132080e+00
1.558000000000001162e+00,5.012999836366129962e-08,4.999999913295742893e+00,3.137282233624778982e+00,1.868893565756643671e+00
1.560000000000001164e+00,5.012999836371713100e-08,4.999999913305142485e+00,3.137282233647685992e+00,1.868893565756632791e+00
1.562000000000001165e+00,5.012999836377298223e-08,4.999999913314542077e+00,3.137282233639728357e+00,1.868893565756868602e+00
1.564000000000001167e+00,5.012999836382883347e-08,4.999999913323941669e+00,3.137282233673179821e+00,1.868893565756993391e+00
1.566000000000001169e+00,5.012999836388467147e-08,4.999999913333341262e+00,3.137282233678437837e+00,1.868893565757066666e+00
1.568000000000001171e+00,5.012999836394051609e-08,4.999999913342740854e+00,3.137282233679802079e+00,1.868893565757087760e+00
1.570000000000001172e+00,5.012999836399635409e-08,4.999999913352138670e+00,3.137282233693529321e+00,1.868893565757282271e+00
1.572000000000001174e+00,5.012999836405220532e-08,4.999999913361540038e+00,3.137282233703846401e+00,1.868893565757439257e+00
1.574000000000001176e+00,5.012999836410805656e-08,4.999999913370938742e+00,3.137282233716550461e+00,1.868893565757624220e+00
1.576000000000001178e+00,5.012999836416390779e-08,4.999999913380336558e+00,3.137282233743863280e+00,1.868893565758018571e+00
1.578000000000001180e+00,5.012999836421974579e-08,4.999999913389736150e+00,3.137282233722575864e+00,1.868893565757735242e+00
1.580000000000001181e+00,5.012999836427558379e-08,4.999999913399134854e+00,3.137282233746478077e+00,1.868893565758044550e+00
1.582000000000001183e+00,5.012999836433142841e-08,4.999999913408533558e+00,3.137282233754947303e+00,1.868893565758193098e+00
1.584000000000001185e+00,5.012999836438725979e-08,4.999999913417932262e+00,3.137282233766003348e+00,1.868893565758348529e+00
1.586000000000001187e+00,5.012999836444311103e-08,4.999999913427333631e+00,3.137282233779417950e+00,1.868893565758544595e+00
1.588000000000001188e+00,5.012999836449894241e-08,4.999999913436730559e+00,3.137282233776831575e+00,1.868893565758514841e+00
1.590000000000001190e+00,5.012999836455478041e-08,4.999999913446130151e+00,3.137282233784988605e+00,1.868893565758623643e+00
1.592000000000001192e+00,5.012999836461064488e-08,4.999999913455529743e+00,3.137282233792008768e+00,1.868893565758730224e+00
1.594000000000001194e+00,5.012999836466648288e-08,4.999999913464926671e+00,3.137282233786523378e+00,1.868893565758655617e+00
1.596000000000001195e+00,5.012999836472232088e-08,4.999999913474325375e+00,3.137282233812983545e+00,1.868893565759022435e+00
1.598000000000001197e+00,5.012999836477817873e-08,4.999999913483726743e+00,3.137282233821907518e+00,1.868893565759174313e+00
1.600000000000001199e+00,5.012999836483402335e-08,4.999999913493123671e+00,3.137282233824039146e+00,1.868893565759203623e+00
1.602000000000001201e+00,5.012999836488984150e-08,4.999999913502522375e+00,3.137282233833588840e+00,1.868893565759336184e+00
1.604000000000001203e+00,5.012999836494569935e-08,4.999999913511921967e+00,3.137282233855643199e+00,1.868893565759656372e+00
1.606000000000001204e+00,5.012999836500154397e-08,4.999999913521320671e+00,3.137282233873577297e+00,1.868893565759927267e+00
1.608000000000001206e+00,5.012999836505736873e-08,4.999999913530718487e+00,3.137282233875538395e+00,1.868893565759960129e+00
1.610000000000001208e+00,5.012999836511321335e-08,4.999999913540117191e+00,3.137282233890402505e+00,1.868893565760165520e+00
1.612000000000001210e+00,5.012999836516905797e-08,4.999999913549515007e+00,3.137282233898502248e+00,1.868893565760292974e+00
1.614000000000001211e+00,5.012999836522488273e-08,4.999999913558913711e+00,3.137282233897110029e+00,1.868893565760273878e+00
1.616000000000001213e+00,5.012999836528072735e-08,4.999999913568312415e+00,3.137282233908933016e+00,1.868893565760437525e+00
1.618000000000001215e+00,5.012999836533657197e-08,4.999999913577711119e+00,3.137282233914020502e+00,1.868893565760519460e+00
1.620000000000001217e+00,5.012999836539241659e-08,4.999999913587108935e+00,3.137282233909046703e+00,1.868893565760449738e+00
1.622000000000001219e+00,5.012999836544824797e-08,4.999999913596508527e+00,3.137282233948097243e+00,1.868893565760996189e+00
1.624000000000001220e+00,5.012999836550408597e-08,4.999999913605906343e+00,3.137282233940622334e+00,1.868893565760927356e+00
1.626000000000001222e+00,5.012999836555993720e-08,4.999999913615305047e+00,3.137282233938889053e+00,1.868893565760880948e+00
1.628000000000001224e+00,5.012999836561578182e-08,4.999999913624702863e+00,3.137282233936700582e+00,1.868893565760849862e+00
1.630000000000001226e+00,5.012999836567162644e-08,4.999999913634101567e+00,3.137282233979445945e+00,1.868893565761455156e+00
1.632000000000001227e+00,5.012999836572745120e-08,4.999999913643498495e+00,3.137282233971800505e+00,1.868893565761385878e+00
1.634000000000001229e+00,5.012999836578329582e-08,4.999999913652897199e+00,3.137282233995873248e+00,1.868893565761703179e+00
1.636000000000001231e+00,5.012999836583912059e-08,4.999999913662295015e+00,3.137282233991467884e+00,1.868893565761663433e+00
1.638000000000001233e+00,5.012999836589495859e-08,4.999999913671691942e+00,3.137282234007809922e+00,1.868893565761882813e+00
1.640000000000001235e+00,5.012999836595079659e-08,4.999999913681089758e+00,3.137282234007696236e+00,1.868893565761895914e+00
1.642000000000001236e+00,5.012999836600661473e-08,4.999999913690486686e+00,3.137282234014659554e+00,1.868893565761989173e+00
1.644000000000001238e+00,5.012999836606244612e-08,4.999999913699885390e+00,3.137282234014602711e+00,1.868893565761994280e+00
1.646000000000001240e+00,5.012999836611829735e-08,4.999999913709283206e+00,3.137282234025800420e+00,1.868893565762151043e+00
1.648000000000001242e+00,5.012999836617414197e-08,4.999999913718681022e+00,3.137282234043393014e+00,1.868893565762409281e+00
1.650000000000001243e+00,5.012999836622996673e-08,4.999999913728077061e+00,3.137282234038789142e+00,1.868893565762355546e+00
1.652000000000001245e+00,5.012999836628580473e-08,4.999999913737474877e+00,3.137282234052914287e+00,1.868893565762544728e+00
1.654000000000001247e+00,5.012999836634164273e-08,4.999999913746871805e+00,3.137282234083097698e+00,1.868893565762985487e+00
1.656000000000001249e+00,5.012999836639746750e-08,4.999999913756268732e+00,3.137282234075452259e+00,1.868893565762898668e+00
1.658000000000001251e+00,5.012999836645329888e-08,4.999999913765664772e+00,3.137282234107056311e+00,1.868893565763328768e+00
1.660000000000001252e+00,5.012999836650913688e-08,4.999999913775061700e+00,3.137282234090174260e+00,1.868893565763118270e+00
1.662000000000001254e+00,5.012999836656494179e-08,4.999999913784458627e+00,3.137282234122716673e+00,1.868893565763553033e+00
1.664000000000001256e+00,5.012999836662077979e-08,4.999999913793855555e+00,3.137282234095744915e+00,1.868893565763205089e+00
1.666000000000001258e+00,5.012999836667659794e-08,4.999999913803250706e+00,3.137282234113479618e+00,1.868893565763421138e+00
1.668000000000001259e+00,5.012999836673241609e-08,4.999999913812645858e+00,3.137282234146590465e+00,1.868893565763915854e+00
1.670000000000001261e+00,5.012999836678825409e-08,4.999999913822042785e+00,3.137282234149062710e+00,1.868893565763974696e+00
1.672000000000001263e+00,5.012999836684408547e-08,4.999999913831438825e+00,3.137282234143265125e+00,1.868893565763880105e+00
1.674000000000001265e+00,5.012999836689990362e-08,4.999999913840833976e+00,3.137282234145680970e+00,1.868893565763907638e+00
1.676000000000001267e+00,5.012999836695573500e-08,4.999999913850230016e+00,3.137282234148494275e+00,1.868893565763952047e+00
1.678000000000001268e+00,5.012999836701155977e-08,4.999999913859625167e+00,3.137282234166627326e+00,1.868893565764211617e+00
1.680000000000001270e+00,5.012999836706736468e-08,4.999999913869020318e+00,3.137282234191779651e+00,1.868893565764583098e+00
1.682000000000001272e+00,5.012999836712317621e-08,4.999999913878415470e+00,3.137282234191694386e+00,1.868893565764596865e+00
1.684000000000001274e+00,5.012999836717899436e-08,4.999999913887809733e+00,3.137282234210878595e+00,1.868893565764857989e+00
1.686000000000001275e+00,5.012999836723481912e-08,4.999999913897203996e+00,3.137282234190074348e+00,1.868893565764579545e+00
1.688000000000001277e+00,5.012999836729063065e-08,4.999999913906598259e+00,3.137282234228443212e+00,1.868893565765099130e+00
1.690000000000001279e+00,5.012999836734644219e-08,4.999999913915993410e+00,3.137282234220030386e+00,1.868893565765020082e+00
1.692000000000001281e+00,5.012999836740224048e-08,4.999999913925385009e+00,3.137282234257006142e+00,1.868893565765522569e+00
1.694000000000001283e+00,5.012999836745805863e-08,4.999999913934778384e+00,3.137282234239953560e+00,1.868893565765314735e+00
1.696000000000001284e+00,5.012999836751387678e-08,4.999999913944171759e+00,3.137282234246405288e+00,1.868893565765378684e+00
1.698000000000001286e+00,5.012999836756966845e-08,4.999999913953563357e+00,3.137282234245296841e+00,1.868893565765373355e+00
1.700000000000001288e+00,5.012999836762547337e-08,4.999999913962956732e+00,3.137282234276133508e+00,1.868893565765808118e+00
1.702000000000001290e+00,5.012999836768129813e-08,4.999999913972349219e+00,3.137282234280766247e+00,1.868893565765900711e+00
1.704000000000001291e+00,5.012999836773707658e-08,4.999999913981739041e+00,3.137282234280084126e+00,1.868893565765883613e+00
1.706000000000001293e+00,5.012999836779287487e-08,4.999999913991130640e+00,3.137282234282386284e+00,1.868893565765912035e+00
1.708000000000001295e+00,5.012999836784865993e-08,4.999999914000521350e+00,3.137282234301797867e+00,1.868893565766190035e+00
1.710000000000001297e+00,5.012999836790446484e-08,4.999999914009912061e+00,3.137282234318054641e+00,1.868893565766436948e+00
1.712000000000001299e+00,5.012999836796024329e-08,4.999999914019301883e+00,3.137282234303986339e+00,1.868893565766244436e+00
1.714000000000001300e+00,5.012999836801602835e-08,4.999999914028691705e+00,3.137282234333601316e+00,1.868893565766645226e+00
1.716000000000001302e+00,5.012999836807182003e-08,4.999999914038078863e+00,3.137282234323312657e+00,1.868893565766529541e+00
1.718000000000001304e+00,5.012999836812760509e-08,4.999999914047467797e+00,3.137282234359094701e+00,1.868893565767017817e+00
1.720000000000001306e+00,5.012999836818335706e-08,4.999999914056854067e+00,3.137282234352728683e+00,1.868893565766962084e+00
1.722000000000001307e+00,5.012999836823914874e-08,4.999999914066241224e+00,3.137282234370861289e+00,1.868893565767199449e+00
1.724000000000001309e+00,5.012999836829490071e-08,4.999999914075626606e+00,3.137282234366825406e+00,1.868893565767159926e+00
1.726000000000001311e+00,5.012999836835064607e-08,4.999999914085011987e+00,3.137282234395388780e+00,1.868893565767554277e+00
1.728000000000001313e+00,5.012999836840640466e-08,4.999999914094395592e+00,3.137282234373106604e+00,1.868893565767265175e+00
1.730000000000001315e+00,5.012999836846217648e-08,4.999999914103778309e+00,3.137282234384560109e+00,1.868893565767396847e+00
1.732000000000001316e+00,5.012999836851788875e-08,4.999999914113161026e+00,3.137282234415567750e+00,1.868893565767854703e+00
1.734000000000001318e+00,5.012999836857363411e-08,4.999999914122541078e+00,3.137282234412270832e+00,1.868893565767831833e+00
1.736000000000001320e+00,5.012999836862937285e-08,4.999999914131922019e+00,3.137282234434609851e+00,1.868893565768133147e+00
1.738000000000001322e+00,5.012999836868510497e-08,4.999999914141302071e+00,3.137282234453623531e+00,1.868893565768057874e+00
1.740000000000001323e+00,5.012999836874081724e-08,4.999999914150677682e+00,3.137282234478662613e+00,1.868893565768763532e+00
1.742000000000001325e+00,5.012999836879650965e-08,4.999999914160054182e+00,3.137282234478861564e+00,1.868893565768448006e+00
1.744000000000001327e+00,5.012999836885222854e-08,4.999999914169429793e+00,3.137282234473660392e+00,1.868893565768697806e+00
1.746000000000001329e+00,5.012999836890790110e-08,4.999999914178800964e+00,3.137282234523510738e+00,1.868893565769065512e+00
1.748000000000001330e+00,5.012999836896357367e-08,4.999999914188171246e+00,3.137282234519333191e+00,1.868893565769021103e+00
1.750000000000001332e+00,5.012999836901924623e-08,4.999999914197541528e+00,3.137282234549828797e+00,1.868893565769438991e+00
1.752000000000001334e+00,5.012999836907489232e-08,4.999999914206906482e+00,3.137282234552472016e+00,1.868893565769504495e+00
1.754000000000001336e+00,5.012999836913051857e-08,4.999999914216271435e+00,3.137282234549999327e+00,1.868893565769461196e+00
1.756000000000001338e+00,5.012999836918615804e-08,4.999999914225634612e+00,3.137282234560714311e+00,1.868893565769607967e+00
1.758000000000001339e+00,5.012999836924175781e-08,4.999999914234991572e+00,3.137282234540791137e+00,1.868893565769336185e+00
1.760000000000001341e+00,5.012999836929736420e-08,4.999999914244348531e+00,3.137282234577397411e+00,1.868893565769832898e+00
1.762000000000001343e+00,5.012999836935292427e-08,4.999999914253701938e+00,3.137282234569211958e+00,1.868893565769757181e+00
1.764000000000001345e+00,5.012999836940844463e-08,4.999999914263049128e+00,3.137282234587031926e+00,1.868893565769989662e+00
1.766000000000001346e+00,5.012999836946397823e-08,4.999999914272393653e+00,3.137282234577312146e+00,1.868893565769868648e+00
1.768000000000001348e+00,5.012999836951948536e-08,4.999999914281733737e+00,3.137282234603488096e+00,1.868893565770225473e+00
1.770000000000001350e+00,5.012999836957494616e-08,4.999999914291069381e+00,3.137282234611076248e+00,1.868893565770358922e+00
1.772000000000001352e+00,5.012999836963038050e-08,4.999999914300398807e+00,3.137282234606983522e+00,1.868893565770298304e+00
1.774000000000001354e+00,5.012999836968576851e-08,4.999999914309722904e+00,3.137282234624235500e+00,1.868893565770534115e+00
1.776000000000001355e+00,5.012999836974111021e-08,4.999999914319039895e+00,3.137282234670391023e+00,1.868893565771206244e+00
1.778000000000001357e+00,5.012999836979642543e-08,4.999999914328349782e+00,3.137282234667662983e+00,1.868893565771202026e+00
1.780000000000001359e+00,5.012999836985169433e-08,4.999999914337650786e+00,3.137282234660387026e+00,1.868893565771078347e+00
1.782000000000001361e+00,5.012999836990689044e-08,4.999999914346942020e+00,3.137282234688438809e+00,1.868893565771468701e+00
1.784000000000001362e+00,5.012999836996205346e-08,4.999999914356225261e+00,3.137282234664394487e+00,1.868893565771155396e+00
1.786000000000001364e+00,5.012999837001713045e-08,4.999999914365494291e+00,3.137282234693270055e+00,1.868893565771533760e+00
1.788000000000001366e+00,5.012999837007213465e-08,4.999999914374751775e+00,3.137282234690541571e+00,1.868893565771527321e+00
1.790000000000001368e+00,5.012999837012703298e-08,4.999999914383993271e+00,3.137282234720469187e+00,1.868893565771940768e+00
1.792000000000001370e+00,5.012999837018183865e-08,4.999999914393217892e+00,3.137282234737408082e+00,1.868893565772207666e+00
1.794000000000001371e+00,5.012999837023655831e-08,4.999999914402427414e+00,3.137282234719616536e+00,1.868893565771958087e+00
1.796000000000001373e+00,5.012999837029121178e-08,4.999999914411623614e+00,3.137282234740875531e+00,1.868893565772236531e+00
1.798000000000001375e+00,5.012999837034571968e-08,4.999999914420802938e+00,3.137282234759917632e+00,1.868893565772532295e+00
1.800000000000001377e+00,5.012999837040014816e-08,4.999999914429961834e+00,3.137282234741415543e+00,1.868893565772278498e+00
1.802000000000001378e+00,5.012999837045445753e-08,4.999999914439103854e+00,3.137282234750794707e+00,1.868893565772386189e+00
1.804000000000001380e+00,5.012999837050866102e-08,4.999999914448224558e+00,3.137282234763555611e+00,1.868893565772582033e+00
1.806000000000001382e+00,5.012999837056271893e-08,4.999999914457323946e+00,3.137282234765971456e+00,1.868893565772625998e+00
1.808000000000001384e+00,5.012999837061664449e-08,4.999999914466397577e+00,3.137282234793312696e+00,1.868893565773010135e+00
1.810000000000001386e+00,5.012999837067039138e-08,4.999999914475444562e+00,3.137282234793824287e+00,1.868893565773040999e+00
1.812000000000001387e+00,5.012999837072396621e-08,4.999999914484464902e+00,3.137282234801355596e+00,1.868893565773138032e+00
1.814000000000001389e+00,5.012999837077737561e-08,4.999999914493453268e+00,3.137282234780437662e+00,1.868893565772845600e+00
1.816000000000001391e+00,5.012999837083059310e-08,4.999999914502408771e+00,3.137282234838388195e+00,1.868893565773646070e+00
1.818000000000001393e+00,5.012999837088359883e-08,4.999999914511330523e+00,3.137282234854304352e+00,1.868893565773930954e+00
1.820000000000001394e+00,5.012999837093636634e-08,4.999999914520209643e+00,3.137282234850581109e+00,1.868893565773871890e+00
1.822000000000001396e+00,5.012999837098889562e-08,4.999999914529051459e+00,3.137282234856322294e+00,1.868893565773939835e+00
1.824000000000001398e+00,5.012999837104113373e-08,4.999999914537845314e+00,3.137282234857742935e+00,1.868893565773966703e+00
1.826000000000001400e+00,5.012999837109309390e-08,4.999999914546591206e+00,3.137282234848563167e+00,1.868893565773836141e+00
1.828000000000001402e+00,5.012999837114475630e-08,4.999999914555286473e+00,3.137282234898868705e+00,1.868893565774541132e+00
1.830000000000001403e+00,5.012999837119605473e-08,4.999999914563922232e+00,3.137282234904950506e+00,1.868893565774675025e+00
1.832000000000001405e+00,5.012999837124702891e-08,4.999999914572499371e+00,3.137282234905064193e+00,1.868893565774662813e+00
1.834000000000001407e+00,5.012999837129757957e-08,4.999999914581009008e+00,3.137282234905661049e+00,1.868893565774667254e+00
1.836000000000001409e+00,5.012999837134769348e-08,4.999999914589445815e+00,3.137282234908872702e+00,1.868893565774713883e+00
1.838000000000001410e+00,5.012999837139737726e-08,4.999999914597806239e+00,3.137282234923736812e+00,1.868893565774927046e+00
1.840000000000001412e+00,5.012999837144657134e-08,4.999999914606084062e+00,3.137282234957899263e+00,1.868893565775423316e+00
1.842000000000001414e+00,5.012999837149520294e-08,4.999999914614268626e+00,3.137282234936356051e+00,1.868893565775142429e+00
1.844000000000001416e+00,5.012999837154327868e-08,4.999999914622359043e+00,3.137282234986320084e+00,1.868893565775817223e+00
1.846000000000001418e+00,5.012999837159069929e-08,4.999999914630341991e+00,3.137282234968386430e+00,1.868893565775614052e+00
1.848000000000001419e+00,5.012999837163745154e-08,4.999999914638212140e+00,3.137282235009057008e+00,1.868893565776158283e+00
1.850000000000001421e+00,5.012999837168348910e-08,4.999999914645959720e+00,3.137282234995841357e+00,1.868893565776010401e+00
1.852000000000001423e+00,5.012999837172871934e-08,4.999999914653573185e+00,3.137282235026706445e+00,1.868893565776422738e+00
1.854000000000001425e+00,5.012999837177310916e-08,4.999999914661043654e+00,3.137282235007976983e+00,1.868893565776186927e+00
1.856000000000001426e+00,5.012999837181657915e-08,4.999999914668360468e+00,3.137282235019033028e+00,1.868893565776317045e+00
1.858000000000001428e+00,5.012999837185904330e-08,4.999999914675508528e+00,3.137282235041315204e+00,1.868893565776648336e+00
1.860000000000001430e+00,5.012999837190043542e-08,4.999999914682475399e+00,3.137282235054843493e+00,1.868893565776857280e+00
1.862000000000001432e+00,5.012999837194068272e-08,4.999999914689247760e+00,3.137282235063171054e+00,1.868893565776977406e+00
1.864000000000001434e+00,5.012999837197964623e-08,4.999999914695806957e+00,3.137282235071896075e+00,1.868893565777102195e+00
1.866000000000001435e+00,5.012999837201725979e-08,4.999999914702137893e+00,3.137282235090057103e+00,1.868893565777363763e+00
1.868000000000001437e+00,5.012999837205343074e-08,4.999999914708224580e+00,3.137282235056463531e+00,1.868893565776899912e+00
1.870000000000001439e+00,5.012999837208800689e-08,4.999999914714043037e+00,3.137282235102022643e+00,1.868893565777509425e+00
1.872000000000001441e+00,5.012999837212086912e-08,4.999999914719574612e+00,3.137282235123821650e+00,1.868893565777871135e+00
1.874000000000001442e+00,5.012999837215188509e-08,4.999999914724793548e+00,3.137282235147922815e+00,1.868893565778217081e+00
1.876000000000001444e+00,5.012999837218088935e-08,4.999999914729678530e+00,3.137282235171199307e+00,1.868893565778556587e+00
1.878000000000001446e+00,5.012999837220775618e-08,4.999999914734200246e+00,3.137282235169977618e+00,1.868893565778550370e+00
1.880000000000001448e+00,5.012999837223229366e-08,4.999999914738330276e+00,3.137282235184642776e+00,1.868893565778747767e+00
1.882000000000001450e+00,5.012999837225431652e-08,4.999999914742034868e+00,3.137282235181118484e+00,1.868893565778710020e+00
1.884000000000001451e+00,5.012999837227361299e-08,4.999999914745282936e+00,3.137282235204509107e+00,1.868893565779034205e+00
1.886000000000001453e+00,5.012999837228997131e-08,4.999999914748036289e+00,3.137282235219572168e+00,1.868893565779268462e+00
1.888000000000001455e+00,5.012999837230314664e-08,4.999999914750254959e+00,3.137282235210733461e+00,1.868893565779148336e+00
1.890000000000001457e+00,5.012999837231292061e-08,4.999999914751898089e+00,3.137282235256547924e+00,1.868893565779783383e+00
1.892000000000001458e+00,5.012999837231894910e-08,4.999999914752915942e+00,3.137282235287612409e+00,1.868893565779902843e+00
1.894000000000001460e+00,5.012999837232102036e-08,4.999999914753262331e+00,3.137282235285622889e+00,1.868893565780227028e+00
1.896000000000001462e+00,5.012999837231873734e-08,4.999999914752878638e+00,3.137282235319529100e+00,1.868893565780360255e+00
1.898000000000001464e+00,5.012999837231180226e-08,4.999999914751710683e+00,3.137282235354885263e+00,1.868893565780858523e+00
1.900000000000001465e+00,5.012999837229981145e-08,4.999999914749691854e+00,3.137282235391406271e+00,1.868893565781404753e+00
1.902000000000001467e+00,5.012999837228236125e-08,4.999999914746756424e+00,3.137282235395754793e+00,1.868893565781484911e+00
1.904000000000001469e+00,5.012999837225902814e-08,4.999999914742828899e+00,3.137282235437192757e+00,1.868893565782061117e+00
1.906000000000001471e+00,5.012999837222934228e-08,4.999999914737832007e+00,3.137282235429348365e+00,1.868893565781983179e+00
1.908000000000001473e+00,5.012999837219276766e-08,4.999999914731676043e+00,3.137282235503755068e+00,1.868893565783015243e+00
1.910000000000001474e+00,5.012999837214876165e-08,4.999999914724268635e+00,3.137282235478715986e+00,1.868893565782728361e+00
1.912000000000001476e+00,5.012999837209672207e-08,4.999999914715512084e+00,3.137282235513474848e+00,1.868893565783170452e+00
1.914000000000001478e+00,5.012999837203603348e-08,4.999999914705297144e+00,3.137282235563183530e+00,1.868893565783911859e+00
1.916000000000001480e+00,5.012999837196596136e-08,4.999999914693503911e+00,3.137282235600926672e+00,1.868893565784480737e+00
1.918000000000001481e+00,5.012999837188579763e-08,4.999999914680010704e+00,3.137282235588392698e+00,1.868893565784315314e+00
1.920000000000001483e+00,5.012999837179467541e-08,4.999999914664673639e+00,3.137282235658109819e+00,1.868893565785276323e+00
1.922000000000001485e+00,5.012999837169173444e-08,4.999999914647349719e+00,3.137282235680278308e+00,1.868893565785656019e+00
1.924000000000001487e+00,5.012999837157606150e-08,4.999999914627878184e+00,3.137282235754201842e+00,1.868893565786699185e+00
1.926000000000001489e+00,5.012999837144658458e-08,4.999999914606085838e+00,3.137282235746243764e+00,1.868893565786639899e+00
1.928000000000001490e+00,5.012999837105165546e-08,4.999999914539905888e+00,3.137282235774380812e+00,1.868893565787002498e+00
1.930000000000001492e+00,5.012999837089121551e-08,4.999999914512899934e+00,3.137282235843926959e+00,1.868893565788013689e+00
1.932000000000001494e+00,5.012999837071336506e-08,4.999999914482966545e+00,3.137282235888320781e+00,1.868893565788696032e+00
1.934000000000001496e+00,5.012999837051673431e-08,4.999999914449871241e+00,3.137282235940786368e+00,1.868893565789452094e+00
1.936000000000001497e+00,5.012999837029982108e-08,4.999999914413361779e+00,3.137282235967842947e+00,1.868893565789863320e+00
1.938000000000001499e+00,5.012999837006096441e-08,4.999999914373160159e+00,3.137282236056175844e+00,1.868893565791117428e+00
1.940000000000001501e+00,5.012999836979842390e-08,4.999999914328974171e+00,3.137282236113131617e+00,1.868893565791627021e+00
1.942000000000001503e+00,5.012999836951032020e-08,4.999999914280482294e+00,3.137282236196803353e+00,1.868893565792806744e+00
1.944000000000001505e+00,5.012999836919455558e-08,4.999999914227335474e+00,3.137282236292724846e+00,1.868893565794224498e+00
1.946000000000001506e+00,5.012999836884891981e-08,4.999999914169162452e+00,3.137282236356587095e+00,1.868893565795182399e+00
1.948000000000001508e+00,5.012999836847101739e-08,4.999999914105557330e+00,3.137282236462967333e+00,1.868893565796708511e+00
1.950000000000001510e+00,5.012999836805828073e-08,4.999999914036086679e+00,3.137282236513329270e+00,1.868893565797488332e+00
1.952000000000001512e+00,5.012999836760784449e-08,4.999999913960277098e+00,3.137282236653928358e+00,1.868893565799485401e+00
1.954000000000001513e+00,5.012999836711674406e-08,4.999999913877618773e+00,3.137282236726715023e+00,1.868893565800617607e+00
1.956000000000001515e+00,5.012999836633416502e-08,4.999999913745844182e+00,3.137282236834828986e+00,1.868893565802159928e+00
1.958000000000001517e+00,5.012999836575160488e-08,4.999999913647792837e+00,3.137282236960819759e+00,1.868893565803644519e+00
1.960000000000001519e+00,5.012999836511771321e-08,4.999999913541106622e+00,3.137282237089197956e+00,1.868893565805512136e+00
1.962000000000001521e+00,5.012999836442842030e-08,4.999999913425089204e+00,3.137282237271036056e+00,1.868893565808162016e+00
1.964000000000001522e+00,5.012999836367923289e-08,4.999999913298991849e+00,3.137282237388301365e+00,1.868893565809933710e+00
1.966000000000001524e+00,5.012999836286533349e-08,4.999999913162006315e+00,3.137282237550557351e+00,1.868893565812264068e+00
1.968000000000001526e+00,5.012999836173400849e-08,4.999999912971534677e+00,3.137282237727393674e+00,1.868893565814864433e+00
1.970000000000001528e+00,5.012999836077471721e-08,4.999999912810073610e+00,3.137282237913352922e+00,1.868893565817227431e+00
1.972000000000001529e+00,5.012999835973380636e-08,4.999999912634877752e+00,3.137282238127022893e+00,1.868893565820326508e+00
1.974000000000001531e+00,5.012999835860473130e-08,4.999999912444845762e+00,3.137282238311760008e+00,1.868893565823067204e+00
1.976000000000001533e+00,5.012999835738045767e-08,4.999999912238786592e+00,3.137282238531028611e+00,1.868893565826253989e+00
1.978000000000001535e+00,5.012999835580577710e-08,4.999999911973693756e+00,3.137282238836754722e+00,1.868893565830341164e+00
1.980000000000001537e+00,5.012999835436744236e-08,4.999999911731606517e+00,3.137282239071712109e+00,1.868893565833832815e+00
1.982000000000001538e+00,5.012999835280904070e-08,4.999999911469311442e+00,3.137282239355269287e+00,1.868893565837945747e+00
1.984000000000001540e+00,5.012999835087336528e-08,4.999999911143459208e+00,3.137282239680463380e+00,1.868893565842343785e+00
1.986000000000001542e+00,5.012999834904505128e-08,4.999999910835734696e+00,3.137282239998524069e+00,1.868893565847003613e+00
1.988000000000001544e+00,5.012999834681474736e-08,4.999999910460641850e+00,3.137282240388575172e+00,1.868893565852326910e+00
1.990000000000001545e+00,5.012999834467138342e-08,4.999999910099893974e+00,3.137282240777603537e+00,1.868893565858035455e+00
1.992000000000001547e+00,5.012999834210377510e-08,4.999999909667677933e+00,3.137282241198406485e+00,1.868893565863832817e+00
1.994000000000001549e+00,5.012999833959268637e-08,4.999999909245039120e+00,3.137282241662210147e+00,1.868893565870598295e+00
1.996000000000001551e+00,5.012999833662780635e-08,4.999999908745961896e+00,3.137282242126582688e+00,1.868893565877065122e+00
1.998000000000001553e+00,5.012999833368753662e-08,4.999999908251085756e+00,3.137282242677753352e+00,1.868893565885080488e+00
2.000000000000001332e+00,5.012999833025898548e-08,4.999999907673964294e+00,3.137282243249130964e+00,1.868893565893121833e+00
2.002000000000001112e+00,5.012999832657025625e-08,4.999999907053055637e+00,3.137282243882410171e+00,1.868893565901996068e+00
2.004000000000000892e+00,5.012999832284797658e-08,4.999999906426557672e+00,3.137282244563777578e+00,1.868893565911603716e+00
2.006000000000000671e+00,5.012999831857453655e-08,4.999999905707237069e+00,3.137282245313782525e+00,1.868893565922205013e+00
2.008000000000000451e+00,5.012999831397000589e-08,4.999999904932536765e+00,3.137282246044460710e+00,1.868893565932573608e+00
2.010000000000000231e+00,5.012999830901409552e-08,4.999999904098348047e+00,3.137282246861453405e+00,1.868893565944483193e+00
2.012000000000000011e+00,5.012999830367527333e-08,4.999999903199711326e+00,3.137282247833569127e+00,1.868893565957968184e+00
2.013999999999999790e+00,5.012999829792276818e-08,4.999999902231446747e+00,3.137282248782748528e+00,1.868893565971543769e+00
2.015999999999999570e+00,5.012999829147581513e-08,4.999999901146244596e+00,3.137282249838479142e+00,1.868893565986588401e+00
2.017999999999999350e+00,5.012999828479050171e-08,4.999999900021327548e+00,3.137282250936869410e+00,1.868893566002327145e+00
2.019999999999999130e+00,5.012999827758655267e-08,4.999999898808771270e+00,3.137282252204734778e+00,1.868893566020104036e+00
2.021999999999998909e+00,5.012999826957152326e-08,4.999999897459641574e+00,3.137282253532824861e+00,1.868893566038839049e+00
2.023999999999998689e+00,5.012999826094760289e-08,4.999999896008031186e+00,3.137282254938646098e+00,1.868893566059040001e+00
2.025999999999998469e+00,5.012999825191034368e-08,4.999999894487260121e+00,3.137282256522384127e+00,1.868893566081463176e+00
2.027999999999998249e+00,5.012999824191795556e-08,4.999999892805318424e+00,3.137282258223301756e+00,1.868893566105639614e+00
2.029999999999998028e+00,5.012999823115772545e-08,4.999999890994147655e+00,3.137282259993765976e+00,1.868893566130845896e+00
2.031999999999997808e+00,5.012999821931746216e-08,4.999999889001481179e+00,3.137282261999102317e+00,1.868893566159028685e+00
2.033999999999997588e+00,5.012999820683155463e-08,4.999999886899857415e+00,3.137282264077395855e+00,1.868893566188765121e+00
2.035999999999997367e+00,5.012999819312689903e-08,4.999999884593397503e+00,3.137282266316324897e+00,1.868893566220422908e+00
2.037999999999997147e+00,5.012999817837926133e-08,4.999999882111041849e+00,3.137282268817154662e+00,1.868893566255865668e+00
2.039999999999996927e+00,5.012999816249849206e-08,4.999999879438318473e+00,3.137282271435079650e+00,1.868893566293148512e+00
2.041999999999996707e+00,5.012999814539983500e-08,4.999999876560264234e+00,3.137282274366830492e+00,1.868893566334516088e+00
2.043999999999996486e+00,5.012999812673161266e-08,4.999999873418322416e+00,3.137282277428664390e+00,1.868893566378292626e+00
2.045999999999996266e+00,5.012999810664134772e-08,4.999999870036689664e+00,3.137282280748448393e+00,1.868893566425387620e+00
2.047999999999996046e+00,5.012999808500847036e-08,4.999999866395767434e+00,3.137282284423240419e+00,1.868893566477287438e+00
2.049999999999995826e+00,5.012999806146473960e-08,4.999999862433171849e+00,3.137282288299878985e+00,1.868893566532613848e+00
2.051999999999995605e+00,5.012999803612403507e-08,4.999999858168120426e+00,3.137282292537550976e+00,1.868893566592397359e+00
2.053999999999995385e+00,5.012999800884187146e-08,4.999999853576306386e+00,3.137282297120141283e+00,1.868893566657612526e+00
2.055999999999995165e+00,5.012999797921474346e-08,4.999999848589748552e+00,3.137282302041739079e+00,1.868893566727472866e+00
2.057999999999994944e+00,5.012999794732155086e-08,4.999999843221789142e+00,3.137282307343866705e+00,1.868893566802854789e+00
2.059999999999994724e+00,5.012999791273269576e-08,4.999999837400062930e+00,3.137282313093313846e+00,1.868893566884420432e+00
2.061999999999994504e+00,5.012999787549890750e-08,4.999999831133164818e+00,3.137282319319894874e+00,1.868893566972604559e+00
2.063999999999994284e+00,5.012999783516010820e-08,4.999999824343602128e+00,3.137282326022188261e+00,1.868893567067760664e+00
2.065999999999994063e+00,5.012999779148359543e-08,4.999999816992555246e+00,3.137282333254790778e+00,1.868893567170306413e+00
2.067999999999993843e+00,5.012999774447181102e-08,4.999999809080144075e+00,3.137282341082616721e+00,1.868893567281543433e+00
2.069999999999993623e+00,5.012999769361222724e-08,4.999999800519700166e+00,3.137282349538236481e+00,1.868893567401635369e+00
2.071999999999993403e+00,5.012999763860915681e-08,4.999999791262150772e+00,3.137282358706856566e+00,1.868893567531763944e+00
2.073999999999993182e+00,5.012999757940028325e-08,4.999999781296716073e+00,3.137282368567899660e+00,1.868893567671705336e+00
2.075999999999992962e+00,5.012999751515254304e-08,4.999999770483068318e+00,3.137282379203560456e+00,1.868893567822571544e+00
2.077999999999992742e+00,5.012999744574525382e-08,4.999999758801297212e+00,3.137282390772910823e+00,1.868893567986700033e+00
2.079999999999992522e+00,5.012999737103741771e-08,4.999999746227034692e+00,3.137282403186283375e+00,1.868893568162929064e+00
2.081999999999992301e+00,5.012999729010172554e-08,4.999999732604784697e+00,3.137282416641260507e+00,1.868893568353916734e+00
2.083999999999992081e+00,5.012999720272819915e-08,4.999999717898914398e+00,3.137282431158334717e+00,1.868893568559791163e+00
2.085999999999991861e+00,5.012999710817184660e-08,4.999999701983966816e+00,3.137282446843544292e+00,1.868893568782346692e+00
2.087999999999991640e+00,5.012999700614263853e-08,4.999999684811193390e+00,3.137282463811768007e+00,1.868893569023322376e+00
2.089999999999991420e+00,5.012999689605685010e-08,4.999999666282689326e+00,3.137282482103790127e+00,1.868893569282984224e+00
2.091999999999991200e+00,5.012999677679516699e-08,4.999999646209589699e+00,3.137282501868593698e+00,1.868893569563408130e+00
2.093999999999990980e+00,5.012999664817477567e-08,4.999999624561247025e+00,3.137282523254934841e+00,1.868893569866828086e+00
2.095999999999990759e+00,5.012999650921285321e-08,4.999999601172527619e+00,3.137282546315677045e+00,1.868893570194433584e+00
2.097999999999990539e+00,5.012999635887386876e-08,4.999999575868722346e+00,3.137282571287454580e+00,1.868893570548491034e+00
2.099999999999990319e+00,5.012999619679812448e-08,4.999999548589407539e+00,3.137282598245611176e+00,1.868893570931270842e+00
2.101999999999990099e+00,5.012999602131667428e-08,4.999999519053846875e+00,3.137282627341603458e+00,1.868893571344262483e+00
2.103999999999989878e+00,5.012999583192998051e-08,4.999999487177728241e+00,3.137282658786031853e+00,1.868893571790476438e+00
2.105999999999989658e+00,5.012999562730971681e-08,4.999999452737760919e+00,3.137282692778525561e+00,1.868893572272887438e+00
2.107999999999989438e+00,5.012999540629458779e-08,4.999999415538126435e+00,3.137282729473127585e+00,1.868893572793774771e+00
2.109999999999989218e+00,5.012999516737604100e-08,4.999999375325201001e+00,3.137282769145209649e+00,1.868893573356728233e+00
2.111999999999988997e+00,5.012999490919505178e-08,4.999999331870233377e+00,3.137282811992270659e+00,1.868893573964706789e+00
2.113999999999988777e+00,5.012999463053384483e-08,4.999999284967959312e+00,3.137282858292239407e+00,1.868893574621725229e+00
2.115999999999988557e+00,5.012999432906065757e-08,4.999999234226061517e+00,3.137282908284763749e+00,1.868893575331343149e+00
2.117999999999988336e+00,5.012999400380417482e-08,4.999999179481225298e+00,3.137282962307400780e+00,1.868893576098082487e+00
2.119999999999988116e+00,5.012999365217045081e-08,4.999999120296656940e+00,3.137283020666899347e+00,1.868893576926470290e+00
2.121999999999987896e+00,5.012999327216222818e-08,4.999999056335822090e+00,3.137283083719461185e+00,1.868893577821334695e+00
2.123999999999987676e+00,5.012999286185992514e-08,4.999998987276356388e+00,3.137283151823135441e+00,1.868893578787919507e+00
2.125999999999987455e+00,5.012999241843686700e-08,4.999998912642002580e+00,3.137283225451900748e+00,1.868893579832761498e+00
2.127999999999987235e+00,5.012999193937076169e-08,4.999998832008181182e+00,3.137283304943315088e+00,1.868893580960897083e+00
2.129999999999987015e+00,5.012999142168908607e-08,4.999998744874476486e+00,3.137283390859973764e+00,1.868893582180055857e+00
2.131999999999986795e+00,5.012999086269232628e-08,4.999998650786882770e+00,3.137283483662696160e+00,1.868893583497465150e+00
2.133999999999986574e+00,5.012999025846048000e-08,4.999998549085017174e+00,3.137283583921070651e+00,1.868893584920326534e+00
2.135999999999986354e+00,5.012998960580180798e-08,4.999998439232011371e+00,3.137283692265590229e+00,1.868893586457808453e+00
2.137999999999986134e+00,5.012998890075960094e-08,4.999998320561397591e+00,3.137283809324049155e+00,1.868893588119171945e+00
2.139999999999985913e+00,5.012998813907274054e-08,4.999998192356168936e+00,3.137283935711792093e+00,1.868893589913077191e+00
2.141999999999985693e+00,5.012998731615782562e-08,4.999998053845040147e+00,3.137284072311693262e+00,1.868893591851568781e+00
2.143999999999985473e+00,5.012998642684493102e-08,4.999997904156893824e+00,3.137284219898567983e+00,1.868893593946131304e+00
2.145999999999985253e+00,5.012998546631837665e-08,4.999997742481768981e+00,3.137284379289523084e+00,1.868893596208334840e+00
2.147999999999985032e+00,5.012998442837212416e-08,4.999997567774742357e+00,3.137284551573655822e+00,1.868893598653266652e+00
2.149999999999984812e+00,5.012998330735418741e-08,4.999997379083992222e+00,3.137284737602405116e+00,1.868893601293594386e+00
2.151999999999984592e+00,5.012998209589486357e-08,4.999997175168935826e+00,3.137284938663474687e+00,1.868893604147180421e+00
2.153999999999984372e+00,5.012998078710202423e-08,4.999996954869565080e+00,3.137285155861848640e+00,1.868893607229697329e+00
2.155999999999984151e+00,5.012997937328854762e-08,4.999996716891270232e+00,3.137285390538804286e+00,1.868893610560235174e+00
2.157999999999983931e+00,5.012997784591593133e-08,4.999996459796693493e+00,3.137285644065744616e+00,1.868893614158230410e+00
2.159999999999983711e+00,5.012997619555515019e-08,4.999996181998113798e+00,3.137285917945237035e+00,1.868893618045259108e+00
2.161999999999983491e+00,5.012997441257427491e-08,4.999995881873700476e+00,3.137286213865438711e+00,1.868893622244924169e+00
2.163999999999983270e+00,5.012997248658457875e-08,4.999995557674472124e+00,3.137286533546962630e+00,1.868893626782080375e+00
2.165999999999983050e+00,5.012997040539285700e-08,4.999995207347374127e+00,3.137286878887826980e+00,1.868893631683382628e+00
2.167999999999982830e+00,5.012996815742004352e-08,4.999994828941921376e+00,3.137287252007650018e+00,1.868893636978704365e+00
2.169999999999982609e+00,5.012996572838923919e-08,4.999994420054655997e+00,3.137287655133054187e+00,1.868893642699952062e+00
2.171999999999982389e+00,5.012996310449066366e-08,4.999993978359903224e+00,3.137288090656982664e+00,1.868893648881047920e+00
2.173999999999982169e+00,5.012996026932354887e-08,4.999993501094937898e+00,3.137288561181388324e+00,1.868893655558944378e+00
2.175999999999981949e+00,5.012995720676468882e-08,4.999992985544913893e+00,3.137289069526241203e+00,1.868893662773452702e+00
2.177999999999981728e+00,5.012995389791776447e-08,4.999992428526848443e+00,3.137289618727597595e+00,1.868893670567893794e+00
2.179999999999981508e+00,5.012995032298021092e-08,4.999991826705334930e+00,3.137290212054423932e+00,1.868893678988301721e+00
2.181999999999981288e+00,5.012994646113690155e-08,4.999991176573925777e+00,3.137290853079907293e+00,1.868893688086173954e+00
2.183999999999981068e+00,5.012994228869790640e-08,4.999990474142163244e+00,3.137291545597440834e+00,1.868893697914572494e+00
2.185999999999980847e+00,5.012993778120671084e-08,4.999989715289580694e+00,3.137292293823096490e+00,1.868893708533573061e+00
2.187999999999980627e+00,5.012993291155762528e-08,4.999988895449289927e+00,3.137293102162316050e+00,1.868893720005605719e+00
2.189999999999980407e+00,5.012992765058865530e-08,4.999988009707521996e+00,3.137293975445493377e+00,1.868893732399784291e+00
2.191999999999980187e+00,5.012992196666901647e-08,4.999987052734003790e+00,3.137294918945227273e+00,1.868893745790018324e+00
2.193999999999979966e+00,5.012991582651093599e-08,4.999986018918721520e+00,3.137295938230831194e+00,1.868893760256343350e+00
2.195999999999979746e+00,5.012990919274754218e-08,4.999984901963773432e+00,3.137297039495577256e+00,1.868893775885695829e+00
2.197999999999979526e+00,5.012990202620847797e-08,4.999983695265857619e+00,3.137298229204811495e+00,1.868893792770572215e+00
2.199999999999979305e+00,5.012989428370435395e-08,4.999982391543923654e+00,3.137299514568599346e+00,1.868893811012707129e+00
2.201999999999979085e+00,5.012988591952252249e-08,4.999980983090485331e+00,3.137300903217182579e+00,1.868893830720936400e+00
2.203999999999978865e+00,5.012987688318956082e-08,4.999979461393712299e+00,3.137302403452507882e+00,1.868893852013050250e+00
2.205999999999978645e+00,5.012986712115917606e-08,4.999977817422811555e+00,3.137304024302312477e+00,1.868893875016749861e+00
2.207999999999978424e+00,5.012985657503817414e-08,4.999976041326785747e+00,3.137305775428777199e+00,1.868893899869444652e+00
2.209999999999978204e+00,5.012984518198177272e-08,4.999974122502729657e+00,3.137307667284700674e+00,1.868893926719330523e+00
2.211999999999977984e+00,5.012983287360529620e-08,4.999972049410782660e+00,3.137309711161247794e+00,1.868893955726875555e+00
2.213999999999977764e+00,5.012981957709118823e-08,4.999969809759536865e+00,3.137311919339718536e+00,1.868893987066296836e+00
2.215999999999977543e+00,5.012980521253709049e-08,4.999967390059437911e+00,3.137314304934349263e+00,1.868894020923745680e+00
2.217999999999977323e+00,5.012978969473839050e-08,4.999964775922305371e+00,3.137316882296802945e+00,1.868894057503253325e+00
2.219999999999977103e+00,5.012977293098408963e-08,4.999961951687513562e+00,3.137319666768479287e+00,1.868894097021815082e+00
2.221999999999976882e+00,5.012975482126993118e-08,4.999958900457839306e+00,3.137322675051580578e+00,1.868894139716726688e+00
2.223999999999976662e+00,5.012973525798442906e-08,4.999955604045164925e+00,3.137325925098752410e+00,1.868894185843161804e+00
2.225999999999976442e+00,5.012971412407345333e-08,4.999952042658528661e+00,3.137329436303391450e+00,1.868894235676496818e+00
2.227999999999976222e+00,5.012969129410591008e-08,4.999948195083472768e+00,3.137333229747960583e+00,1.868894289515324880e+00
2.229999999999976001e+00,5.012966663185998873e-08,4.999944038270118796e+00,3.137337328072882237e+00,1.868894347681175239e+00
2.231999999999975781e+00,5.012963999077244684e-08,4.999939547409568696e+00,3.137341755720135517e+00,1.868894410521128258e+00
2.233999999999975561e+00,5.012961121191117718e-08,4.999934695585536382e+00,3.137346539222584774e+00,1.868894478412085558e+00
2.235999999999975341e+00,5.012958012454445357e-08,4.999929453870438856e+00,3.137351707156342595e+00,1.868894551759201494e+00
2.237999999999975120e+00,5.012954654374594524e-08,4.999923790912386146e+00,3.137357290402900567e+00,1.868894631000819873e+00
2.239999999999974900e+00,5.012951026982676137e-08,4.999917672838605220e+00,3.137363322333381888e+00,1.868894716611084528e+00
2.241999999999974680e+00,5.012947108748921224e-08,4.999911063105449749e+00,3.137369839031079355e+00,1.868894809101654841e+00
2.243999999999974460e+00,5.012942876390104013e-08,4.999903922165783499e+00,3.137376879412585140e+00,1.868894909025267559e+00
2.245999999999974239e+00,5.012938304814771325e-08,4.999896207369345369e+00,3.137384485602210837e+00,1.868895016979771340e+00
2.247999999999974019e+00,5.012933366911375149e-08,4.999887872595287774e+00,3.137392703067329869e+00,1.868895133610183112e+00
2.249999999999973799e+00,5.012928033398723020e-08,4.999878867989742126e+00,3.137401580850377236e+00,1.868895259613452042e+00
2.251999999999973578e+00,5.012922272742160800e-08,4.999869139809190344e+00,3.137411172066248088e+00,1.868895395743193744e+00
2.253999999999973358e+00,5.012916050830413727e-08,4.999858629862885984e+00,3.137421534034001258e+00,1.868895542813176602e+00
2.255999999999973138e+00,5.012909330891973013e-08,4.999847275351044118e+00,3.137432728701498252e+00,1.868895701702324219e+00
2.257999999999972918e+00,5.012902073245346194e-08,4.999835008423987759e+00,3.137444822940302025e+00,1.868895873360936877e+00
2.259999999999972697e+00,5.012894235060712649e-08,4.999821755755215591e+00,3.137457889025822233e+00,1.868896058814456529e+00
2.261999999999972477e+00,5.012885770131369621e-08,4.999807438125830394e+00,3.137472004992578167e+00,1.868896259170754526e+00
2.263999999999972257e+00,5.012876628675455044e-08,4.999791970057913204e+00,3.137487255294109989e+00,1.868896475629100440e+00
2.265999999999972037e+00,5.012866756925472730e-08,4.999775259079603629e+00,3.137503731018978836e+00,1.868896709482490648e+00
2.267999999999971816e+00,5.012856096941806811e-08,4.999757205366716306e+00,3.137521530529700176e+00,1.868896962128041572e+00
2.269999999999971596e+00,5.012844586211801858e-08,4.999737701010099400e+00,3.137540760225909331e+00,1.868897235075863916e+00
2.271999999999971376e+00,5.012832157424314476e-08,4.999716629571408610e+00,3.137561534981903044e+00,1.868897529958069681e+00
2.273999999999971156e+00,5.012818737923988499e-08,4.999693865087859734e+00,3.137583978954396446e+00,1.868897848536524409e+00
2.275999999999970935e+00,5.012804249513215385e-08,4.999669271651382196e+00,3.137608226089811048e+00,1.868898192714294915e+00
2.277999999999970715e+00,5.012788607883951128e-08,4.999642702346085876e+00,3.137634421304431598e+00,1.868898564549235530e+00
2.279999999999970495e+00,5.012771722221266459e-08,4.999613998458476871e+00,3.137662720980897380e+00,1.868898966262297678e+00
2.281999999999970274e+00,5.012753494777998001e-08,4.999582988620457691e+00,3.137693294146139511e+00,1.868899400254004917e+00
2.283999999999970054e+00,5.012733820297445686e-08,4.999549487671351322e+00,3.137726323360311209e+00,1.868899869117523371e+00
2.285999999999969834e+00,5.012712585486897439e-08,4.999513295571063054e+00,3.137762005827538392e+00,1.868900375654404256e+00
2.287999999999969614e+00,5.012689668476363218e-08,4.999474196266355364e+00,3.137800554499286854e+00,1.868900922889781935e+00
2.289999999999969393e+00,5.012664938205217276e-08,4.999431956387523357e+00,3.137842199583974701e+00,1.868901514093964211e+00
2.291999999999969173e+00,5.012638253751188589e-08,4.999386323804469789e+00,3.137887189517413855e+00,1.868902152797151883e+00
2.293999999999968953e+00,5.012609463727131782e-08,4.999337026245211923e+00,3.137935792843375093e+00,1.868902842815004073e+00
2.295999999999968733e+00,5.012578405500482963e-08,4.999283769550068257e+00,3.137988299523063240e+00,1.868903588268108207e+00
2.297999999999968512e+00,5.012544904533626858e-08,4.999226236055930528e+00,3.138045022787833371e+00,1.868904393608443071e+00
2.299999999999968292e+00,5.012508773545763000e-08,4.999164082595242142e+00,3.138106300851104535e+00,1.868905263643776848e+00
2.301999999999968072e+00,5.012469811756341202e-08,4.999096938524194123e+00,3.138172499242673386e+00,1.868906203569837832e+00
2.303999999999967851e+00,5.012427804100728231e-08,4.999024403593391064e+00,3.138244012583099263e+00,1.868907218997671649e+00
2.305999999999967631e+00,5.012382520269130482e-08,4.998946045364933255e+00,3.138321267076404908e+00,1.868908315988128788e+00
2.307999999999967411e+00,5.012333714073748528e-08,4.998861397034042753e+00,3.138404723070194358e+00,1.868909501087583580e+00
2.309999999999967191e+00,5.012281122314865368e-08,4.998769954184284714e+00,3.138494877778877257e+00,1.868910781369506502e+00
2.311999999999966970e+00,5.012224464235375069e-08,4.998671172335076740e+00,3.138592268190237622e+00,1.868912164472826154e+00
2.313999999999966750e+00,5.012163440480930055e-08,4.998564463351478970e+00,3.138697473897028800e+00,1.868913658646198295e+00
2.315999999999966530e+00,5.012097732374425620e-08,4.998449192073518788e+00,3.138811121147551564e+00,1.868915272802448513e+00
2.317999999999966310e+00,5.012027001283320578e-08,4.998324672727172846e+00,3.138933886159493536e+00,1.868917016568215184e+00
2.319999999999966089e+00,5.011950887952833078e-08,4.998190164810693226e+00,3.139066498864812260e+00,1.868918900338083056e+00
2.321999999999965869e+00,5.011869011998350815e-08,4.998044868721103207e+00,3.139209747594923439e+00,1.868920935340783407e+00
2.323999999999965649e+00,5.011780971640649192e-08,4.997887921148004509e+00,3.139364483461557942e+00,1.868923133702930617e+00
2.325999999999965429e+00,5.011686343624965924e-08,4.997718390032620306e+00,3.139531625433825024e+00,1.868925508521514622e+00
2.327999999999965208e+00,5.011584683417508053e-08,4.997535269078900555e+00,3.139712165408762523e+00,1.868928073938939782e+00
2.329999999999964988e+00,5.011475525907934748e-08,4.997337472071098574e+00,3.139907174435077053e+00,1.868930845230516002e+00
2.331999999999964768e+00,5.011358386388234240e-08,4.997123826349358922e+00,3.140117808422743906e+00,1.868933838888873433e+00
2.333999999999964547e+00,5.011232762412162316e-08,4.996893066283714546e+00,3.140345315135452342e+00,1.868937072725568527e+00
2.335999999999964327e+00,5.011098136193899328e-08,4.996643825799192307e+00,3.140591041341525891e+00,1.868940565973149948e+00
2.337999999999964107e+00,5.010953978147294654e-08,4.996374630664767835e+00,3.140856440421086138e+00,1.868944339397599519e+00
2.339999999999963887e+00,5.010799751490068461e-08,4.996083889927716903e+00,3.141143080678999056e+00,1.868948415419688702e+00
2.341999999999963666e+00,5.010634918448934868e-08,4.995769886908661306e+00,3.141452654398191324e+00,1.868952818245776859e+00
2.343999999999963446e+00,5.010458948363329604e-08,4.995430769595858855e+00,3.141786987526044239e+00,1.868957574011075984e+00
2.345999999999963226e+00,5.010271327846059898e-08,4.995064539847088980e+00,3.142148049684052147e+00,1.868962710927243309e+00
2.347999999999963006e+00,5.010071574102092234e-08,4.994669042398799164e+00,3.142537965446197568e+00,1.868968259447231661e+00
2.349999999999962785e+00,5.009859251628052410e-08,4.994241952758333269e+00,3.142959026379581466e+00,1.868974252443611705e+00
2.351999999999962565e+00,5.009633993298885110e-08,4.993780764219097001e+00,3.143413703548882943e+00,1.868980725395258391e+00
2.353999999999962345e+00,5.009395526855392077e-08,4.993282773859534451e+00,3.143904661188789085e+00,1.868987716590214676e+00
2.355999999999962125e+00,5.009143708315905309e-08,4.992745067858774810e+00,3.144434771699507802e+00,1.868995267349609968e+00
2.357999999999961904e+00,5.008878563697354785e-08,4.992164505551877518e+00,3.145007130889547309e+00,1.869003422257663916e+00
2.359999999999961684e+00,5.008600341216914407e-08,4.991537702272552224e+00,3.145625075094912848e+00,1.869012229419017013e+00
2.361999999999961464e+00,5.008309576727343283e-08,4.990861011196230379e+00,3.146292198865359602e+00,1.869021740728023628e+00
2.363999999999961243e+00,5.008007175675238584e-08,4.990130503974818943e+00,3.147012374393346246e+00,1.869032012164365986e+00
2.365999999999961023e+00,5.007694515720974980e-08,4.989341949795820241e+00,3.147789771726470676e+00,1.869043104104269881e+00
2.367999999999960803e+00,5.007373575835872285e-08,4.988490793611040530e+00,3.148628880411332709e+00,1.869055081655958794e+00
2.369999999999960583e+00,5.007047098401471376e-08,4.987572132222437560e+00,3.149534533181192586e+00,1.869068015026190466e+00
2.371999999999960362e+00,5.006718793979989404e-08,4.986580689539809264e+00,3.150511929918837772e+00,1.869081979899840595e+00
2.373999999999960142e+00,5.006393600222559589e-08,4.985510790016668636e+00,3.151566664217601232e+00,1.869097057859505195e+00
2.375999999999959922e+00,5.006078010539196536e-08,4.984356330490415488e+00,3.152704751032052499e+00,1.869113336827198379e+00
2.377999999999959702e+00,5.005780492942036890e-08,4.983110750320515869e+00,3.153932655579249733e+00,1.869130911535777040e+00
2.379999999999959481e+00,5.005512026214538044e-08,4.981767000249267774e+00,3.155257324668133467e+00,1.869149884038466158e+00
2.381999999999959261e+00,5.005286789269325641e-08,4.980317509171848123e+00,3.156686218898152152e+00,1.869170364246604654e+00
2.383999999999959041e+00,5.005123052346482931e-08,4.978754149445903110e+00,3.158227347063176982e+00,1.869192470507321513e+00
2.385999999999958820e+00,5.005044335565374943e-08,4.977068200540295528e+00,3.159889301627410330e+00,1.869216330214454880e+00
2.387999999999958600e+00,5.005080924287303059e-08,4.975250310984113966e+00,3.161681296453235923e+00,1.869242080463922262e+00
2.389999999999958380e+00,5.005271864305130772e-08,4.973290458795572633e+00,3.163613205289774299e+00,1.869269868742541307e+00
2.391999999999958160e+00,5.005667607392003470e-08,4.971177910455391924e+00,3.165695602371053408e+00,1.869299853665783218e+00
2.393999999999957939e+00,5.006333545714663361e-08,4.968901178750190439e+00,3.167939803672012555e+00,1.869332205752575637e+00
2.395999999999957719e+00,5.007354772069692449e-08,4.966447979011118008e+00,3.170357909819724540e+00,1.869367108249723630e+00
2.397999999999957499e+00,5.008842545836347333e-08,4.963805185082850180e+00,3.172962849490900794e+00,1.869404757998084365e+00
2.399999999999957279e+00,5.010943156347335273e-08,4.960958784100236940e+00,3.175768423194718082e+00,1.869445366341641490e+00
2.401999999999957058e+00,5.013850189418754234e-08,4.957893831481025693e+00,3.178789347961168410e+00,1.869489160090623159e+00
2.403999999999956838e+00,5.017821677470272313e-08,4.954594405909251265e+00,3.182041301039175707e+00,1.869536382521563844e+00
2.405999999999956618e+00,5.023204336101260209e-08,4.951043565091405974e+00,3.185540963031617601e+00,1.869587294424070123e+00
2.407999999999956398e+00,5.030468205073064685e-08,4.947223302930388478e+00,3.189306059677165184e+00,1.869642175190620259e+00
2.409999999999956177e+00,5.040256753920121836e-08,4.943114508960168685e+00,3.193355401596799314e+00,1.869701323947834837e+00
2.411999999999955957e+00,5.053460272714808057e-08,4.938696930499952842e+00,3.197708920474203076e+00,1.869765060720586236e+00
2.413999999999955737e+00,5.071324796840322777e-08,4.933949139290261243e+00,3.202387701631379091e+00,1.869833727630573206e+00
2.415999999999955516e+00,5.095616032457064533e-08,4.928848502898294015e+00,3.207414011298073575e+00,1.869907690123447708e+00
2.417999999999955296e+00,5.128869680744076706e-08,4.923371162998128270e+00,3.212811316971037279e+00,1.869987338208600081e+00
2.419999999999955076e+00,5.174779602770472953e-08,4.917492021414890502e+00,3.218604300314831246e+00,1.870073087718154170e+00
2.421999999999954856e+00,5.238809485951370892e-08,4.911184736145606244e+00,3.224818859927998993e+00,1.870165381560852769e+00
2.423999999999954635e+00,5.329173117624730889e-08,4.904421728643279188e+00,3.231482102511220145e+00,1.870264690964158927e+00
2.425999999999954415e+00,5.458433451082484618e-08,4.897174205009736880e+00,3.238622320987409875e+00,1.870371516693451364e+00
2.427999999999954195e+00,5.646159949515740941e-08,4.889412192726032558e+00,3.246268956270712991e+00,1.870486390226440587e+00
2.429999999999953975e+00,5.923431283725700889e-08,4.881104595511928324e+00,3.254452541340763005e+00,1.870609874864964883e+00
2.431999999999953754e+00,6.340621743452578285e-08,4.872219269351629301e+00,3.263204624432883616e+00,1.870742566764335146e+00
2.433999999999953534e+00,6.981155993346267223e-08,4.862723121008391658e+00,3.272557669386348955e+00,1.870885095858981773e+00
2.435999999999953314e+00,7.986353810342944416e-08,4.852582233323851746e+00,3.282544929979886561e+00,1.871038126648648880e+00
2.437999999999953094e+00,9.601361797035316459e-08,4.841762018462834938e+00,3.293200295659802546e+00,1.871202358824865852e+00
2.439999999999952873e+00,1.226215356729536262e-07,4.830227402951820181e+00,3.304558106393851169e+00,1.871378527701397898e+00
2.441999999999952653e+00,1.676453380313095656e-07,4.817943046045979116e+00,3.316652934268473185e+00,1.871567404419135938e+00
2.443999999999952433e+00,2.460117966310742417e-07,4.804873594202081932e+00,3.329519328813769885e+00,1.871769795879133280e+00
2.445999999999952212e+00,3.865238452379236877e-07,4.790983973058235534e+00,3.343191525797383434e+00,1.871986544381800233e+00
2.447999999999951992e+00,6.464228718446449755e-07,4.776239718471639861e+00,3.357703116715982539e+00,1.872218526918347781e+00
2.449999999999951772e+00,1.142999995892933861e-06,4.760607347060286543e+00,3.373086679739740301e+00,1.872466654088859039e+00
2.451999999999951552e+00,2.124318557057764272e-06,4.744054765883511493e+00,3.389373371589109674e+00,1.872731868597289351e+00
2.453999999999951331e+00,4.132427890132352897e-06,4.726551720138362001e+00,3.406592482270581534e+00,1.873015143297548590e+00
2.455999999999951111e+00,8.392220752139919451e-06,4.708070276777670315e+00,3.424770954710651072e+00,1.873317478748389719e+00
2.457999999999950891e+00,1.776856339846664655e-05,4.688585340484896946e+00,3.443932874069459249e+00,1.873639900255277269e+00
2.459999999999950671e+00,3.920165860992744553e-05,4.668075199009410703e+00,3.464098931528155845e+00,1.873983454374848812e+00
2.461999999999950450e+00,9.011581621418329128e-05,4.646522095819846321e+00,3.485285869710025963e+00,1.874349204860017659e+00
2.463999999999950230e+00,2.158669368723949264e-04,4.623912837912974361e+00,3.507505919074977996e+00,1.874738228047059918e+00
2.465999999999950010e+00,5.388848803419649071e-04,4.600239473804768942e+00,3.530766235412122533e+00,1.875151607689910627e+00
2.467999999999949789e+00,1.401817599741686515e-03,4.575500169709239451e+00,3.555068351045675534e+00,1.875590429260154623e+00
2.469999999999949569e+00,3.798171425211360839e-03,4.549700704178216704e+00,3.580407655438802461e+00,1.876055773785244130e+00
2.471999999999949349e+00,1.070550270308159857e-02,4.522857945768147481e+00,3.606772924154816984e+00,1.876548711359610211e+00
2.473999999999949129e+00,3.128879815774578133e-02,4.495009718965102152e+00,3.634145929794015739e+00,1.877070294747103185e+00
2.475999999999948908e+00,9.398277264444328261e-02,4.466244601813651904e+00,3.662501205771564017e+00,1.877621554312964403e+00
2.477999999999948688e+00,2.828968510894371846e-01,4.436784821542020474e+00,3.691806118873779852e+00,1.878203497455176896e+00
2.479999999999948468e+00,8.028310482079892285e-01,4.407139443485108998e+00,3.722021366161571976e+00,1.878817134571041825e+00
2.481999999999948248e+00,1.956992752976596694e+00,4.378084885841116325e+00,3.753101005707011772e+00,1.879463400954302310e+00
2.483999999999948027e+00,3.877288248254563641e+00,4.350100507592805421e+00,3.784990290376536226e+00,1.880143215285863478e+00
2.485999999999947807e+00,4.885810733381383386e+00,4.325290578915397255e+00,3.817633750320089892e+00,1.880857572316931625e+00
2.487999999999947587e+00,4.908241007993625615e+00,4.301881547997776778e+00,3.850952630951060662e+00,1.881607053502916127e+00
2.489999999999947367e+00,4.921209996517513119e+00,4.278064802097904185e+00,3.884860491167099195e+00,1.882392100677951374e+00
2.491999999999947146e+00,4.927914661261136864e+00,4.253892416643350494e+00,3.919272331579538360e+00,1.883213305017523043e+00
2.493999999999946926e+00,4.933055670727526376e+00,4.229418138387396553e+00,3.954097780233148285e+00,1.884071095160396725e+00
2.495999999999946706e+00,4.937736610744164700e+00,4.204704886473607850e+00,3.989241993804122810e+00,1.884965826532856381e+00
2.497999999999946485e+00,4.941612504930666283e+00,4.179820308604403678e+00,4.024606638231205125e+00,1.885897754507265933e+00
2.499999999999946265e+00,4.944855662549368702e+00,4.154832958549418365e+00,4.060090945785558958e+00,1.886867031135504247e+00
2.501999999999946045e+00,4.947632202803328383e+00,4.129812351127874592e+00,4.095592845566124574e+00,1.887873703625544186e+00
2.503999999999945825e+00,4.950044005217172582e+00,4.104828253231656454e+00,4.131010120503357363e+00,1.888917713854418201e+00
2.505999999999945604e+00,4.952161161196445782e+00,4.079949837190048001e+00,4.166241566508499083e+00,1.889998899004423416e+00
2.507999999999945384e+00,4.954035464721072479e+00,4.055244882622625724e+00,4.201188126976972192e+00,1.891116993347986552e+00
2.509999999999945164e+00,4.955706195601108810e+00,4.030779025700256923e+00,4.235753976074577487e+00,1.892271631122576903e+00
2.511999999999944944e+00,4.957203857315898965e+00,4.006615063344463934e+00,4.269847526166866025e+00,1.893462350439880426e+00
2.513999999999944723e+00,4.958552650613006207e+00,3.982812325671351683e+00,4.303382338721871037e+00,1.894688598141710534e+00
2.515999999999944503e+00,4.959772131268578299e+00,3.959426128086391827e+00,4.336277919588677143e+00,1.895949735497387323e+00
2.517999999999944283e+00,4.960878353756658754e+00,3.936507311687799326e+00,4.368460386961556807e+00,1.897245044634841893e+00
2.519999999999944063e+00,4.961884680799967029e+00,3.914101877416403585e+00,4.399863000941838465e+00,1.898573735558165998e+00
2.521999999999943842e+00,4.962802369239261324e+00,3.892250717373079816e+00,4.430426552147524788e+00,1.899934953631510881e+00
2.523999999999943622e+00,4.963641002467202412e+00,3.870989442826194615e+00,4.460099608337011468e+00,1.901327787388610080e+00
2.525999999999943402e+00,4.964408815275482389e+00,3.850348306052896241e+00,4.488838623677720463e+00,1.902751276524836221e+00
2.527999999999943181e+00,4.965112941790841283e+00,3.830352210660419754e+00,4.516607918116621434e+00,1.904204419944505400e+00
2.529999999999942961e+00,4.965759607446829982e+00,3.811020803130938717e+00,4.543379538107688020e+00,1.905686183739840667e+00
2.531999999999942741e+00,4.966354279591082665e+00,3.792368636680823357e+00,4.569133011470706940e+00,1.907195508991878174e+00
2.533999999999942521e+00,4.966901787085134856e+00,3.774405397191271216e+00,4.593855010990349541e+00,1.908731319284100003e+00
2.535999999999942300e+00,4.967406416339948727e+00,3.757136180830975114e+00,4.617538942981803451e+00,1.910292527856159550e+00
2.537999999999942080e+00,4.967871989235733921e+00,3.740561812373467188e+00,4.640184475860372082e+00,1.911878044316309699e+00
2.539999999999941860e+00,4.968301926951645520e+00,3.724679193865407800e+00,4.661797025317776288e+00,1.913486780869200210e+00
2.541999999999941640e+00,4.968699302747520363e+00,3.709481672694465715e+00,4.682387210030224622e+00,1.915117658000385470e+00
2.543999999999941419e+00,4.969066885942480916e+00,3.694959421229161656e+00,4.701970292240836180e+00,1.916769609619555670e+00
2.545999999999941199e+00,4.969407178891441568e+00,3.681099818042700811e+00,4.720565615448451879e+00,1.918441587621646516e+00
2.547999999999940979e+00,4.969722448278913518e+00,3.667887824454605372e+00,4.738196049319881809e+00,1.920132565882841646e+00
2.549999999999940758e+00,4.970014751798785824e+00,3.655306350033685980e+00,4.754887451693574185e+00,1.921841543696082510e+00
2.551999999999940538e+00,4.970285961053335200e+00,3.643336601646076645e+00,4.770668154193141497e+00,1.923567548660468862e+00
2.553999999999940318e+00,4.970537781314033232e+00,3.631958413010047071e+00,4.785568478099646583e+00,1.925309639059377798e+00
2.555999999999940098e+00,4.970771768693887260e+00,3.621150550754853370e+00,4.799620283298967394e+00,1.927066905743364700e+00
2.557999999999939877e+00,4.970989345125377490e+00,3.610890996307613676e+00,4.812856554659602715e+00,1.928838473570221312e+00
2.559999999999939657e+00,4.971191811513758552e+00,3.601157201377874539e+00,4.825311026016978033e+00,1.930623502421860538e+00
2.561999999999939437e+00,4.971380359320582976e+00,3.591926317639985822e+00,4.837017843408563778e+00,1.932421187852969569e+00
2.563999999999939217e+00,4.971556080822954193e+00,3.583175400193919113e+00,4.848011266255476848e+00,1.934230761397631504e+00
2.565999999999938996e+00,4.971719978229919512e+00,3.574881585713369336e+00,4.858325405893626048e+00,1.936051490579568268e+00
2.567999999999938776e+00,4.971872971811647446e+00,3.567022246691152976e+00,4.867993999977870523e+00,1.937882678665481917e+00
2.569999999999938556e+00,4.972015907174643701e+00,3.559575122697463456e+00,4.877050220169716788e+00,1.939723664191469021e+00
2.571999999999938336e+00,4.972149561795596640e+00,3.552518430394835391e+00,4.885526511065001465e+00,1.941573820298146291e+00
2.573999999999938115e+00,4.972274650895327497e+00,3.545830954358790255e+00,4.893454458128204898e+00,1.943432553914614891e+00
2.575999999999937895e+00,4.972391832749384122e+00,3.539492119671772574e+00,4.900864681301270842e+00,1.945299304802751816e+00
2.577999999999937675e+00,4.972501713480057539e+00,3.533482049236471578e+00,4.907786752600942215e+00,1.947173544509522625e+00
2.579999999999937454e+00,4.972604851411581706e+00,3.527781605999118497e+00,4.914249134141729591e+00,1.949054775229505987e+00
2.581999999999937234e+00,4.972701761016725897e+00,3.522372423380953688e+00,4.920279135020219741e+00,1.950942528617877203e+00
2.583999999999937014e+00,4.972792916509533256e+00,3.517236924340835014e+00,4.925902884197270737e+00,1.952836364558622417e+00
2.585999999999936794e+00,4.972878755120564875e+00,3.512358331003654577e+00,4.931145317212274115e+00,1.954735869913309276e+00
2.587999999999936573e+00,4.972959680083096856e+00,3.507720666194464432e+00,4.936030175017594779e+00,1.956640657255283244e+00
2.589999999999936353e+00,4.973036063361454318e+00,3.503308748138914908e+00,4.940580012720392489e+00,1.958550363613855483e+00
2.591999999999936133e+00,4.973108248146152377e+00,3.499108179384382122e+00,4.944816216712401236e+00,1.960464649222315003e+00
2.593999999999935913e+00,4.973176551140927160e+00,3.495105330985130099e+00,4.948759028847971919e+00,1.962383196294652299e+00
2.595999999999935692e+00,4.973241264653716520e+00,3.491287323036345924e+00,4.952427576076159355e+00,1.964305707827284087e+00
2.597999999999935472e+00,4.973302658517912533e+00,3.487642002051154044e+00,4.955839904413428698e+00,1.966231906432354792e+00
2.599999999999935252e+00,4.973360981854993312e+00,3.484157916060050653e+00,4.959013016280580111e+00,1.968161533210580849e+00
2.601999999999935032e+00,4.973416464695382011e+00,3.480824288008111722e+00,4.961962910344962729e+00,1.970094346664045482e+00
2.603999999999934811e+00,4.973469319461319316e+00,3.477630988168969317e+00,4.964704623138174178e+00,1.972030121652895485e+00
2.605999999999934591e+00,4.973519742339049365e+00,3.474568505570468702e+00,4.967252271323185475e+00,1.973968648396324577e+00
2.607999999999934371e+00,4.973567914535990120e+00,3.471627919193965628e+00,4.969619094909100809e+00,1.975909731517940138e+00
2.609999999999934150e+00,4.973614003439732478e+00,3.468800869154707645e+00,4.971817500102059917e+00,1.977853189136574930e+00
2.611999999999933930e+00,4.973658163681987432e+00,3.466079528229053075e+00,4.973859102053015846e+00,1.979798852008542331e+00
2.613999999999933710e+00,4.973700538124406378e+00,3.463456573545117489e+00,4.975754766520263495e+00,1.981746562704559400e+00
2.615999999999933490e+00,4.973741258760818518e+00,3.460925159253000150e+00,4.977514651144421265e+00,1.983696174841302895e+00
2.617999999999933269e+00,4.973780447555291140e+00,3.458478889517930366e+00,4.979148245043443666e+00,1.985647552347487466e+00
2.619999999999933049e+00,4.973818217206654957e+00,3.456111792903300728e+00,4.980664407430491103e+00,1.987600568778671750e+00
2.621999999999932829e+00,4.973854671860479471e+00,3.453818297319533492e+00,4.982071404594305086e+00,1.989555106669099960e+00
2.623999999999932609e+00,4.973889907763679119e+00,3.451593205970961531e+00,4.983376945669121483e+00,1.991511056921046574e+00
2.625999999999932388e+00,4.973924013866573013e+00,3.449431674585609731e+00,4.984588216607050981e+00,1.993468318234296488e+00
2.627999999999932168e+00,4.973957072380338573e+00,3.447329189513624215e+00,4.985711912655705014e+00,1.995426796570003658e+00
2.629999999999931948e+00,4.973989159291408946e+00,3.445281546861951760e+00,4.986754269251613358e+00,1.997386404647723657e+00
2.631999999999931728e+00,4.974020344833507856e+00,3.443284832895698422e+00,4.987721091463671819e+00,1.999347061476755005e+00
2.633999999999931507e+00,4.974050693929854994e+00,3.441335405092567967e+00,4.988617781670484419e+00,2.001308691913198601e+00
2.635999999999931287e+00,4.974080266592641131e+00,3.439429874693785916e+00,4.989449365966194705e+00,2.003271226252355763e+00
2.637999999999931067e+00,4.974109118300639842e+00,3.437565089790597828e+00,4.990220518743290867e+00,2.005234599841893228e+00
2.639999999999930846e+00,4.974137300338512979e+00,3.435738119851436068e+00,4.990935586295172754e+00,2.007198752728051705e+00
2.641999999999930626e+00,4.974164860122027854e+00,3.433946240535064032e+00,4.991598608688304850e+00,2.009163629316042865e+00
2.643999999999930406e+00,4.974191841485523291e+00,3.432186920178728062e+00,4.992213340423218959e+00,2.011129178064259726e+00
2.645999999999930186e+00,4.974218284959245118e+00,3.430457806314436198e+00,4.992783269846228222e+00,2.013095351188902260e+00
2.647999999999929965e+00,4.974244228012604907e+00,3.428756713888431396e+00,4.993311637501135714e+00,2.015062104401060594e+00
2.649999999999929745e+00,4.974269705295381705e+00,3.427081613248754710e+00,4.993801452842045130e+00,2.017029396647850970e+00
2.651999999999929525e+00,4.974294748844283909e+00,3.425430619766239193e+00,4.994255510538964771e+00,2.018997189883369181e+00
2.653999999999929305e+00,4.974319388283902299e+00,3.423801983690063722e+00,4.994676405174240053e+00,2.020965448850756463e+00
2.655999999999929084e+00,4.974343651008455325e+00,3.422194080661737914e+00,4.995066545344667652e+00,2.022934140879291576e+00
2.657999999999928864e+00,4.974367562352464134e+00,3.420605402965826158e+00,4.995428166595912600e+00,2.024903235695562298e+00
2.659999999999928644e+00,4.974391145743860321e+00,3.419034551449479320e+00,4.995763343574230575e+00,2.026872705252916518e+00
2.661999999999928423e+00,4.974414422851507034e+00,3.417480227621172872e+00,4.996074001441563439e+00,2.028842523563266109e+00
2.663999999999928203e+00,4.974437413715267375e+00,3.415941226831571864e+00,4.996361926354885519e+00,2.030812666552940016e+00
2.665999999999927983e+00,4.974460136870498594e+00,3.414416431436402721e+00,4.996628775508994202e+00,2.032783111919395758e+00
2.667999999999927763e+00,4.974482609463024119e+00,3.412904804582655771e+00,4.996876086079304002e+00,2.034753839001467224e+00
2.669999999999927542e+00,4.974504847352001491e+00,3.411405384605229241e+00,4.997105283938795495e+00,2.036724828661857778e+00
2.671999999999927322e+00,4.974526865209744741e+00,3.409917279455834560e+00,4.997317691519203464e+00,2.038696063171292039e+00
2.673999999999927102e+00,4.974548676607022379e+00,3.408439661977809898e+00,4.997514535355696452e+00,2.040667526110526264e+00
2.675999999999926882e+00,4.974570294103163093e+00,3.406971764904281219e+00,4.997696952804387749e+00,2.042639202267272580e+00
2.677999999999926661e+00,4.974591729316376387e+00,3.405512876873422190e+00,4.997865998510722108e+00,2.044611077553346146e+00
2.679999999999926441e+00,4.974612992996270577e+00,3.404062338305153812e+00,4.998022650448162629e+00,2.046583138920344158e+00
2.681999999999926221e+00,4.974634095092737240e+00,3.402619537526116122e+00,4.998167815306913120e+00,2.048555374280929708e+00
2.683999999999926001e+00,4.974655044811171933e+00,3.401183907557672192e+00,4.998302333802351782e+00,2.050527772440811969e+00
2.685999999999925780e+00,4.974675850673625277e+00,3.399754922635656484e+00,4.998426985218435092e+00,2.052500323030641116e+00
2.687999999999925560e+00,4.974696520567358782e+00,3.398332095412841536e+00,4.998542492087000966e+00,2.054473016446584310e+00
2.689999999999925340e+00,4.974717061793710648e+00,3.396914974066591597e+00,4.998649524190101445e+00,2.056445843792651829e+00
2.691999999999925119e+00,4.974737481111370485e+00,3.395503139858404129e+00,4.998748702407501909e+00,2.058418796831012365e+00
2.693999999999924899e+00,4.974757784779413328e+00,3.394096204515525628e+00,4.998840602219516427e+00,2.060391867928744958e+00
2.695999999999924679e+00,4.974777978592640260e+00,3.392693808246327158e+00,4.998925757093106270e+00,2.062365050018434509e+00
2.697999999999924459e+00,4.974798067919153688e+00,3.391295617467406043e+00,4.999004661433208874e+00,2.064338336551498898e+00
2.699999999999924238e+00,4.974818057730102439e+00,3.389901323047070925e+00,4.999077773575330674e+00,2.066311721463025997e+00
2.701999999999924018e+00,4.974837952631458116e+00,3.388510638430040967e+00,4.999145518207441796e+00,2.068285199134546559e+00
2.703999999999923798e+00,4.974857756887964833e+00,3.387123298187078024e+00,4.999208288986678461e+00,2.070258764363417381e+00
2.705999999999923578e+00,4.974877474455456472e+00,3.385739056101352507e+00,4.999266450820693208e+00,2.072232412326737716e+00
2.707999999999923357e+00,4.974897108998361794e+00,3.384357684108663111e+00,4.999320341784581956e+00,2.074206138559050228e+00
2.709999999999923137e+00,4.974916663914034309e+00,3.382978970792062778e+00,4.999370275184571888e+00,2.076179938921215218e+00
2.711999999999922917e+00,4.974936142351675805e+00,3.381602720340690205e+00,4.999416541529177138e+00,2.078153809580957301e+00
2.713999999999922697e+00,4.974955547233440356e+00,3.380228751134438880e+00,4.999459409874216220e+00,2.080127746985174220e+00
2.715999999999922476e+00,4.974974881269201177e+00,3.378856894905164943e+00,4.999499129594672020e+00,2.082101747841473838e+00
2.717999999999922256e+00,4.974994146972531617e+00,3.377486995813530957e+00,4.999535931840179082e+00,2.084075809100903065e+00
2.719999999999922036e+00,4.975013346676901094e+00,3.376118909379940636e+00,4.999570030765300821e+00,2.086049927936448167e+00
2.721999999999921815e+00,4.975032482548916946e+00,3.374752501702954266e+00,4.999601624792472165e+00,2.088024101728066739e+00
2.723999999999921595e+00,4.975051556598813818e+00,3.373387648805471706e+00,4.999630897914165040e+00,2.089998328048985776e+00
2.725999999999921375e+00,4.975070570697537775e+00,3.372024235569989870e+00,4.999658020456060115e+00,2.091972604645757627e+00
2.727999999999921155e+00,4.975089526579472121e+00,3.370662155593200371e+00,4.999683150392567832e+00,2.093946929433549986e+00
2.729999999999920934e+00,4.975108425859111172e+00,3.369301310171971320e+00,4.999706434050865234e+00,2.095921300477701976e+00
2.731999999999920714e+00,4.975127270038055549e+00,3.367941607771805845e+00,4.999728006960147297e+00,2.097895715983571385e+00
2.733999999999920494e+00,4.975146060512074087e+00,3.366582963684226826e+00,4.999747994808836360e+00,2.099870174287763458e+00
2.735999999999920274e+00,4.975164798580765435e+00,3.365225299394948522e+00,4.999766514013088248e+00,2.101844673847409251e+00
2.737999999999920053e+00,4.975183485454975241e+00,3.363868542086117852e+00,4.999783672401560963e+00,2.103819213231088447e+00
2.739999999999919833e+00,4.975202122261189075e+00,3.362512624390240568e+00,4.999799570020110551e+00,2.105793791110775359e+00
2.741999999999919613e+00,4.975220710050821005e+00,3.361157483804178003e+00,4.999814299391969641e+00,2.107768406254545646e+00
2.743999999999919392e+00,4.975239249803525610e+00,3.359803062472749513e+00,4.999827946363613052e+00,2.109743057518849163e+00
2.745999999999919172e+00,4.975257742434696873e+00,3.358449306706887683e+00,4.999840590453979772e+00,2.111717743841077688e+00
2.747999999999918952e+00,4.975276188797298715e+00,3.357096166875483956e+00,4.999852305377685546e+00,2.113692464237000301e+00
2.749999999999918732e+00,4.975294589689263525e+00,3.355743596937576179e+00,4.999863159327261997e+00,2.115667217790887733e+00
2.751999999999918511e+00,4.975312945857049307e+00,3.354391554189687596e+00,4.999873215643009239e+00,2.117642003652101756e+00
2.753999999999918291e+00,4.975331257999305201e+00,3.353039999081006250e+00,4.999882532829004411e+00,2.119616821030143150e+00
2.755999999999918071e+00,4.975349526768299668e+00,3.351688895059133255e+00,4.999891165294862994e+00,2.121591669192398832e+00
2.757999999999917851e+00,4.975367752777368757e+00,3.350338208166463438e+00,4.999899163280560721e+00,2.123566547455510545e+00
2.759999999999917630e+00,4.975385936600931203e+00,3.348987906967522576e+00,4.999906573427145062e+00,2.125541455185059103e+00
2.761999999999917410e+00,4.975404078777738270e+00,3.347637962372613352e+00,4.999913438951329780e+00,2.127516391791021366e+00
2.763999999999917190e+00,4.975422179815950585e+00,3.346288347307512456e+00,4.999919799842882817e+00,2.129491356722672979e+00
2.765999999999916970e+00,4.975440240190964758e+00,3.344939036844240210e+00,4.999925693211480393e+00,2.131466349470243937e+00
2.767999999999916749e+00,4.975458260352489503e+00,3.343590007765181671e+00,4.999931153366804715e+00,2.133441369556090095e+00
2.769999999999916529e+00,4.975476240722545462e+00,3.342241238654871882e+00,4.999936212217557241e+00,2.135416416537289308e+00
2.771999999999916309e+00,4.975494181700513607e+00,3.340892709631421376e+00,4.999940899197302002e+00,2.137391490000401184e+00
2.773999999999916088e+00,4.975512083663288898e+00,3.339544402240782528e+00,4.999945241636570614e+00,2.139366589559005494e+00
2.775999999999915868e+00,4.975529946967210293e+00,3.338196299435579384e+00,4.999949264914247848e+00,2.141341714853869593e+00
2.777999999999915648e+00,4.975547771949960563e+00,3.336848385382650495e+00,4.999952992389125050e+00,2.143316865548119399e+00
2.779999999999915428e+00,4.975565558930545862e+00,3.335500645493951755e+00,4.999956445905580971e+00,2.145292041329720067e+00
2.781999999999915207e+00,4.975583308212538469e+00,3.334153066160318701e+00,4.999959645538309516e+00,2.147267241903870083e+00
2.783999999999914987e+00,4.975601020085241188e+00,3.332805634784912208e+00,4.999962609954399007e+00,2.149242466996306611e+00
2.785999999999914767e+00,4.975618694822109056e+00,3.331458339765161814e+00,4.999965356433224706e+00,2.151217716351010445e+00
2.787999999999914547e+00,4.975636332684161722e+00,3.330111170331876203e+00,4.999967901045763163e+00,2.153192989727978457e+00
2.789999999999914326e+00,4.975653933921939220e+00,3.328764116422202601e+00,4.999970258576373894e+00,2.155168286900470243e+00
2.791999999999914106e+00,4.975671498773137635e+00,3.327417168798388669e+00,4.999972442772045333e+00,2.157143607657644235e+00
2.793999999999913886e+00,4.975689027465465486e+00,3.326070318907772272e+00,4.999974466418598773e+00,2.159118951801567654e+00
2.795999999999913666e+00,4.975706520216966133e+00,3.324723558819592029e+00,4.999976341286079595e+00,2.161094319145755005e+00
2.797999999999913445e+00,4.975723977237117346e+00,3.323376881177009246e+00,4.999978078319421648e+00,2.163069709514928274e+00
2.799999999999913225e+00,4.975741398728380283e+00,3.322030279041843226e+00,4.999979687615566881e+00,2.165045122742555339e+00
2.801999999999913005e+00,4.975758784882182262e+00,3.320683746264592173e+00,4.999981178646641489e+00,2.167020558674935593e+00
2.803999999999912784e+00,4.975776135885715767e+00,3.319337276932244229e+00,4.999982560019769373e+00,2.168996017165305101e+00
2.805999999999912564e+00,4.975793451918866239e+00,3.317990865588299254e+00,4.999983839817512710e+00,2.170971498073883676e+00
2.807999999999912344e+00,4.975810733154917287e+00,3.316644507265336106e+00,4.999985025559068319e+00,2.172947001270608691e+00
2.809999999999912124e+00,4.975827979762058817e+00,3.315298197281989712e+00,4.999986124116425401e+00,2.174922526631333675e+00
2.811999999999911903e+00,4.975845191902365627e+00,3.313951931374894855e+00,4.999987141877961783e+00,2.176898074038809749e+00
2.813999999999911683e+00,4.975862369733840218e+00,3.312605705490137886e+00,4.999988084825718992e+00,2.178873643381133540e+00
2.815999999999911463e+00,4.975879513409131150e+00,3.311259515999436243e+00,4.999988958443105425e+00,2.180849234553106530e+00
2.817999999999911243e+00,4.975896623076540237e+00,3.309913359503653396e+00,4.999989767787146988e+00,2.182824847454515105e+00
2.819999999999911022e+00,4.975913698882129310e+00,3.308567232729071605e+00,4.999990517683725599e+00,2.184800481987788867e+00
2.821999999999910802e+00,4.975930740965861077e+00,3.307221132818769060e+00,4.999991212419828024e+00,2.186776138063043273e+00
2.823999999999910582e+00,4.975947749464998182e+00,3.305875057092432456e+00,4.999991856060005624e+00,2.188751815593224404e+00
2.825999999999910361e+00,4.975964724514882143e+00,3.304529002931638093e+00,4.999992452343636096e+00,2.190727514493556960e+00
2.827999999999910141e+00,4.975981666245676394e+00,3.303182968109207973e+00,4.999993004830988852e+00,2.192703234685500213e+00
2.829999999999909921e+00,4.975998574786374640e+00,3.301836950417210481e+00,4.999993516672047278e+00,2.194678976091753331e+00
2.831999999999909701e+00,4.976015450263465922e+00,3.300490947835886146e+00,4.999993990874863847e+00,2.196654738638764481e+00
2.833999999999909480e+00,4.976032292799139611e+00,3.299144958566913033e+00,4.999994430238647425e+00,2.198630522256005637e+00
2.835999999999909260e+00,4.976049102515062827e+00,3.297798980886459841e+00,4.999994837243863621e+00,2.200606326875511165e+00
2.837999999999909040e+00,4.976065879529351754e+00,3.296453013250266295e+00,4.999995214358683882e+00,2.202582152432420504e+00
2.839999999999908820e+00,4.976082623960135010e+00,3.295107054090950616e+00,4.999995563718199421e+00,2.204557998861778501e+00
2.841999999999908599e+00,4.976099335921360556e+00,3.293761102132281238e+00,4.999995887387093774e+00,2.206533866103163710e+00
2.843999999999908379e+00,4.976116015526652170e+00,3.292415156094638640e+00,4.999996187287476523e+00,2.208509754097547795e+00
2.845999999999908159e+00,4.976132662886775471e+00,3.291069214847820223e+00,4.999996465125861711e+00,2.210485662787334604e+00
2.847999999999907939e+00,4.976149278112738550e+00,3.289723277267236679e+00,4.999996722486377720e+00,2.212461592116206965e+00
2.849999999999907718e+00,4.976165861311875993e+00,3.288377342396670233e+00,4.999996960964990578e+00,2.214437542030673889e+00
2.851999999999907498e+00,4.976182412592127235e+00,3.287031409273867499e+00,4.999997181885630582e+00,2.216413512477421133e+00
2.853999999999907278e+00,4.976198932058284008e+00,3.285685477100404928e+00,4.999997386558383106e+00,2.218389503405425067e+00
2.855999999999907057e+00,4.976215419815429364e+00,3.284339545056461418e+00,4.999997576203150551e+00,2.220365514764540471e+00
2.857999999999906837e+00,4.976231875966202978e+00,3.282993612424545127e+00,4.999997751872797380e+00,2.222341546505564480e+00
2.859999999999906617e+00,4.976248300613008269e+00,3.281647678560353221e+00,4.999997914626262308e+00,2.224317598581370792e+00
2.861999999999906397e+00,4.976264693856699672e+00,3.280301742797024023e+00,4.999998065450774298e+00,2.226293670944046621e+00
2.863999999999906176e+00,4.976281055798110309e+00,3.278955804550543807e+00,4.999998205141873875e+00,2.228269763548081706e+00
2.865999999999905956e+00,4.976297386535005529e+00,3.277609863363151188e+00,4.999998334558778623e+00,2.230245876349190137e+00
2.867999999999905736e+00,4.976313686166546013e+00,3.276263918662685626e+00,4.999998454461922037e+00,2.232222009302180954e+00
2.869999999999905516e+00,4.976329954789414423e+00,3.274917970051692162e+00,4.999998565558899877e+00,2.234198162364271489e+00
2.871999999999905295e+00,4.976346192500519905e+00,3.273572017068242523e+00,4.999998668466598239e+00,2.236174335492510323e+00
2.873999999999905075e+00,4.976362399395334535e+00,3.272226059361496908e+00,4.999998763840038052e+00,2.238150528645247661e+00
2.875999999999904855e+00,4.976378575568682017e+00,3.270880096536221249e+00,4.999998852166979368e+00,2.240126741780275044e+00
2.877999999999904635e+00,4.976394721114402842e+00,3.269534128344029345e+00,4.999998934021487429e+00,2.242102974858264819e+00
2.879999999999904414e+00,4.976410836126861525e+00,3.268188154367903664e+00,4.999999009816313844e+00,2.244079227837294965e+00
2.881999999999904194e+00,4.976426920697520018e+00,3.266842174431016765e+00,4.999999080056029221e+00,2.246055500679115635e+00
2.883999999999903974e+00,4.976442974919756068e+00,3.265496188209500161e+00,4.999999145130750833e+00,2.248031793343679752e+00
2.885999999999903753e+00,4.976458998884923268e+00,3.264150195473911165e+00,4.999999205443651284e+00,2.250008105792119295e+00
2.887999999999903533e+00,4.976474992682804910e+00,3.262804196058795903e+00,4.999999261287841001e+00,2.251984437986908727e+00
2.889999999999903313e+00,4.976490956405674737e+00,3.261458189654410145e+00,4.999999313057037931e+00,2.253960789888811433e+00
2.891999999999903093e+00,4.976506890140952599e+00,3.260112176220773428e+00,4.999999360996914888e+00,2.255937161461917917e+00
2.893999999999902872e+00,4.976522793979746950e+00,3.258766155468741488e+00,4.999999405373754868e+00,2.257913552667664803e+00
2.895999999999902652e+00,4.976538668010402233e+00,3.257420127273952470e+00,4.999999446559486138e+00,2.259889963469497776e+00
2.897999999999902432e+00,4.976554512319834700e+00,3.256074091570060780e+00,4.999999484657439375e+00,2.261866393831864386e+00
2.899999999999902212e+00,4.976570326997782345e+00,3.254728048081207081e+00,4.999999519962849526e+00,2.263842843716646236e+00
2.901999999999901991e+00,4.976586112129504968e+00,3.253381996824324940e+00,4.999999552713640050e+00,2.265819313090014830e+00
2.903999999999901771e+00,4.976601867803126744e+00,3.252035937595893600e+00,4.999999583008074566e+00,2.267795801914501475e+00
2.905999999999901551e+00,4.976617594103930564e+00,3.250689870352007294e+00,4.999999611098028041e+00,2.269772310155714568e+00
2.907999999999901330e+00,4.976633291119057390e+00,3.249343794931627283e+00,4.999999637097756633e+00,2.271748837777662455e+00
2.909999999999901110e+00,4.976648958932583078e+00,3.247997711329933868e+00,4.999999661193533562e+00,2.273725384745975742e+00
2.911999999999900890e+00,4.976664597630025888e+00,3.246651619440124481e+00,4.999999683519259719e+00,2.275701951026030123e+00
2.913999999999900670e+00,4.976680207295860470e+00,3.245305519179605191e+00,4.999999704240733145e+00,2.277678536582707025e+00
2.915999999999900449e+00,4.976695788013875799e+00,3.243959410520822040e+00,4.999999723389392692e+00,2.279655141382503913e+00
2.917999999999900229e+00,4.976711339868703732e+00,3.242613293338638680e+00,4.999999741155202848e+00,2.281631765390158328e+00
2.919999999999900009e+00,4.976726862943043450e+00,3.241267167629048096e+00,4.999999757595068317e+00,2.283608408572384008e+00
2.921999999999899789e+00,4.976742357319867693e+00,3.239921033354947966e+00,4.999999772842123491e+00,2.285585070895292947e+00
2.923999999999899568e+00,4.976757823081877419e+00,3.238574890428168818e+00,4.999999786939292257e+00,2.287561752325044218e+00
2.925999999999899348e+00,4.976773260310967117e+00,3.237228738880018497e+00,4.999999800048504639e+00,2.289538452828994597e+00
2.927999999999899128e+00,4.976788669089591721e+00,3.235882578592869319e+00,4.999999812158944401e+00,2.291515172372452724e+00
2.929999999999898908e+00,4.976804049498605664e+00,3.234536409599217510e+00,4.999999823379686070e+00,2.293491910923181720e+00
2.931999999999898687e+00,4.976819401619502869e+00,3.233190231843844131e+00,4.999999833773102864e+00,2.295468668448066296e+00
2.933999999999898467e+00,4.976834725531874781e+00,3.231844045376845997e+00,4.999999843396984112e+00,2.297445444914802515e+00
2.935999999999898247e+00,4.976850021317976491e+00,3.230497850057988618e+00,4.999999852346610041e+00,2.299422240289568098e+00
2.937999999999898026e+00,4.976865289056278563e+00,3.229151645966763517e+00,4.999999860588093092e+00,2.301399054540368638e+00
2.939999999999897806e+00,4.976880528827486216e+00,3.227805433000731306e+00,4.999999868250871060e+00,2.303375887634222074e+00
2.941999999999897586e+00,4.976895740710212124e+00,3.226459211258703608e+00,4.999999875377519665e+00,2.305352739539660689e+00
2.943999999999897366e+00,4.976910924784816892e+00,3.225112980571763543e+00,4.999999881923986145e+00,2.307329610222758731e+00
2.945999999999897145e+00,4.976926081128238977e+00,3.223766741088995857e+00,4.999999888010299820e+00,2.309306499653277278e+00
2.947999999999896925e+00,4.976941209819640832e+00,3.222420492749271226e+00,4.999999893670314499e+00,2.311283407798451428e+00
2.949999999999896705e+00,4.976956310937311834e+00,3.221074235510570816e+00,4.999999898893642047e+00,2.313260334625949710e+00
2.951999999999896485e+00,4.976971384558359190e+00,3.219727969440135951e+00,4.999999903751086272e+00,2.315237280105137074e+00
2.953999999999896264e+00,4.976986430760784508e+00,3.218381694484926392e+00,4.999999908227816370e+00,2.317214244203249507e+00
2.955999999999896044e+00,4.977001449621718976e+00,3.217035410627731906e+00,4.999999912390517665e+00,2.319191226888613233e+00
2.957999999999895824e+00,4.977016441217615217e+00,3.215689117905173422e+00,4.999999916220544627e+00,2.321168228130360056e+00
2.959999999999895604e+00,4.977031405624779303e+00,3.214342816327448116e+00,4.999999919822794681e+00,2.323145247897282051e+00
2.961999999999895383e+00,4.977046342920054656e+00,3.212996505867984798e+00,4.999999923091859699e+00,2.325122286157279117e+00
2.963999999999895163e+00,4.977061253178572287e+00,3.211650186543340002e+00,4.999999926171344811e+00,2.327099342879610511e+00
2.965999999999894943e+00,4.977076136476256352e+00,3.210303858374438768e+00,4.999999928994781406e+00,2.329076418033190432e+00
2.967999999999894722e+00,4.977090992888435927e+00,3.208957521336338381e+00,4.999999931619677263e+00,2.331053511587086735e+00
2.969999999999894502e+00,4.977105822489734877e+00,3.207611175476905885e+00,4.999999934060642914e+00,2.333030623510471191e+00
2.971999999999894282e+00,4.977120625355374806e+00,3.206264820760698964e+00,4.999999936331208872e+00,2.335007753771808137e+00
2.973999999999894062e+00,4.977135401559709571e+00,3.204918457181259672e+00,4.999999938402170052e+00,2.336984902340675241e+00
2.975999999999893841e+00,4.977150151175733228e+00,3.203572084842968515e+00,4.999999940368627271e+00,2.338962069187452197e+00
2.977999999999893621e+00,4.977164874278805939e+00,3.202225703630720677e+00,4.999999942157852928e+00,2.340939254279867932e+00
2.979999999999893401e+00,4.977179570941251185e+00,3.200879313671077586e+00,4.999999943821561210e+00,2.342916457588940293e+00
2.981999999999893181e+00,4.977194241236910344e+00,3.199532914886537682e+00,4.999999945327243012e+00,2.344893679083275284e+00
2.983999999999892960e+00,4.977208885238373348e+00,3.198186507343381724e+00,4.999999946766941150e+00,2.346870918733369837e+00
2.985999999999892740e+00,4.977223503018770145e+00,3.196840091007842499e+00,4.999999948106838232e+00,2.348848176508337993e+00
2.987999999999892520e+00,4.977238094650275002e+00,3.195493665884986623e+00,4.999999949312534220e+00,2.350825452377569569e+00
2.989999999999892299e+00,4.977252660204913859e+00,3.194147232027170880e+00,4.999999950432577833e+00,2.352802746311956295e+00
2.991999999999892079e+00,4.977267199754064286e+00,3.192800789484013801e+00,4.999999951515010643e+00,2.354780058281912947e+00
2.993999999999891859e+00,4.977281713370132366e+00,3.191454338190439444e+00,4.999999952482189869e+00,2.356757388256549124e+00
2.995999999999891639e+00,4.977296201124153718e+00,3.190107878156527299e+00,4.999999953381262685e+00,2.358734736205926552e+00
2.997999999999891418e+00,4.977310663086528919e+00,3.188761409464207386e+00,4.999999954217243747e+00,2.360712102101160781e+00
2.999999999999891198e+00,4.977325099328899327e+00,3.187414932064188466e+00,4.999999954994775564e+00,2.362689485911909415e+00
3.001999999999890978e+00,4.977339509921504757e+00,3.186068445977606967e+00,4.999999955718157807e+00,2.364666887608644963e+00
3.003999999999890758e+00,4.977353894934103629e+00,3.184721951243247862e+00,4.999999956349633123e+00,2.366644307161994032e+00
3.005999999999890537e+00,4.977368254437156025e+00,3.183375447861389596e+00,4.999999956976378002e+00,2.368621744542600549e+00
3.007999999999890317e+00,4.977382588499704497e+00,3.182028935871434427e+00,4.999999957560071095e+00,2.370599199721229233e+00
3.009999999999890097e+00,4.977396897191822767e+00,3.180682415233480498e+00,4.999999958062132599e+00,2.372576672668006648e+00
3.011999999999889877e+00,4.977411180582037353e+00,3.179335886024030167e+00,4.999999958568990266e+00,2.374554163354408054e+00
3.013999999999889656e+00,4.977425438739937924e+00,3.177989348194857122e+00,4.999999958999872263e+00,2.376531671750628849e+00
3.015999999999889436e+00,4.977439671733494997e+00,3.176642801843359010e+00,4.999999959440788011e+00,2.378509197828599930e+00
3.017999999999889216e+00,4.977453879631918987e+00,3.175296246857408189e+00,4.999999959810579320e+00,2.380486741557646280e+00
3.019999999999888995e+00,4.977468062502565793e+00,3.173949683357911500e+00,4.999999960194897675e+00,2.382464302910439979e+00
3.021999999999888775e+00,4.977482220413469882e+00,3.172603111333913262e+00,4.999999960512258923e+00,2.384441881857585432e+00
3.023999999999888555e+00,4.977496353432751874e+00,3.171256530762495363e+00,4.999999960848008129e+00,2.386419478369608882e+00
3.025999999999888335e+00,4.977510461626921234e+00,3.169909941728580982e+00,4.999999961120375147e+00,2.388397092419214829e+00
3.027999999999888114e+00,4.977524545063623407e+00,3.168563344205199694e+00,4.999999961372693313e+00,2.390374723976913973e+00
3.029999999999887894e+00,4.977538603810141460e+00,3.167216738151619193e+00,4.999999961606440557e+00,2.392352373013433287e+00
3.031999999999887674e+00,4.977552637931957236e+00,3.165870123723442120e+00,4.999999961864728171e+00,2.394330039502258867e+00
3.033999999999887454e+00,4.977566647496150409e+00,3.164523500812948864e+00,4.999999962065333037e+00,2.396307723413137580e+00
3.035999999999887233e+00,4.977580632569335251e+00,3.163176869446350903e+00,4.999999962251172825e+00,2.398285424718005654e+00
3.037999999999887013e+00,4.977594593216259078e+00,3.161830229697943029e+00,4.999999962423333777e+00,2.400263143389336662e+00
3.039999999999886793e+00,4.977608529503342538e+00,3.160483581539577091e+00,4.999999962624565697e+00,2.402240879398544138e+00
3.041999999999886573e+00,4.977622441495851646e+00,3.159136925002175911e+00,4.999999962772315953e+00,2.404218632717412873e+00
3.043999999999886352e+00,4.977636329258653625e+00,3.157790260100519664e+00,4.999999962909189577e+00,2.406196403317872878e+00
3.045999999999886132e+00,4.977650192856835965e+00,3.156443586838032278e+00,4.999999963035988593e+00,2.408174191172020695e+00
3.047999999999885912e+00,4.977664032355534118e+00,3.155096905221899117e+00,4.999999963153454630e+00,2.410151996251514550e+00
3.049999999999885691e+00,4.977677847818499757e+00,3.153750215285741287e+00,4.999999963262273361e+00,2.412129818528754743e+00
3.051999999999885471e+00,4.977691639310238614e+00,3.152403517047806414e+00,4.999999963363082500e+00,2.414107657976306331e+00
3.053999999999885251e+00,4.977705406894473938e+00,3.151056810516080109e+00,4.999999963498216182e+00,2.416085514566051362e+00
3.055999999999885031e+00,4.977719150635509848e+00,3.149710095690045009e+00,4.999999963584731866e+00,2.418063388270314640e+00
3.057999999999884810e+00,4.977732870596272008e+00,3.148363372613673938e+00,4.999999963664876645e+00,2.420041279061401873e+00
3.059999999999884590e+00,4.977746566840415277e+00,3.147016641268598036e+00,4.999999963739123032e+00,2.422019186912083288e+00
3.061999999999884370e+00,4.977760239430690348e+00,3.145669901703851856e+00,4.999999963807903569e+00,2.423997111794596648e+00
3.063999999999884150e+00,4.977773888430042426e+00,3.144323153908599622e+00,4.999999963871620601e+00,2.425975053681935556e+00
3.065999999999883929e+00,4.977787513901069438e+00,3.142976397906259045e+00,4.999999963930647162e+00,2.427953012546097966e+00
3.067999999999883709e+00,4.977801115905935880e+00,3.141629633714257519e+00,4.999999963985329643e+00,2.429930988360498922e+00
3.069999999999883489e+00,4.977814694507099347e+00,3.140282861363757227e+00,4.999999964035987787e+00,2.431908981097855360e+00
3.071999999999883268e+00,4.977828249766448998e+00,3.138936080795556194e+00,4.999999964082913806e+00,2.433886990730103950e+00
3.073999999999883048e+00,4.977841781745216743e+00,3.137589292130996466e+00,4.999999964126388363e+00,2.435865017231518603e+00
3.075999999999882828e+00,4.977855290505406316e+00,3.136242495323458002e+00,4.999999964166660149e+00,2.437843060574218512e+00
3.077999999999882608e+00,4.977868776107619020e+00,3.134895690401459767e+00,4.999999964203968084e+00,2.439821120731650694e+00
3.079999999999882387e+00,4.977882238613879018e+00,3.133548877343611316e+00,4.999999964280272380e+00,2.441799197676398414e+00
3.081999999999882167e+00,4.977895678083631203e+00,3.132202056246494504e+00,4.999999964312289435e+00,2.443777291382605465e+00
3.083999999999881947e+00,4.977909094578621740e+00,3.130855227050365119e+00,4.999999964341950154e+00,2.445755401822673925e+00
3.085999999999881727e+00,4.977922488158378123e+00,3.129508389812773572e+00,4.999999964369425953e+00,2.447733528970218231e+00
3.087999999999881506e+00,4.977935858883654419e+00,3.128161544502046088e+00,4.999999964394879370e+00,2.449711672798453588e+00
3.089999999999881286e+00,4.977949206814403560e+00,3.126814691162469906e+00,4.999999964418458731e+00,2.451689833280684905e+00
3.091999999999881066e+00,4.977962532009674312e+00,3.125467829811345410e+00,4.999999964440301703e+00,2.453668010390977372e+00
3.093999999999880846e+00,4.977975834529722476e+00,3.124120960454917384e+00,4.999999964460537960e+00,2.455646204102486241e+00
3.095999999999880625e+00,4.977989114433138518e+00,3.122774083117119126e+00,4.999999964479283854e+00,2.457624414388901446e+00
3.097999999999880405e+00,4.978002371779453483e+00,3.121427197809769183e+00,4.999999964496649518e+00,2.459602641224114983e+00
3.099999999999880185e+00,4.978015606627247180e+00,3.120080304538929816e+00,4.999999964512736206e+00,2.461580884581422879e+00
3.101999999999879964e+00,4.978028819035758445e+00,3.118733403302885510e+00,4.999999964527638063e+00,2.463559144434833037e+00
3.103999999999879744e+00,4.978042009062768614e+00,3.117386494148782994e+00,4.999999964541443909e+00,2.465537420758415088e+00
3.105999999999879524e+00,4.978055176766506662e+00,3.116039577101583191e+00,4.999999964554232790e+00,2.467515713526463816e+00
3.107999999999879304e+00,4.978068322205369434e+00,3.114692652137994511e+00,4.999999964566080202e+00,2.469494022712031889e+00
3.109999999999879083e+00,4.978081445437050334e+00,3.113345719274448697e+00,4.999999964577055422e+00,2.471472348289577514e+00
3.111999999999878863e+00,4.978094546518977204e+00,3.111998778546147815e+00,4.999999964587223289e+00,2.473450690233475857e+00
3.113999999999878643e+00,4.978107625508930489e+00,3.110651829958497316e+00,4.999999964596640645e+00,2.475429048517624686e+00
3.115999999999878423e+00,4.978120682463710978e+00,3.109304873528794033e+00,4.999999964605365221e+00,2.477407423116396945e+00
3.117999999999878202e+00,4.978133717440788253e+00,3.107957909252256457e+00,4.999999964613448533e+00,2.479385814003894684e+00
3.119999999999877982e+00,4.978146730496638028e+00,3.106610937170441122e+00,4.999999964620936765e+00,2.481364221154947813e+00
3.121999999999877762e+00,4.978159721687847927e+00,3.105263957284391196e+00,4.999999964627872551e+00,2.483342644543560240e+00
3.123999999999877542e+00,4.978172691070831490e+00,3.103916969616117516e+00,4.999999964634297633e+00,2.485321084144288317e+00
3.125999999999877321e+00,4.978185638701941862e+00,3.102569974160050315e+00,4.999999964640250205e+00,2.487299539931876247e+00
3.127999999999877101e+00,4.978198564637275503e+00,3.101222970932276279e+00,4.999999964645764017e+00,2.489278011880325714e+00
3.129999999999876881e+00,4.978211468931922568e+00,3.099875959986316154e+00,4.999999964650871931e+00,2.491256499965269988e+00
3.131999999999876660e+00,4.978224351642580814e+00,3.098528941287522098e+00,4.999999964655603257e+00,2.493235004160540669e+00
3.133999999999876440e+00,4.978237212823751534e+00,3.097181914889292731e+00,4.999999964659987306e+00,2.495213524441445507e+00
3.135999999999876220e+00,4.978250052531418390e+00,3.095834880744428030e+00,4.999999964664048058e+00,2.497192060782392531e+00
3.137999999999876000e+00,4.978262870819613717e+00,3.094487838952773018e+00,4.999999964667810382e+00,2.499170613158866683e+00
3.139999999999875779e+00,4.978275667744225252e+00,3.093140789452783590e+00,4.999999964671293817e+00,2.501149181545249789e+00
3.141999999999875559e+00,4.978288443359692117e+00,3.091793732278766971e+00,4.999999964674523234e+00,2.503127765916445924e+00
3.143999999999875339e+00,4.978301197719870785e+00,3.090446667476483888e+00,4.999999964677512843e+00,2.505106366248336602e+00
3.145999999999875119e+00,4.978313930879258109e+00,3.089099595034247692e+00,4.999999964680283071e+00,2.507084982515340510e+00
3.147999999999874898e+00,4.978326642891826026e+00,3.087752515008055809e+00,4.999999964682849019e+00,2.509063614693491484e+00
3.149999999999874678e+00,4.978339333812049183e+00,3.086405427321999184e+00,4.999999964685225784e+00,2.511042262756804089e+00
3.151999999999874458e+00,4.978352003693554906e+00,3.085058332024535499e+00,4.999999964687428466e+00,2.513020926680884948e+00
3.153999999999874237e+00,4.978364652589170269e+00,3.083711229177489521e+00,4.999999964689468612e+00,2.514999606441786995e+00
3.155999999999874017e+00,4.978377280552771289e+00,3.082364118753120774e+00,4.999999964691357768e+00,2.516978302014210467e+00
3.157999999999873797e+00,4.978389887637119315e+00,3.081017000769686653e+00,4.999999964693109256e+00,2.518957013374015563e+00
3.159999999999873577e+00,4.978402473895449099e+00,3.079669875267842194e+00,4.999999964694730181e+00,2.520935740496681454e+00
3.161999999999873356e+00,4.978415039380335472e+00,3.078322742220103159e+00,4.999999964696232091e+00,2.522914483357569182e+00
3.163999999999873136e+00,4.978427584144743179e+00,3.076975601655267401e+00,4.999999964697624755e+00,2.524893241932243182e+00
3.165999999999872916e+00,4.978440108240850925e+00,3.075628453593573841e+00,4.999999964698914390e+00,2.526872016196739512e+00
3.167999999999872696e+00,4.978452611720890708e+00,3.074281298031849463e+00,4.999999964700107213e+00,2.528850806126236250e+00
3.169999999999872475e+00,4.978465094636597144e+00,3.072934135010653822e+00,4.999999964701213884e+00,2.530829611696947534e+00
3.171999999999872255e+00,4.978477557040121404e+00,3.071586964545102383e+00,4.999999964702238842e+00,2.532808432884872563e+00
3.173999999999872035e+00,4.978489998983400611e+00,3.070239786615946986e+00,4.999999964703188304e+00,2.534787269665158327e+00
3.175999999999871815e+00,4.978502420517456173e+00,3.068892601260289066e+00,4.999999964704067601e+00,2.536766122014416869e+00
3.177999999999871594e+00,4.978514821694108861e+00,3.067545408465500500e+00,4.999999964704882949e+00,2.538744989908074068e+00
3.179999999999871374e+00,4.978527202563970633e+00,3.066198208301326833e+00,4.999999964705637012e+00,2.540723873322792148e+00
3.181999999999871154e+00,4.978539563178046023e+00,3.064851000764302391e+00,4.999999964706336009e+00,2.542702772234413988e+00
3.183999999999870933e+00,4.978551903587673522e+00,3.063503785827912829e+00,4.999999964706983491e+00,2.544681686618583072e+00
3.185999999999870713e+00,4.978564223843145342e+00,3.062156563520117114e+00,4.999999964707583899e+00,2.546660616451538406e+00
3.187999999999870493e+00,4.978576523995239533e+00,3.060809333854428438e+00,4.999999964708139899e+00,2.548639561709628687e+00
3.189999999999870273e+00,4.978588804093289077e+00,3.059462096913137419e+00,4.999999964708654154e+00,2.550618522369702657e+00
3.191999999999870052e+00,4.978601064188071135e+00,3.058114852653603055e+00,4.999999964709131106e+00,2.552597498407427778e+00
3.193999999999869832e+00,4.978613304329564393e+00,3.056767601075991436e+00,4.999999964709573419e+00,2.554576489798839223e+00
3.195999999999869612e+00,4.978625524567414473e+00,3.055420342238351239e+00,4.999999964709982869e+00,2.556555496520529935e+00
3.197999999999869392e+00,4.978637724951244792e+00,3.054073076101702089e+00,4.999999964710361233e+00,2.558534518548610581e+00
3.199999999999869171e+00,4.978649905530182274e+00,3.052725802759834295e+00,4.999999964710712064e+00,2.560513555859989410e+00
3.201999999999868951e+00,4.978662066353805038e+00,3.051378522163390006e+00,4.999999964711037137e+00,2.562492608430535057e+00
3.203999999999868731e+00,4.978674207471077473e+00,3.050031234350227827e+00,4.999999964711338230e+00,2.564471676236657949e+00
3.205999999999868511e+00,4.978686328930574057e+00,3.048683939366659601e+00,4.999999964711618894e+00,2.566450759254997216e+00
3.207999999999868290e+00,4.978698430781521189e+00,3.047336637186225605e+00,4.999999964711876466e+00,2.568429857461753674e+00
3.209999999999868070e+00,4.978710513071845867e+00,3.045989327881356790e+00,4.999999964712116274e+00,2.570408970833419460e+00
3.211999999999867850e+00,4.978722575850063947e+00,3.044642011460607645e+00,4.999999964712337430e+00,2.572388099346529344e+00
3.213999999999867629e+00,4.978734619164927544e+00,3.043294687909914309e+00,4.999999964712543488e+00,2.574367242977144699e+00
3.215999999999867409e+00,4.978746643064311250e+00,3.041947357250638362e+00,4.999999964712733558e+00,2.576346401700923661e+00
3.217999999999867189e+00,4.978758647595087794e+00,3.040600019610208982e+00,4.999999964712909417e+00,2.578325575495776789e+00
3.219999999999866969e+00,4.978770632805582963e+00,3.039252674937753973e+00,4.999999964713070177e+00,2.580304764336763146e+00
3.221999999999866748e+00,4.978782598743510590e+00,3.037905323256897550e+00,4.999999964713214951e+00,2.582283968199790003e+00
3.223999999999866528e+00,4.978794545456287857e+00,3.036557964594061243e+00,4.999999964713346401e+00,2.584263187061132339e+00
3.225999999999866308e+00,4.978806472990047638e+00,3.035210599046722191e+00,4.999999964713467193e+00,2.586242420896908811e+00
3.227999999999866088e+00,4.978818381392756010e+00,3.033863226594390561e+00,4.999999964713576439e+00,2.588221669682233550e+00
3.229999999999865867e+00,4.978830270710223438e+00,3.032515847330001346e+00,4.999999964713675915e+00,2.590200933393652871e+00
3.231999999999865647e+00,4.978842140989999443e+00,3.031168461242789824e+00,4.999999964713766509e+00,2.592180212005295026e+00
3.233999999999865427e+00,4.978853992277623597e+00,3.029821068435282427e+00,4.999999964713850886e+00,2.594159505493001117e+00
3.235999999999865206e+00,4.978865824619516545e+00,3.028473668927164297e+00,4.999999964713929046e+00,2.596138813831250225e+00
3.237999999999864986e+00,4.978877638061277366e+00,3.027126262849862304e+00,4.999999964714000100e+00,2.598118136995218208e+00
3.239999999999864766e+00,4.978889432648946567e+00,3.025778850231922501e+00,4.999999964714065825e+00,2.600097474958433352e+00
3.241999999999864546e+00,4.978901208428259118e+00,3.024431431126300307e+00,4.999999964714126222e+00,2.602076827694349781e+00
3.243999999999864325e+00,4.978912965444036942e+00,3.023084005652799444e+00,4.999999964714182177e+00,2.604056195176653876e+00
3.245999999999864105e+00,4.978924703741292923e+00,3.021736573921296021e+00,4.999999964714234579e+00,2.606035577377577184e+00
3.247999999999863885e+00,4.978936423365076358e+00,3.020389136015557252e+00,4.999999964714282541e+00,2.608014974269087460e+00
3.249999999999863665e+00,4.978948124359568794e+00,3.019041692090300710e+00,4.999999964714326062e+00,2.609994385822581808e+00
3.251999999999863444e+00,4.978959806769287511e+00,3.017694242259883364e+00,4.999999964714368694e+00,2.611973812007924334e+00
3.253999999999863224e+00,4.978971470637795882e+00,3.016346786732960084e+00,4.999999964714407774e+00,2.613953252795016002e+00
3.255999999999863004e+00,4.978983116008924625e+00,3.014999325634572180e+00,4.999999964714444189e+00,2.615932708151194497e+00
3.257999999999862784e+00,4.978994742925855199e+00,3.013651859205424444e+00,4.999999964714477940e+00,2.617912178043885429e+00
3.259999999999862563e+00,4.979006351431533695e+00,3.012304387658330640e+00,4.999999964714510803e+00,2.619891662437966673e+00
3.261999999999862343e+00,4.979017941568303129e+00,3.010956911256390534e+00,4.999999964714539225e+00,2.621871161297074870e+00
3.263999999999862123e+00,4.979029513378333327e+00,3.009609430285001164e+00,4.999999964714567646e+00,2.623850674582669296e+00
3.265999999999861902e+00,4.979041066903394430e+00,3.008261945091766698e+00,4.999999964714592515e+00,2.625830202254437751e+00
3.267999999999861682e+00,4.979052602184095733e+00,3.006914456070938435e+00,4.999999964714617384e+00,2.627809744269236969e+00
3.269999999999861462e+00,4.979064119261219723e+00,3.005566963643882872e+00,4.999999964714641365e+00,2.629789300580812395e+00
3.271999999999861242e+00,4.979075618174864104e+00,3.004219468261009940e+00,4.999999964714663570e+00,2.631768871139564592e+00
3.273999999999861021e+00,4.979087098963821845e+00,3.002871970542066560e+00,4.999999964714682221e+00,2.633748455892549689e+00
3.275999999999860801e+00,4.979098561667144374e+00,3.001524471031562058e+00,4.999999964714702649e+00,2.635728054781925067e+00
3.277999999999860581e+00,4.979110006321674220e+00,3.000176970541218680e+00,4.999999964714720413e+00,2.637707667746044926e+00
3.279999999999860361e+00,4.979121432964947580e+00,2.998829469783884871e+00,4.999999964714737288e+00,2.639687294715684196e+00
3.281999999999860140e+00,4.979132841632595508e+00,2.997481969715378280e+00,4.999999964714754164e+00,2.641666935617267509e+00
3.283999999999859920e+00,4.979144232358398092e+00,2.996134471413320011e+00,4.999999964714768375e+00,2.643646590369214344e+00
3.285999999999859700e+00,4.979155605176460497e+00,2.994786976018049884e+00,4.999999964714783474e+00,2.645626258881382142e+00
3.287999999999859480e+00,4.979166960117847651e+00,2.993439484908453796e+00,4.999999964714796796e+00,2.647605941054658629e+00
3.289999999999859259e+00,4.979178297213144866e+00,2.992091999619555409e+00,4.999999964714809231e+00,2.649585636779507425e+00
3.291999999999859039e+00,4.979189616490850234e+00,2.990744521872703121e+00,4.999999964714821665e+00,2.651565345933275086e+00
3.293999999999858819e+00,4.979200917976952745e+00,2.989397053676952520e+00,4.999999964714834988e+00,2.653545068380349647e+00
3.295999999999858598e+00,4.979212201695466078e+00,2.988049597274891944e+00,4.999999964714844758e+00,2.655524803969200764e+00
3.297999999999858378e+00,4.979223467667807768e+00,2.986702155237729528e+00,4.999999964714855416e+00,2.657504552530149500e+00
3.299999999999858158e+00,4.979234715912380871e+00,2.985354730496185827e+00,4.999999964714866074e+00,2.659484313873577310e+00
3.301999999999857938e+00,4.979245946444075699e+00,2.984007326366788782e+00,4.999999964714874956e+00,2.661464087786352017e+00
3.303999999999857717e+00,4.979257159274546041e+00,2.982659946620491276e+00,4.999999964714884726e+00,2.663443874029026492e+00
3.305999999999857497e+00,4.979268354410489650e+00,2.981312595578483826e+00,4.999999964714892720e+00,2.665423672332658089e+00
3.307999999999857277e+00,4.979279531854459151e+00,2.979965278094950154e+00,4.999999964714900713e+00,2.667403482393320147e+00
3.309999999999857057e+00,4.979290691602817454e+00,2.978617999768671254e+00,4.999999964714909595e+00,2.669383303869296231e+00
3.311999999999856836e+00,4.979301833646378128e+00,2.977270766908048483e+00,4.999999964714914924e+00,2.671363136373888114e+00
3.313999999999856616e+00,4.979312957968868858e+00,2.975923586716961111e+00,4.999999964714923806e+00,2.673342979470978431e+00
3.315999999999856396e+00,4.979324064545328277e+00,2.974576467425059434e+00,4.999999964714930023e+00,2.675322832667162309e+00
3.317999999999856175e+00,4.979335153343122933e+00,2.973229418295638471e+00,4.999999964714937128e+00,2.677302695403743993e+00
3.319999999999855955e+00,4.979346224317854563e+00,2.971882450004326603e+00,4.999999964714944234e+00,2.679282567049509733e+00
3.321999999999855735e+00,4.979357277414815819e+00,2.970535574575381421e+00,4.999999964714948675e+00,2.681262446888019291e+00
3.323999999999855515e+00,4.979368312565378929e+00,2.969188805766967310e+00,4.999999964714955780e+00,2.683242334108316030e+00
3.325999999999855294e+00,4.979379329686030253e+00,2.967842159216218967e+00,4.999999964714960221e+00,2.685222227790833749e+00
3.327999999999855074e+00,4.979390328677014921e+00,2.966495652668827976e+00,4.999999964714965550e+00,2.687202126892747955e+00
3.329999999999854854e+00,4.979401309418576282e+00,2.965149306389034400e+00,4.999999964714970879e+00,2.689182030231484166e+00
3.331999999999854634e+00,4.979412271769865228e+00,2.963803143336049661e+00,4.999999964714975320e+00,2.691161936464738780e+00
3.333999999999854413e+00,4.979423215564618310e+00,2.962457189717287775e+00,4.999999964714979761e+00,2.693141844070114477e+00
3.335999999999854193e+00,4.979434140608663739e+00,2.961111475327228515e+00,4.999999964714985978e+00,2.695121751319258685e+00
3.337999999999853973e+00,4.979445046676608477e+00,2.959766033985439471e+00,4.999999964714988643e+00,2.697101656249983659e+00
3.339999999999853753e+00,4.979455933506445220e+00,2.958420904220262493e+00,4.999999964714993972e+00,2.699081556635366752e+00
3.341999999999853532e+00,4.979466800795020909e+00,2.957076129856965441e+00,4.999999964714996636e+00,2.701061449947081083e+00
3.343999999999853312e+00,4.979477648193529227e+00,2.955731760667476227e+00,4.999999964715001965e+00,2.703041333314408767e+00
3.345999999999853092e+00,4.979488475299707062e+00,2.954387853291693400e+00,4.999999964715004630e+00,2.705021203478474412e+00
3.347999999999852871e+00,4.979499281651370346e+00,2.953044472146531874e+00,4.999999964715007295e+00,2.707001056740186762e+00
3.349999999999852651e+00,4.979510066719949890e+00,2.951701690371878684e+00,4.999999964715011735e+00,2.708980888899158224e+00
3.351999999999852431e+00,4.979520829898998358e+00,2.950359591145202298e+00,4.999999964715015288e+00,2.710960695188867398e+00
3.353999999999852211e+00,4.979531570495663750e+00,2.949018268984900715e+00,4.999999964715017065e+00,2.712940470199369347e+00
3.355999999999851990e+00,4.979542287718727422e+00,2.947677831200552045e+00,4.999999964715021505e+00,2.714920207791903906e+00
3.357999999999851770e+00,4.979552980665871154e+00,2.946338399722534529e+00,4.999999964715023282e+00,2.716899901001956330e+00
3.359999999999851550e+00,4.979563648308706902e+00,2.945000112960914684e+00,4.999999964715026834e+00,2.718879541931738419e+00
3.361999999999851330e+00,4.979574289476694560e+00,2.943663128001352991e+00,4.999999964715029499e+00,2.720859121625381682e+00
3.363999999999851109e+00,4.979584902838371185e+00,2.942327623094560529e+00,4.999999964715032164e+00,2.722838629932962995e+00
3.365999999999850889e+00,4.979595486881761346e+00,2.940993800339068542e+00,4.999999964715033940e+00,2.724818055354941038e+00
3.367999999999850669e+00,4.979606039889603153e+00,2.939661888842802551e+00,4.999999964715036604e+00,2.726797384869115159e+00
3.369999999999850449e+00,4.979616559915100993e+00,2.938332148100958996e+00,4.999999964715039269e+00,2.728776603737363082e+00
3.371999999999850228e+00,4.979627044751940623e+00,2.937004871979349563e+00,4.999999964715041045e+00,2.730755695291299023e+00
3.373999999999850008e+00,4.979637491903705637e+00,2.935680392835799069e+00,4.999999964715042822e+00,2.732734640690129613e+00
3.375999999999849788e+00,4.979647898546927465e+00,2.934359086436945319e+00,4.999999964715046374e+00,2.734713418658811346e+00
3.377999999999849567e+00,4.979658261493507432e+00,2.933041377069506517e+00,4.999999964715047263e+00,2.736692005193409383e+00
3.379999999999849347e+00,4.979668577147915443e+00,2.931727743420564192e+00,4.999999964715050815e+00,2.738670373241866685e+00
3.381999999999849127e+00,4.979678841459208805e+00,2.930418724882829284e+00,4.999999964715050815e+00,2.740648492354269106e+00
3.383999999999848907e+00,4.979689049872185080e+00,2.929114928340706303e+00,4.999999964715053480e+00,2.742626328302017136e+00
3.385999999999848686e+00,4.979699197271893141e+00,2.927817035698297321e+00,4.999999964715054368e+00,2.744603842671863969e+00
3.387999999999848466e+00,4.979709277926015254e+00,2.926525811721757186e+00,4.999999964715057921e+00,2.746580992428954371e+00
3.389999999999848246e+00,4.979719285423096942e+00,2.925242112489949697e+00,4.999999964715058809e+00,2.748557729459526477e+00
3.391999999999848026e+00,4.979729212608598132e+00,2.923966894199496735e+00,4.999999964715060585e+00,2.750534000093221465e+00
3.393999999999847805e+00,4.979739051520565951e+00,2.922701222056818260e+00,4.999999964715063250e+00,2.752509744614913156e+00
3.395999999999847585e+00,4.979748793322352540e+00,2.921446279623688635e+00,4.999999964715063250e+00,2.754484896778000458e+00
3.397999999999847365e+00,4.979758428238818979e+00,2.920203377657703658e+00,4.999999964715065026e+00,2.756459383327887203e+00
3.399999999999847144e+00,4.979767945495717107e+00,2.918973962639652253e+00,4.999999964715066803e+00,2.758433123558067468e+00
3.401999999999846924e+00,4.979777333264969741e+00,2.917759624642715544e+00,4.999999964715068579e+00,2.760406028919187182e+00
3.403999999999846704e+00,4.979786578620936766e+00,2.916562103609768641e+00,4.999999964715069467e+00,2.762378002703027136e+00
3.405999999999846484e+00,4.979795667507448620e+00,2.915383294326083341e+00,4.999999964715072132e+00,2.764348939838365382e+00
3.407999999999846263e+00,4.979804584726820416e+00,2.914225248479860308e+00,4.999999964715071243e+00,2.766318726822873053e+00
3.409999999999846043e+00,4.979813313946893416e+00,2.913090174299860724e+00,4.999999964715073020e+00,2.768287241839503920e+00
3.411999999999845823e+00,4.979821837737327783e+00,2.911980432130826912e+00,4.999999964715074796e+00,2.770254355081069875e+00
3.413999999999845603e+00,4.979830137639295273e+00,2.910898525834477724e+00,4.999999964715075684e+00,2.772219929329548194e+00
3.415999999999845382e+00,4.979838194268021212e+00,2.909847089343440274e+00,4.999999964715076572e+00,2.774183820816896073e+00
3.417999999999845162e+00,4.979845987456655187e+00,2.908828867840843380e+00,4.999999964715078349e+00,2.776145880393348531e+00
3.419999999999844942e+00,4.979853496439809568e+00,2.907846693321231246e+00,4.999999964715079237e+00,2.778105955014230855e+00
3.421999999999844722e+00,4.979860700078824642e+00,2.906903454531198694e+00,4.999999964715079237e+00,2.780063889542624622e+00
3.423999999999844501e+00,4.979867577124057476e+00,2.906002061646961732e+00,4.999999964715081013e+00,2.782019528845171674e+00
3.425999999999844281e+00,4.979874106509036835e+00,2.905145406407497077e+00,4.999999964715081013e+00,2.783972720137231516e+00
3.427999999999844061e+00,4.979880267670940164e+00,2.904336318643370163e+00,4.999999964715082790e+00,2.785923315510750342e+00
3.429999999999843840e+00,4.979886040883052090e+00,2.903577520773056975e+00,4.999999964715083678e+00,2.787871174557680298e+00
3.431999999999843620e+00,4.979891407587366814e+00,2.902871582101554715e+00,4.999999964715085454e+00,2.789816166993547064e+00
3.433999999999843400e+00,4.979896350717010201e+00,2.902220874301591813e+00,4.999999964715085454e+00,2.791758175153262300e+00
3.435999999999843180e+00,4.979900854987649339e+00,2.901627530863351900e+00,4.999999964715086342e+00,2.793697096269124547e+00
3.437999999999842959e+00,4.979904907151453841e+00,2.901093411510711206e+00,4.999999964715087231e+00,2.795632844402675232e+00
3.439999999999842739e+00,4.979908496197463563e+00,2.900620073667389054e+00,4.999999964715088119e+00,2.797565351961211810e+00
3.441999999999842519e+00,4.979911613492654432e+00,2.900208751988350819e+00,4.999999964715089007e+00,2.799494570725247211e+00
3.443999999999842299e+00,4.979914252858984369e+00,2.899860346551975443e+00,4.999999964715089007e+00,2.801420472358916669e+00
3.445999999999842078e+00,4.979916410586159081e+00,2.899575419875695115e+00,4.999999964715090783e+00,2.803343048395328996e+00
3.447999999999841858e+00,4.979918085382089465e+00,2.899354202424650584e+00,4.999999964715090783e+00,2.805262309730411019e+00
3.449999999999841638e+00,4.979919278267495031e+00,2.899196605842793151e+00,4.999999964715090783e+00,2.807178285677157437e+00
3.451999999999841418e+00,4.979919992426478537e+00,2.899102242515750660e+00,4.999999964715092560e+00,2.809091022643787738e+00
3.453999999999841197e+00,4.979920233017211650e+00,2.899070450519910302e+00,4.999999964715092560e+00,2.811000582536097081e+00
3.455999999999840977e+00,4.979920006959766887e+00,2.899100321983719031e+00,4.999999964715093448e+00,2.812907040951126980e+00
3.457999999999840757e+00,4.979919322708003193e+00,2.899190733899311923e+00,4.999999964715094336e+00,2.814810485265869300e+00
3.459999999999840536e+00,4.979918190014980262e+00,2.899340379765126485e+00,4.999999964715095224e+00,2.816711012686922366e+00
3.461999999999840316e+00,4.979916619702009939e+00,2.899547801125162749e+00,4.999999964715095224e+00,2.818608728340282976e+00
3.463999999999840096e+00,4.979914623437592169e+00,2.899811417747501174e+00,4.999999964715096112e+00,2.820503743431964860e+00
3.465999999999839876e+00,4.979912213530399256e+00,2.900129556169768197e+00,4.999999964715097001e+00,2.822396173550030252e+00
3.467999999999839655e+00,4.979909402738381452e+00,2.900500475827550773e+00,4.999999964715097889e+00,2.824286137117096196e+00
3.469999999999839435e+00,4.979906204101538947e+00,2.900922392427121466e+00,4.999999964715097001e+00,2.826173754003559857e+00
3.471999999999839215e+00,4.979902630791972484e+00,2.901393498638134893e+00,4.999999964715097001e+00,2.828059144325827834e+00
3.473999999999838995e+00,4.979898695986474166e+00,2.901911981978867683e+00,4.999999964715098777e+00,2.829942427417945439e+00
3.475999999999838774e+00,4.979894412759282574e+00,2.902476039895942606e+00,4.999999964715098777e+00,2.831823720961361701e+00
3.477999999999838554e+00,4.979889793991885583e+00,2.903083892485021522e+00,4.999999964715099665e+00,2.833703140285973365e+00
3.479999999999838334e+00,4.979884852301267095e+00,2.903733792667617220e+00,4.999999964715098777e+00,2.835580797793806784e+00
3.481999999999838113e+00,4.979879599982924177e+00,2.904424034430013180e+00,4.999999964715100553e+00,2.837456802522948518e+00
3.483999999999837893e+00,4.979874048966976829e+00,2.905152959186122263e+00,4.999999964715101441e+00,2.839331259822023057e+00
3.485999999999837673e+00,4.979868210786219329e+00,2.905918960437885445e+00,4.999999964715100553e+00,2.841204271109285528e+00
3.487999999999837453e+00,4.979862096554150241e+00,2.906720487163326094e+00,4.999999964715102330e+00,2.843075933725503379e+00
3.489999999999837232e+00,4.979855716951481881e+00,2.907556045976664727e+00,4.999999964715103218e+00,2.844946340849442645e+00
3.491999999999837012e+00,4.979849082218247958e+00,2.908424202347784870e+00,4.999999964715102330e+00,2.846815581472719181e+00
3.493999999999836792e+00,4.979842202154092234e+00,2.909323580978775414e+00,4.999999964715102330e+00,2.848683740416734889e+00
3.495999999999836572e+00,4.979835086119943632e+00,2.910252865594635363e+00,4.999999964715104106e+00,2.850550898395188604e+00
3.497999999999836351e+00,4.979827743047197330e+00,2.911210798121868670e+00,4.999999964715104106e+00,2.852417132091707774e+00
3.499999999999836131e+00,4.979820181445140825e+00,2.912196177553044496e+00,4.999999964715104994e+00,2.854282514274875560e+00
3.501999999999835911e+00,4.979812409415377061e+00,2.913207858424530450e+00,4.999999964715104106e+00,2.856147113916174263e+00
3.503999999999835691e+00,4.979804434663036794e+00,2.914244749142656410e+00,4.999999964715104994e+00,2.858010996334218845e+00
3.505999999999835470e+00,4.979796264513095316e+00,2.915305810049210855e+00,4.999999964715104994e+00,2.859874223331425824e+00
3.507999999999835250e+00,4.979787905924776048e+00,2.916390051457352861e+00,4.999999964715106771e+00,2.861736853346756870e+00
3.509999999999835030e+00,4.979779365507686073e+00,2.917496531597444598e+00,4.999999964715105882e+00,2.863598941608444637e+00
3.511999999999834809e+00,4.979770649537395677e+00,2.918624354494317785e+00,4.999999964715106771e+00,2.865460540278568669e+00
3.513999999999834589e+00,4.979761763970882882e+00,2.919772667910498054e+00,4.999999964715106771e+00,2.867321698609359704e+00
3.515999999999834369e+00,4.979752714462335028e+00,2.920940661265197580e+00,4.999999964715107659e+00,2.869182463086371371e+00
3.517999999999834149e+00,4.979743506378855322e+00,2.922127563604422829e+00,4.999999964715107659e+00,2.871042877571159391e+00
3.519999999999833928e+00,4.979734144813782848e+00,2.923332641619317052e+00,4.999999964715107659e+00,2.872902983438267110e+00
3.521999999999833708e+00,4.979724634601930155e+00,2.924555197743297974e+00,4.999999964715107659e+00,2.874762819710976913e+00
3.523999999999833488e+00,4.979714980333485919e+00,2.925794568312563015e+00,4.999999964715107659e+00,2.876622423189464151e+00
3.525999999999833268e+00,4.979705186365574576e+00,2.927050121762332591e+00,4.999999964715109435e+00,2.878481828566847422e+00
3.527999999999833047e+00,4.979695256836820683e+00,2.928321256971719855e+00,4.999999964715109435e+00,2.880341068553202266e+00
3.529999999999832827e+00,4.979685195677381770e+00,2.929607401626776131e+00,4.999999964715109435e+00,2.882200173982896185e+00
3.531999999999832607e+00,4.979675006621545386e+00,2.930908010660453922e+00,4.999999964715109435e+00,2.884059173915156649e+00
3.533999999999832387e+00,4.979664693217181970e+00,2.932222564850782920e+00,4.999999964715108547e+00,2.885918095747075807e+00
3.535999999999832166e+00,4.979654258837745040e+00,2.933550569348032599e+00,4.999999964715110323e+00,2.887776965289257980e+00
3.537999999999831946e+00,4.979643706689796723e+00,2.934891552443414930e+00,4.999999964715111211e+00,2.889635806873683599e+00
3.539999999999831726e+00,4.979633039823413654e+00,2.936245064261157278e+00,4.999999964715110323e+00,2.891494643423152322e+00
3.541999999999831505e+00,4.979622261140449702e+00,2.937610675630045076e+00,4.999999964715110323e+00,2.893353496541732461e+00
3.543999999999831285e+00,4.979611373402366148e+00,2.938987976942052160e+00,4.999999964715110323e+00,2.895212386582703523e+00
3.545999999999831065e+00,4.979600379237968610e+00,2.940376577115823675e+00,4.999999964715110323e+00,2.897071332721817605e+00
3.547999999999830845e+00,4.979589281150942348e+00,2.941776102606858956e+00,4.999999964715110323e+00,2.898930353022916684e+00
3.549999999999830624e+00,4.979578081526145006e+00,2.943186196478487560e+00,4.999999964715112100e+00,2.900789464502621318e+00
3.551999999999830404e+00,4.979566782635698630e+00,2.944606517514903654e+00,4.999999964715112100e+00,2.902648683185966583e+00
3.553999999999830184e+00,4.979555386646046244e+00,2.946036739412678074e+00,4.999999964715112988e+00,2.904508024167879565e+00
3.555999999999829964e+00,4.979543895622163596e+00,2.947476549969682669e+00,4.999999964715112100e+00,2.906367501657356023e+00
3.557999999999829743e+00,4.979532311534453193e+00,2.948925650376219565e+00,4.999999964715112100e+00,2.908227129033409852e+00
3.559999999999829523e+00,4.979520636262281030e+00,2.950383754510096157e+00,4.999999964715112100e+00,2.910086918888156404e+00
3.561999999999829303e+00,4.979508871599700015e+00,2.951850588283822852e+00,4.999999964715112988e+00,2.911946883070995806e+00
3.563999999999829082e+00,4.979497019258997348e+00,2.953325889035541607e+00,4.999999964715112100e+00,2.913807032730560298e+00
3.565999999999828862e+00,4.979485080875956093e+00,2.954809404939477524e+00,4.999999964715113876e+00,2.915667378351370687e+00
3.567999999999828642e+00,4.979473058012660047e+00,2.956300894469710894e+00,4.999999964715113876e+00,2.917527929792714136e+00
3.569999999999828422e+00,4.979460952161947063e+00,2.957800125876179465e+00,4.999999964715113876e+00,2.919388696320378340e+00
3.571999999999828201e+00,4.979448764750555867e+00,2.959306876704417277e+00,4.999999964715113876e+00,2.921249686640757570e+00
3.573999999999827981e+00,4.979436497142651241e+00,2.960820933329774363e+00,4.999999964715113876e+00,2.923110908929076768e+00
3.575999999999827761e+00,4.979424150642550728e+00,2.962342090537290584e+00,4.999999964715113876e+00,2.924972370861626203e+00
3.577999999999827541e+00,4.979411726497817270e+00,2.963870151102288020e+00,4.999999964715114764e+00,2.926834079639094810e+00
3.579999999999827320e+00,4.979399225902372272e+00,2.965404925411144532e+00,4.999999964715114764e+00,2.928696042014344858e+00
3.581999999999827100e+00,4.979386649998415848e+00,2.966946231085216379e+00,4.999999964715114764e+00,2.930558264312004280e+00
3.583999999999826880e+00,4.979373999879369350e+00,2.968493892661597133e+00,4.999999964715114764e+00,2.932420752459417468e+00
3.585999999999826660e+00,4.979361276592228158e+00,2.970047741250148476e+00,4.999999964715115652e+00,2.934283512001606642e+00
3.587999999999826439e+00,4.979348481139104443e+00,2.971607614223574778e+00,4.999999964715114764e+00,2.936146548120665667e+00
3.589999999999826219e+00,4.979335614480112859e+00,2.973173354934055546e+00,4.999999964715115652e+00,2.938009865657228659e+00
3.591999999999825999e+00,4.979322677535026109e+00,2.974744812446959319e+00,4.999999964715115652e+00,2.939873469130642292e+00
3.593999999999825778e+00,4.979309671184854125e+00,2.976321841260029188e+00,4.999999964715114764e+00,2.941737362749384133e+00
3.595999999999825558e+00,4.979296596273602660e+00,2.977904301079483229e+00,4.999999964715116541e+00,2.943601550434248537e+00
3.597999999999825338e+00,4.979283453610566568e+00,2.979492056573472603e+00,4.999999964715116541e+00,2.945466035829201523e+00
3.599999999999825118e+00,4.979270243971073207e+00,2.981084977152805848e+00,4.999999964715116541e+00,2.947330822315312293e+00
3.601999999999824897e+00,4.979256968098303204e+00,2.982682936769175175e+00,4.999999964715115652e+00,2.949195913027735205e+00
3.603999999999824677e+00,4.979243626705225800e+00,2.984285813702108214e+00,4.999999964715117429e+00,2.951061310862876930e+00
3.605999999999824457e+00,4.979230220474943458e+00,2.985893490390790550e+00,4.999999964715117429e+00,2.952927018497355949e+00
3.607999999999824237e+00,4.979216750062212427e+00,2.987505853240410403e+00,4.999999964715117429e+00,2.954793038394397442e+00
3.609999999999824016e+00,4.979203216095408280e+00,2.989122792458677846e+00,4.999999964715116541e+00,2.956659372816683451e+00
3.611999999999823796e+00,4.979189619176873194e+00,2.990744201892012288e+00,4.999999964715117429e+00,2.958526023835128527e+00
3.613999999999823576e+00,4.979175959884099889e+00,2.992369978876974201e+00,4.999999964715116541e+00,2.960392993340439372e+00
3.615999999999823356e+00,4.979162238770893367e+00,2.994000024092162704e+00,4.999999964715118317e+00,2.962260283051056931e+00
3.617999999999823135e+00,4.979148456368599263e+00,2.995634241421722521e+00,4.999999964715117429e+00,2.964127894522718076e+00
3.619999999999822915e+00,4.979134613186063874e+00,2.997272537824405170e+00,4.999999964715117429e+00,2.965995829156447439e+00
3.621999999999822695e+00,4.979120709712042903e+00,2.998914823203336688e+00,4.999999964715116541e+00,2.967864088204237749e+00
3.623999999999822474e+00,4.979106746414559304e+00,3.000561010301876053e+00,4.999999964715117429e+00,2.969732672782569249e+00
3.625999999999822254e+00,4.979092723742595261e+00,3.002211014565565605e+00,4.999999964715117429e+00,2.971601583869512009e+00
3.627999999999822034e+00,4.979078642126182785e+00,3.003864754066827292e+00,4.999999964715119205e+00,2.973470822323781348e+00
3.629999999999821814e+00,4.979064501978177404e+00,3.005522149370386753e+00,4.999999964715118317e+00,2.975340388878973563e+00
3.631999999999821593e+00,4.979050303693581370e+00,3.007183123459635787e+00,4.999999964715118317e+00,2.977210284158848808e+00
3.633999999999821373e+00,4.979036047651240082e+00,3.008847601629812907e+00,4.999999964715118317e+00,2.979080508677414585e+00
3.635999999999821153e+00,4.979021734214185813e+00,3.010515511403922151e+00,4.999999964715119205e+00,2.980951062846963318e+00
3.637999999999820933e+00,4.979007363729706981e+00,3.012186782445319011e+00,4.999999964715119205e+00,2.982821946981287553e+00
3.639999999999820712e+00,4.978992936530612923e+00,3.013861346486761406e+00,4.999999964715119205e+00,2.984693161305466802e+00
3.641999999999820492e+00,4.978978452935672649e+00,3.015539137234991340e+00,4.999999964715119205e+00,2.986564705952436949e+00
3.643999999999820272e+00,4.978963913249573103e+00,3.017220090317872749e+00,4.999999964715120093e+00,2.988436580976697510e+00
3.645999999999820051e+00,4.978949317764119087e+00,3.018904143193053446e+00,4.999999964715119205e+00,2.990308786349196168e+00
3.647999999999819831e+00,4.978934666757934835e+00,3.020591235097206617e+00,4.999999964715119205e+00,2.992181321968458096e+00
3.649999999999819611e+00,4.978919960498199515e+00,3.022281306977048665e+00,4.999999964715119205e+00,2.994054187662962718e+00
3.651999999999819391e+00,4.978905199239130219e+00,3.023974301422298616e+00,4.999999964715118317e+00,2.995927383191833382e+00
3.653999999999819170e+00,4.978890383224396921e+00,3.025670162606532987e+00,4.999999964715120093e+00,2.997800908248596574e+00
3.655999999999818950e+00,4.978875512685788429e+00,3.027368836245988071e+00,4.999999964715119205e+00,2.999674762470675216e+00
3.657999999999818730e+00,4.978860587845103325e+00,3.029070269523786330e+00,4.999999964715119205e+00,3.001548945433339721e+00
3.659999999999818510e+00,4.978845608913444742e+00,3.030774411056627482e+00,4.999999964715120093e+00,3.003423456660460289e+00
3.661999999999818289e+00,4.978830576091935356e+00,3.032481210831390772e+00,4.999999964715120093e+00,3.005298295621565696e+00
3.663999999999818069e+00,4.978815489572128605e+00,3.034190620172717345e+00,4.999999964715120981e+00,3.007173461740687337e+00
3.665999999999817849e+00,4.978800349535711156e+00,3.035902591681188145e+00,4.999999964715120981e+00,3.009048954392262054e+00
3.667999999999817629e+00,4.978785156156129155e+00,3.037617079195555903e+00,4.999999964715120093e+00,3.010924772905554825e+00
3.669999999999817408e+00,4.978769909597467347e+00,3.039334037764923835e+00,4.999999964715120981e+00,3.012800916573743049e+00
3.671999999999817188e+00,4.978754610015388771e+00,3.041053423587488869e+00,4.999999964715120981e+00,3.014677384646335501e+00
3.673999999999816968e+00,4.978739257557186271e+00,3.042775193975630010e+00,4.999999964715120093e+00,3.016554176332878701e+00
3.675999999999816747e+00,4.978723852362763935e+00,3.044499307338930372e+00,4.999999964715120981e+00,3.018431290814412638e+00
3.677999999999816527e+00,4.978708394563348349e+00,3.046225723128603846e+00,4.999999964715120981e+00,3.020308727235649471e+00
3.679999999999816307e+00,4.978692884283447029e+00,3.047954401802623892e+00,4.999999964715120981e+00,3.022186484706842702e+00
3.681999999999816087e+00,4.978677321639737308e+00,3.049685304807909780e+00,4.999999964715120981e+00,3.024064562312347881e+00
3.683999999999815866e+00,4.978661706741848825e+00,3.051418394544728407e+00,4.999999964715120981e+00,3.025942959110307307e+00
3.685999999999815646e+00,4.978646039693151337e+00,3.053153634316692067e+00,4.999999964715120981e+00,3.027821674124665297e+00
3.687999999999815426e+00,4.978630320589344294e+00,3.054890988330789536e+00,4.999999964715121870e+00,3.029700706361055929e+00
3.689999999999815206e+00,4.978614549520633759e+00,3.056630421655070595e+00,4.999999964715120981e+00,3.031580054800978807e+00
3.691999999999814985e+00,4.978598726569821054e+00,3.058371900188807224e+00,4.999999964715120981e+00,3.033459718401681382e+00
3.693999999999814765e+00,4.978582851814517873e+00,3.060115390644052358e+00,4.999999964715121870e+00,3.035339696101468032e+00
3.695999999999814545e+00,4.978566925325671022e+00,3.061860860514117100e+00,4.999999964715120981e+00,3.037219986817294881e+00
3.697999999999814325e+00,4.978550947169122054e+00,3.063608278056956458e+00,4.999999964715120981e+00,3.039100589449848400e+00
3.699999999999814104e+00,4.978534917404357607e+00,3.065357612265221743e+00,4.999999964715121870e+00,3.040981502881080267e+00
3.701999999999813884e+00,4.978518836085672028e+00,3.067108832853894018e+00,4.999999964715122758e+00,3.042862725980441940e+00
3.703999999999813664e+00,4.978502703261779239e+00,3.068861910220785916e+00,4.999999964715121870e+00,3.044744257596728509e+00
3.705999999999813443e+00,4.978486518976594333e+00,3.070616815448647063e+00,4.999999964715121870e+00,3.046626096570429265e+00
3.707999999999813223e+00,4.978470283268497276e+00,3.072373520264276792e+00,4.999999964715121870e+00,3.048508241724352530e+00
3.709999999999813003e+00,4.978453996171023022e+00,3.074131997035216113e+00,4.999999964715122758e+00,3.050390691872346682e+00
3.711999999999812783e+00,4.978437657713020492e+00,3.075892218745919227e+00,4.999999964715121870e+00,3.052273445817258235e+00
3.713999999999812562e+00,4.978421267918117898e+00,3.077654158974450826e+00,4.999999964715121870e+00,3.054156502349625768e+00
3.715999999999812342e+00,4.978404826805835626e+00,3.079417791882395505e+00,4.999999964715122758e+00,3.056039860251363205e+00
3.717999999999812122e+00,4.978388334391190106e+00,3.081183092197364637e+00,4.999999964715121870e+00,3.057923518296450371e+00
3.719999999999811902e+00,4.978371790684224862e+00,3.082950035191877713e+00,4.999999964715121870e+00,3.059807475249042952e+00
3.721999999999811681e+00,4.978355195691045232e+00,3.084718596676446989e+00,4.999999964715121870e+00,3.061691729868512013e+00
3.723999999999811461e+00,4.978338549413776626e+00,3.086488752974986927e+00,4.999999964715122758e+00,3.063576280904950266e+00
3.725999999999811241e+00,4.978321851850253665e+00,3.088260480916019901e+00,4.999999964715121870e+00,3.065461127102874883e+00
3.727999999999811021e+00,4.978305102993631159e+00,3.090033757823812621e+00,4.999999964715121870e+00,3.067346267204565269e+00
3.729999999999810800e+00,4.978288302834226187e+00,3.091808561488857965e+00,4.999999964715122758e+00,3.069231699942060576e+00
3.731999999999810580e+00,4.978271451357899835e+00,3.093584870173236467e+00,4.999999964715122758e+00,3.071117424047524302e+00
3.733999999999810360e+00,4.978254548546674485e+00,3.095362662586054636e+00,4.999999964715122758e+00,3.073003438247095875e+00
3.735999999999810139e+00,4.978237594378894570e+00,3.097141917876963024e+00,4.999999964715122758e+00,3.074889741264812404e+00
3.737999999999809919e+00,4.978220588829612936e+00,3.098922615619777332e+00,4.999999964715121870e+00,3.076776331820518351e+00
3.739999999999809699e+00,4.978203531869759502e+00,3.100704735807577439e+00,4.999999964715122758e+00,3.078663208633532822e+00
3.741999999999809479e+00,4.978186423467600541e+00,3.102488258835672585e+00,4.999999964715122758e+00,3.080550370420271467e+00
3.743999999999809258e+00,4.978169263587276738e+00,3.104273165492230646e+00,4.999999964715121870e+00,3.082437815894875310e+00
3.745999999999809038e+00,4.978152052189535048e+00,3.106059436953072073e+00,4.999999964715122758e+00,3.084325543772772793e+00
3.747999999999808818e+00,4.978134789232623980e+00,3.107847054762900907e+00,4.999999964715122758e+00,3.086213552765953771e+00
3.749999999999808598e+00,4.978117474670813003e+00,3.109636000833322367e+00,4.999999964715123646e+00,3.088101841587798546e+00
3.751999999999808377e+00,4.978100108455270068e+00,3.111426257429191544e+00,4.999999964715123646e+00,3.089990408950977319e+00
3.753999999999808157e+00,4.978082690534456844e+00,3.113217807161089201e+00,4.999999964715122758e+00,3.091879253568369901e+00
3.755999999999807937e+00,4.978065220853475914e+00,3.115010632977857075e+00,4.999999964715122758e+00,3.093768374154367340e+00
3.757999999999807716e+00,4.978047699354529954e+00,3.116804718153781018e+00,4.999999964715122758e+00,3.095657769422899275e+00
3.759999999999807496e+00,4.978030125976714793e+00,3.118600046286395866e+00,4.999999964715123646e+00,3.097547438090677119e+00
3.761999999999807276e+00,4.978012500656364914e+00,3.120396601285803762e+00,4.999999964715123646e+00,3.099437378876449323e+00
3.763999999999807056e+00,4.977994823326846507e+00,3.122194367359952150e+00,4.999999964715123646e+00,3.101327590496807396e+00
3.765999999999806835e+00,4.977977093919058404e+00,3.123993329021752530e+00,4.999999964715123646e+00,3.103218071674998857e+00
3.767999999999806615e+00,4.977959312360664690e+00,3.125793471068109231e+00,4.999999964715123646e+00,3.105108821133319097e+00
3.769999999999806395e+00,4.977941478576674683e+00,3.127594778583618229e+00,4.999999964715124534e+00,3.106999837599868641e+00
3.771999999999806175e+00,4.977923592489474913e+00,3.129397236921137360e+00,4.999999964715124534e+00,3.108891119800535119e+00
3.773999999999805954e+00,4.977905654019266102e+00,3.131200831708211396e+00,4.999999964715124534e+00,3.110782666467863056e+00
3.775999999999805734e+00,4.977887663082716685e+00,3.133005548835489318e+00,4.999999964715124534e+00,3.112674476337569995e+00
3.777999999999805514e+00,4.977869619594632589e+00,3.134811374446609733e+00,4.999999964715123646e+00,3.114566548146690206e+00
3.779999999999805294e+00,4.977851523467168526e+00,3.136618294934598428e+00,4.999999964715123646e+00,3.116458880635285755e+00
3.781999999999805073e+00,4.977833374609654804e+00,3.138426296941651650e+00,4.999999964715124534e+00,3.118351472549855785e+00
3.783999999999804853e+00,4.977815172929359377e+00,3.140235367344412776e+00,4.999999964715124534e+00,3.120244322637922618e+00
3.785999999999804633e+00,4.977796918330865239e+00,3.142045493256182986e+00,4.999999964715124534e+00,3.122137429653450535e+00
3.787999999999804412e+00,4.977778610716264929e+00,3.143856662010581449e+00,4.999999964715123646e+00,3.124030792349726138e+00
3.789999999999804192e+00,4.977760249985446528e+00,3.145668861176128317e+00,4.999999964715123646e+00,3.125924409491930511e+00
3.791999999999803972e+00,4.977741836035685985e+00,3.147482078524410642e+00,4.999999964715123646e+00,3.127818279840875348e+00
3.793999999999803752e+00,4.977723368762525524e+00,3.149296302048951723e+00,4.999999964715124534e+00,3.129712402167544205e+00
3.795999999999803531e+00,4.977704848058626119e+00,3.151111519947121575e+00,4.999999964715123646e+00,3.131606775245252106e+00
3.797999999999803311e+00,4.977686273814342144e+00,3.152927720622226815e+00,4.999999964715124534e+00,3.133501397853910575e+00
3.799999999999803091e+00,4.977667645918251615e+00,3.154744892669703926e+00,4.999999964715124534e+00,3.135396268774423678e+00
3.801999999999802871e+00,4.977648964256357722e+00,3.156563024884933011e+00,4.999999964715123646e+00,3.137291386795981296e+00
3.803999999999802650e+00,4.977630228712462745e+00,3.158382106250054555e+00,4.999999964715123646e+00,3.139186750711391305e+00
3.805999999999802430e+00,4.977611439168508234e+00,3.160202125933618156e+00,4.999999964715124534e+00,3.141082359318718709e+00
3.807999999999802210e+00,4.977592595503534056e+00,3.162023073281541752e+00,4.999999964715124534e+00,3.142978211418991918e+00
3.809999999999801990e+00,4.977573697595315316e+00,3.163844937824519921e+00,4.999999964715124534e+00,3.144874305822770832e+00
3.811999999999801769e+00,4.977554745319059393e+00,3.165667709259322393e+00,4.999999964715124534e+00,3.146770641341415153e+00
3.813999999999801549e+00,4.977535738547731903e+00,3.167491377457620327e+00,4.999999964715123646e+00,3.148667216794743595e+00
3.815999999999801329e+00,4.977516677152369340e+00,3.169315932454083384e+00,4.999999964715124534e+00,3.150564031006041876e+00
3.817999999999801108e+00,4.977497561002069304e+00,3.171141364444129085e+00,4.999999964715123646e+00,3.152461082802919812e+00
3.819999999999800888e+00,4.977478389963729377e+00,3.172967663787100268e+00,4.999999964715124534e+00,3.154358371021420471e+00
3.821999999999800668e+00,4.977459163902358874e+00,3.174794820994983446e+00,4.999999964715124534e+00,3.156255894501294179e+00
3.823999999999800448e+00,4.977439882680622318e+00,3.176622826733636273e+00,4.999999964715124534e+00,3.158153652088732333e+00
3.825999999999800227e+00,4.977420546159484260e+00,3.178451671814336077e+00,4.999999964715124534e+00,3.160051642633205926e+00
3.827999999999800007e+00,4.977401154197544031e+00,3.180281347200149877e+00,4.999999964715123646e+00,3.161949864993538029e+00
3.829999999999799787e+00,4.977381706651821780e+00,3.182111843991016542e+00,4.999999964715124534e+00,3.163848318029972795e+00
3.831999999999799567e+00,4.977362203377298400e+00,3.183943153432523765e+00,4.999999964715123646e+00,3.165747000612350703e+00
3.833999999999799346e+00,4.977342644226665058e+00,3.185775266901224700e+00,4.999999964715123646e+00,3.167645911612083864e+00
3.835999999999799126e+00,4.977323029051151870e+00,3.187608175915070063e+00,4.999999964715125422e+00,3.169545049911114187e+00
3.837999999999798906e+00,4.977303357699513597e+00,3.189441872116403509e+00,4.999999964715124534e+00,3.171444414392047495e+00
3.839999999999798685e+00,4.977283630018952465e+00,3.191276347282458570e+00,4.999999964715124534e+00,3.173344003947564218e+00
3.841999999999798465e+00,4.977263845854788649e+00,3.193111593313274099e+00,4.999999964715124534e+00,3.175243817473730079e+00
3.843999999999798245e+00,4.977244005049972664e+00,3.194947602233940920e+00,4.999999964715124534e+00,3.177143853873081181e+00
3.845999999999798025e+00,4.977224107446186707e+00,3.196784366189356685e+00,4.999999964715124534e+00,3.179044112053197146e+00
3.847999999999797804e+00,4.977204152882864108e+00,3.198621877446452544e+00,4.999999964715124534e+00,3.180944590929444260e+00
3.849999999999797584e+00,4.977184141197264822e+00,3.200460128383709524e+00,4.999999964715123646e+00,3.182845289419883539e+00
3.851999999999797364e+00,4.977164072225525260e+00,3.202299111498631667e+00,4.999999964715126310e+00,3.184746206451527062e+00
3.853999999999797144e+00,4.977143945801134173e+00,3.204138819397964077e+00,4.999999964715125422e+00,3.186647340955362839e+00
3.855999999999796923e+00,4.977123761756181430e+00,3.205979244801203443e+00,4.999999964715126310e+00,3.188548691870370710e+00
3.857999999999796703e+00,4.977103519921004526e+00,3.207820380528589865e+00,4.999999964715125422e+00,3.190450258136544814e+00
3.859999999999796483e+00,4.977083220123275531e+00,3.209662219514370918e+00,4.999999964715125422e+00,3.192352038705704054e+00
3.861999999999796263e+00,4.977062862190206438e+00,3.211504754790048821e+00,4.999999964715125422e+00,3.194254032531014253e+00
3.863999999999796042e+00,4.977042445945729199e+00,3.213347979490909001e+00,4.999999964715125422e+00,3.196156238573183206e+00
3.865999999999795822e+00,4.977021971212676199e+00,3.215191886853398184e+00,4.999999964715125422e+00,3.198058655799708827e+00
3.867999999999795602e+00,4.977001437812040407e+00,3.217036470209674093e+00,4.999999964715124534e+00,3.199961283182651162e+00
3.869999999999795381e+00,4.976980845563049982e+00,3.218881722987848804e+00,4.999999964715125422e+00,3.201864119699978861e+00
3.871999999999795161e+00,4.976960194282589178e+00,3.220727638711516239e+00,4.999999964715125422e+00,3.203767164336393414e+00
3.873999999999794941e+00,4.976939483786185114e+00,3.222574210991693278e+00,4.999999964715125422e+00,3.205670416079307472e+00
3.875999999999794721e+00,4.976918713887381607e+00,3.224421433538617432e+00,4.999999964715125422e+00,3.207573873927505481e+00
3.877999999999794500e+00,4.976897884398150396e+00,3.226269300143334018e+00,4.999999964715125422e+00,3.209477536880321669e+00
3.879999999999794280e+00,4.976876995128194814e+00,3.228117804686668091e+00,4.999999964715125422e+00,3.211381403944564283e+00
3.881999999999794060e+00,4.976856045885628355e+00,3.229966941136388492e+00,4.999999964715125422e+00,3.213285474133724673e+00
3.883999999999793840e+00,4.976835036476914276e+00,3.231816703543080926e+00,4.999999964715125422e+00,3.215189746466004639e+00
3.885999999999793619e+00,4.976813966706504111e+00,3.233667086040043603e+00,4.999999964715125422e+00,3.217094219965881852e+00
3.887999999999793399e+00,4.976792836376984219e+00,3.235518082843137577e+00,4.999999964715125422e+00,3.218998893664201333e+00
3.889999999999793179e+00,4.976771645289109536e+00,3.237369688244149835e+00,4.999999964715125422e+00,3.220903766595267559e+00
3.891999999999792959e+00,4.976750393242163284e+00,3.239221896614076446e+00,4.999999964715126310e+00,3.222808837799750137e+00
3.893999999999792738e+00,4.976729080033376107e+00,3.241074702404828756e+00,4.999999964715125422e+00,3.224714106326938889e+00
3.895999999999792518e+00,4.976707705457959818e+00,3.242928100137913106e+00,4.999999964715126310e+00,3.226619571227717032e+00
3.897999999999792298e+00,4.976686269309667843e+00,3.244782084411673040e+00,4.999999964715125422e+00,3.228525231560634534e+00
3.899999999999792077e+00,4.976664771380137076e+00,3.246636649896729843e+00,4.999999964715125422e+00,3.230431086389538464e+00
3.901999999999791857e+00,4.976643211459503391e+00,3.248491791333987688e+00,4.999999964715126310e+00,3.232337134783172417e+00
3.903999999999791637e+00,4.976621589335593399e+00,3.250347503535557792e+00,4.999999964715125422e+00,3.234243375816421739e+00
3.905999999999791417e+00,4.976599904795172336e+00,3.252203781383482095e+00,4.999999964715125422e+00,3.236149808570472075e+00
3.907999999999791196e+00,4.976578157622367549e+00,3.254060619826295575e+00,4.999999964715125422e+00,3.238056432131304341e+00
3.909999999999790976e+00,4.976556347599968788e+00,3.255918013876911488e+00,4.999999964715125422e+00,3.239963245588834084e+00
3.911999999999790756e+00,4.976534474508874872e+00,3.257775958616991208e+00,4.999999964715125422e+00,3.241870248040569891e+00
3.913999999999790536e+00,4.976512538128186058e+00,3.259634449190326411e+00,4.999999964715126310e+00,3.243777438588292927e+00
3.915999999999790315e+00,4.976490538234696892e+00,3.261493480806553880e+00,4.999999964715126310e+00,3.245684816340920431e+00
3.917999999999790095e+00,4.976468474603836789e+00,3.263353048734451978e+00,4.999999964715125422e+00,3.247592380410707413e+00
3.919999999999789875e+00,4.976446347009364501e+00,3.265213148304482615e+00,4.999999964715126310e+00,3.249500129915766422e+00
3.921999999999789654e+00,4.976424155222604284e+00,3.267073774905199457e+00,4.999999964715126310e+00,3.251408063978303176e+00
3.923999999999789434e+00,4.976401899013418451e+00,3.268934923990382213e+00,4.999999964715125422e+00,3.253316181730097512e+00
3.925999999999789214e+00,4.976379578149894733e+00,3.270796591063724890e+00,4.999999964715126310e+00,3.255224482302520261e+00
3.927999999999788994e+00,4.976357192397824925e+00,3.272658771692597668e+00,4.999999964715126310e+00,3.257132964837120781e+00
3.929999999999788773e+00,4.976334741521488247e+00,3.274521461496055164e+00,4.999999964715125422e+00,3.259041628477350461e+00
3.931999999999788553e+00,4.976312225283347601e+00,3.276384656148995767e+00,4.999999964715125422e+00,3.260950472372469822e+00
3.933999999999788333e+00,4.976289643443732480e+00,3.278248351384877690e+00,4.999999964715125422e+00,3.262859495680118904e+00
3.935999999999788113e+00,4.976266995761008616e+00,3.280112542982512647e+00,4.999999964715125422e+00,3.264768697557129062e+00
3.937999999999787892e+00,4.976244281992206808e+00,3.281977226779663859e+00,4.999999964715125422e+00,3.266678077170411587e+00
3.939999999999787672e+00,4.976221501891861188e+00,3.283842398663260553e+00,4.999999964715126310e+00,3.268587633689987282e+00
3.941999999999787452e+00,4.976198655212722421e+00,3.285708054572707315e+00,4.999999964715126310e+00,3.270497366292319352e+00
3.943999999999787232e+00,4.976175741706224898e+00,3.287574190491911796e+00,4.999999964715126310e+00,3.272407274155023416e+00
3.945999999999787011e+00,4.976152761120719248e+00,3.289440802461343516e+00,4.999999964715125422e+00,3.274317356466021067e+00
3.947999999999786791e+00,4.976129713203860661e+00,3.291307886564955876e+00,4.999999964715126310e+00,3.276227612414658541e+00
3.949999999999786571e+00,4.976106597700974632e+00,3.293175438933020782e+00,4.999999964715126310e+00,3.278138041194511132e+00
3.951999999999786350e+00,4.976083414354718570e+00,3.295043455749616879e+00,4.999999964715126310e+00,3.280048642009040005e+00
3.953999999999786130e+00,4.976060162906785322e+00,3.296911933237090864e+00,4.999999964715125422e+00,3.281959414060934943e+00
3.955999999999785910e+00,4.976036843096324880e+00,3.298780867666333716e+00,4.999999964715126310e+00,3.283870356560206094e+00
3.957999999999785690e+00,4.976013454661119439e+00,3.300650255354976803e+00,4.999999964715126310e+00,3.285781468723164789e+00
3.959999999999785469e+00,4.975989997336048631e+00,3.302520092659210871e+00,4.999999964715125422e+00,3.287692749766947475e+00
3.961999999999785249e+00,4.975966470855095913e+00,3.304390375983516481e+00,4.999999964715125422e+00,3.289604198917488453e+00
3.963999999999785029e+00,4.975942874949406125e+00,3.306261101770826993e+00,4.999999964715126310e+00,3.291515815402202616e+00
3.965999999999784809e+00,4.975919209348417915e+00,3.308132266511441433e+00,4.999999964715125422e+00,3.293427598457244532e+00
3.967999999999784588e+00,4.975895473779752720e+00,3.310003866729857247e+00,4.999999964715125422e+00,3.295339547318517859e+00
3.969999999999784368e+00,4.975871667968653433e+00,3.311875898996496037e+00,4.999999964715126310e+00,3.297251661230214737e+00
3.971999999999784148e+00,4.975847791638781104e+00,3.313748359919332476e+00,4.999999964715126310e+00,3.299163939439715421e+00
3.973999999999783928e+00,4.975823844511602978e+00,3.315621246146031265e+00,4.999999964715126310e+00,3.301076381198930765e+00
3.975999999999783707e+00,4.975799826306068319e+00,3.317494554363542125e+00,4.999999964715126310e+00,3.302988985764978125e+00
3.977999999999783487e+00,4.975775736739820765e+00,3.319368281296334544e+00,4.999999964715126310e+00,3.304901752398874404e+00
3.979999999999783267e+00,4.975751575527670667e+00,3.321242423706702862e+00,4.999999964715126310e+00,3.306814680366477521e+00
3.981999999999783046e+00,4.975727342383170715e+00,3.323116978393695575e+00,4.999999964715125422e+00,3.308727768937800295e+00
3.983999999999782826e+00,4.975703037017495056e+00,3.324991942194041261e+00,4.999999964715126310e+00,3.310641017388351148e+00
3.985999999999782606e+00,4.975678659139073368e+00,3.326867311978565667e+00,4.999999964715126310e+00,3.312554424996712932e+00
3.987999999999782386e+00,4.975654208455244643e+00,3.328743084654792295e+00,4.999999964715126310e+00,3.314467991046747830e+00
3.989999999999782165e+00,4.975629684670399122e+00,3.330619257164197933e+00,4.999999964715125422e+00,3.316381714825966665e+00
3.991999999999781945e+00,4.975605087487361189e+00,3.332495826483236279e+00,4.999999964715126310e+00,3.318295595626993499e+00
3.993999999999781725e+00,4.975580416606633527e+00,3.334372789619947763e+00,4.999999964715126310e+00,3.320209632744832273e+00
3.995999999999781505e+00,4.975555671726562323e+00,3.336250143620691055e+00,4.999999964715126310e+00,3.322123825482638626e+00
3.997999999999781284e+00,4.975530852542907390e+00,3.338127885560153274e+00,4.999999964715125422e+00,3.324038173144340469e+00
3.999999999999781064e+00,4.975505958750058966e+00,3.340006012545263303e+00,4.999999964715125422e+00,3.325952675038098327e+00
4.001999999999781288e+00,4.975480990039535811e+00,3.341884521718318179e+00,4.999999964715125422e+00,3.327867330478860630e+00
4.003999999999781068e+00,4.975455946100981741e+00,3.343763410250352841e+00,4.999999964715126310e+00,3.329782138783805578e+00
4.005999999999780847e+00,4.975430826621757952e+00,3.345642675344580041e+00,4.999999964715127199e+00,3.331697099275090945e+00
4.007999999999780627e+00,4.975405631287031838e+00,3.347522314232193708e+00,4.999999964715127199e+00,3.333612211277029225e+00
4.009999999999780407e+00,4.975380359779766337e+00,3.349402324179233226e+00,4.999999964715127199e+00,3.335527474121785296e+00
4.011999999999780186e+00,4.975355011780063563e+00,3.351282702476841902e+00,4.999999964715127199e+00,3.337442887142056946e+00
4.013999999999779966e+00,4.975329586966826589e+00,3.353163446446624008e+00,4.999999964715127199e+00,3.339358449675375873e+00
4.015999999999779746e+00,4.975304085016020395e+00,3.355044553440990285e+00,4.999999964715127199e+00,3.341274161065020287e+00
4.017999999999779526e+00,4.975278505601073320e+00,3.356926020837496250e+00,4.999999964715127199e+00,3.343190020655698369e+00
4.019999999999779305e+00,4.975252848393402871e+00,3.358807846045472445e+00,4.999999964715127199e+00,3.345106027798909309e+00
4.021999999999779085e+00,4.975227113062600459e+00,3.360690026498303506e+00,4.999999964715127199e+00,3.347022181847421507e+00
4.023999999999778865e+00,4.975201299274859323e+00,3.362572559657005744e+00,4.999999964715126310e+00,3.348938482158172913e+00
4.025999999999778645e+00,4.975175406695031555e+00,3.364455443013477876e+00,4.999999964715127199e+00,3.350854928095071905e+00
4.027999999999778424e+00,4.975149434984838415e+00,3.366338674079585758e+00,4.999999964715127199e+00,3.352771519020928626e+00
4.029999999999778204e+00,4.975123383803774502e+00,3.368222250400473516e+00,4.999999964715127199e+00,3.354688254307895079e+00
4.031999999999777984e+00,4.975097252809566051e+00,3.370106169540383334e+00,4.999999964715127199e+00,3.356605133326754142e+00
4.033999999999777764e+00,4.975071041656495829e+00,3.371990429092729169e+00,4.999999964715126310e+00,3.358522155455060609e+00
4.035999999999777543e+00,4.975044749997003635e+00,3.373875026676063982e+00,4.999999964715126310e+00,3.360439320074125824e+00
4.037999999999777323e+00,4.975018377480942888e+00,3.375759959930874299e+00,4.999999964715126310e+00,3.362356626566913587e+00
4.039999999999777103e+00,4.974991923755981205e+00,3.377645226524938149e+00,4.999999964715127199e+00,3.364274074322282093e+00
4.041999999999776882e+00,4.974965388466976002e+00,3.379530824148038182e+00,4.999999964715127199e+00,3.366191662731168766e+00
4.043999999999776662e+00,4.974938771255880354e+00,3.381416750515290115e+00,4.999999964715126310e+00,3.368109391189584301e+00
4.045999999999776442e+00,4.974912071763102794e+00,3.383303003363263173e+00,4.999999964715126310e+00,3.370027259095558669e+00
4.047999999999776222e+00,4.974885289625946783e+00,3.385189580454444069e+00,4.999999964715127199e+00,3.371945265852897666e+00
4.049999999999776001e+00,4.974858424478683538e+00,3.387076479570189314e+00,4.999999964715127199e+00,3.373863410866080326e+00
4.051999999999775781e+00,4.974831475954147209e+00,3.388963698516445966e+00,4.999999964715128087e+00,3.375781693544653184e+00
4.053999999999775561e+00,4.974804443681288824e+00,3.390851235123419460e+00,4.999999964715128087e+00,3.377700113303405249e+00
4.055999999999775341e+00,4.974777327287442041e+00,3.392739087238495266e+00,4.999999964715127199e+00,3.379618669556928801e+00
4.057999999999775120e+00,4.974750126397029959e+00,3.394627252735102907e+00,4.999999964715127199e+00,3.381537361726941526e+00
4.059999999999774900e+00,4.974722840631477183e+00,3.396515729504210768e+00,4.999999964715127199e+00,3.383456189235487965e+00
4.061999999999774680e+00,4.974695469609768494e+00,3.398404515459703568e+00,4.999999964715127199e+00,3.385375151509684155e+00
4.063999999999774460e+00,4.974668012948478157e+00,3.400293608537375167e+00,4.999999964715127199e+00,3.387294247980768613e+00
4.065999999999774239e+00,4.974640470261102010e+00,3.402183006689919686e+00,4.999999964715127199e+00,3.389213478080925768e+00
4.067999999999774019e+00,4.974612841158077892e+00,3.404072707894051586e+00,4.999999964715127199e+00,3.391132841248263752e+00
4.069999999999773799e+00,4.974585125248131234e+00,3.405962710143714656e+00,4.999999964715127199e+00,3.393052336922493861e+00
4.071999999999773578e+00,4.974557322136215376e+00,3.407853011453088055e+00,4.999999964715127199e+00,3.394971964546880105e+00
4.073999999999773358e+00,4.974529431424654646e+00,3.409743609857983415e+00,4.999999964715127199e+00,3.396891723569720245e+00
4.075999999999773138e+00,4.974501452713504968e+00,3.411634503408607078e+00,4.999999964715127199e+00,3.398811613438935453e+00
4.077999999999772918e+00,4.974473385599748276e+00,3.413525690179253669e+00,4.999999964715127199e+00,3.400731633609626048e+00
4.079999999999772697e+00,4.974445229676861757e+00,3.415417168259625935e+00,4.999999964715126310e+00,3.402651783537606445e+00
4.081999999999772477e+00,4.974416984536210506e+00,3.417308935758046395e+00,4.999999964715126310e+00,3.404572062682089229e+00
4.083999999999772257e+00,4.974388649766022574e+00,3.419200990803014761e+00,4.999999964715127199e+00,3.406492470506889081e+00
4.085999999999772037e+00,4.974360224951412057e+00,3.421093331540099314e+00,4.999999964715127199e+00,3.408413006478370200e+00
4.087999999999771816e+00,4.974331709675052338e+00,3.422985956130847551e+00,4.999999964715127199e+00,3.410333670064564782e+00
4.089999999999771596e+00,4.974303103515964608e+00,3.424878862756150610e+00,4.999999964715127199e+00,3.412254460738035622e+00
4.091999999999771376e+00,4.974274406050453123e+00,3.426772049615106397e+00,4.999999964715127199e+00,3.414175377975254833e+00
4.093999999999771156e+00,4.974245616851693086e+00,3.428665514919370771e+00,4.999999964715126310e+00,3.416096421252070581e+00
4.095999999999770935e+00,4.974216735490581520e+00,3.430559256903094045e+00,4.999999964715126310e+00,3.418017590051940058e+00
4.097999999999770715e+00,4.974187761533643837e+00,3.432453273814681349e+00,4.999999964715127199e+00,3.419938883859262369e+00
4.099999999999770495e+00,4.974158694545327108e+00,3.434347563916907209e+00,4.999999964715127199e+00,3.421860302160006029e+00
4.101999999999770274e+00,4.974129534086471516e+00,3.436242125492861899e+00,4.999999964715128087e+00,3.423781844446229794e+00
4.103999999999770054e+00,4.974100279714797068e+00,3.438136956838450775e+00,4.999999964715128087e+00,3.425703510210264646e+00
4.105999999999769834e+00,4.974070930985315719e+00,3.440032056265503790e+00,4.999999964715128087e+00,3.427625298947618582e+00
4.107999999999769614e+00,4.974041487449166965e+00,3.441927422105198975e+00,4.999999964715127199e+00,3.429547210159661130e+00
4.109999999999769393e+00,4.974011948654574411e+00,3.443823052698375520e+00,4.999999964715127199e+00,3.431469243345889542e+00
4.111999999999769173e+00,4.973982314146470074e+00,3.445718946406992611e+00,4.999999964715127199e+00,3.433391398013497575e+00
4.113999999999768953e+00,4.973952583466858535e+00,3.447615101602978793e+00,4.999999964715127199e+00,3.435313673668340950e+00
4.115999999999768733e+00,4.973922756153817737e+00,3.449511516677290501e+00,4.999999964715127199e+00,3.437236069822454887e+00
4.117999999999768512e+00,4.973892831742733556e+00,3.451408190032470902e+00,4.999999964715127199e+00,3.439158585988115746e+00
4.119999999999768292e+00,4.973862809764864501e+00,3.453305120087710733e+00,4.999999964715128087e+00,3.441081221682140701e+00
4.121999999999768072e+00,4.973832689748759250e+00,3.455202305275933305e+00,4.999999964715127199e+00,3.443003976423645529e+00
4.123999999999767851e+00,4.973802471219325838e+00,3.457099744043428124e+00,4.999999964715127199e+00,3.444926849733672469e+00
4.125999999999767631e+00,4.973772153698121201e+00,3.458997434851544206e+00,4.999999964715127199e+00,3.446849841137069159e+00
4.127999999999767411e+00,4.973741736702760541e+00,3.460895376175141980e+00,4.999999964715127199e+00,3.448772950160916118e+00
4.129999999999767191e+00,4.973711219747850798e+00,3.462793566502217590e+00,4.999999964715127199e+00,3.450696176334703935e+00
4.131999999999766970e+00,4.973680602344630053e+00,3.464692004335167219e+00,4.999999964715127199e+00,3.452619519191064246e+00
4.133999999999766750e+00,4.973649883999941679e+00,3.466590688189459701e+00,4.999999964715127199e+00,3.454542978265288777e+00
4.135999999999766530e+00,4.973619064217855268e+00,3.468489616593741331e+00,4.999999964715127199e+00,3.456466553095180583e+00
4.137999999999766310e+00,4.973588142498384101e+00,3.470388788090152943e+00,4.999999964715127199e+00,3.458390243221543869e+00
4.139999999999766089e+00,4.973557118338177041e+00,3.472288201231762184e+00,4.999999964715126310e+00,3.460314048186106106e+00
4.141999999999765869e+00,4.973525991230006049e+00,3.474187854587760693e+00,4.999999964715127199e+00,3.462237967535988670e+00
4.143999999999765649e+00,4.973494760662532599e+00,3.476087746737439588e+00,4.999999964715127199e+00,3.464162000818792997e+00
4.145999999999765429e+00,4.973463426121569775e+00,3.477987876272301992e+00,4.999999964715127199e+00,3.466086147584567456e+00
4.147999999999765208e+00,4.973431987088572370e+00,3.479888241797539639e+00,4.999999964715127199e+00,3.468010407386910021e+00
4.149999999999764988e+00,4.973400443040869590e+00,3.481788841931240164e+00,4.999999964715127199e+00,3.469934779782588130e+00
4.151999999999764768e+00,4.973368793452876524e+00,3.483689675299971089e+00,4.999999964715127199e+00,3.471859264327894490e+00
4.153999999999764547e+00,4.973337037793921667e+00,3.485590740546331556e+00,4.999999964715127199e+00,3.473783860584991334e+00
4.155999999999764327e+00,4.973305175530436273e+00,3.487492036322054734e+00,4.999999964715127199e+00,3.475708568116455677e+00
4.157999999999764107e+00,4.973273206124409818e+00,3.489393561290736301e+00,4.999999964715126310e+00,3.477633386487425149e+00
4.159999999999763887e+00,4.973241129033757701e+00,3.491295314129267968e+00,4.999999964715126310e+00,3.479558315266874757e+00
4.161999999999763666e+00,4.973208943712701391e+00,3.493197293523777613e+00,4.999999964715127199e+00,3.481483354024600629e+00
4.163999999999763446e+00,4.973176649611509959e+00,3.495099498174548014e+00,4.999999964715127199e+00,3.483408502335066270e+00
4.165999999999763226e+00,4.973144246175503547e+00,3.497001926786551529e+00,4.999999964715128087e+00,3.485333759769960960e+00
4.167999999999763006e+00,4.973111732846653865e+00,3.498904578084040207e+00,4.999999964715128087e+00,3.487259125910048052e+00
4.169999999999762785e+00,4.973079109062696013e+00,3.500807450796440179e+00,4.999999964715128087e+00,3.489184600333884667e+00
4.171999999999762565e+00,4.973046374256482771e+00,3.502710543666571752e+00,4.999999964715128087e+00,3.491110182624408420e+00
4.173999999999762345e+00,4.973013527857869320e+00,3.504613855446175208e+00,4.999999964715128087e+00,3.493035872365486405e+00
4.175999999999762125e+00,4.972980569291032715e+00,3.506517384898849787e+00,4.999999964715127199e+00,3.494961669144526439e+00
4.177999999999761904e+00,4.972947497976643483e+00,3.508421130796731013e+00,4.999999964715127199e+00,3.496887572549585155e+00
4.179999999999761684e+00,4.972914313330632829e+00,3.510325091925269980e+00,4.999999964715127199e+00,3.498813582173544656e+00
4.181999999999761464e+00,4.972881014765102137e+00,3.512229267076782513e+00,4.999999964715127199e+00,3.500739697608877155e+00
4.183999999999761243e+00,4.972847601686795294e+00,3.514133655055016181e+00,4.999999964715127199e+00,3.502665918451288718e+00
4.185999999999761023e+00,4.972814073499026044e+00,3.516038254674177299e+00,4.999999964715127199e+00,3.504592244299382653e+00
4.187999999999760803e+00,4.972780429599437113e+00,3.517943064758751515e+00,4.999999964715127199e+00,3.506518674753983600e+00
4.189999999999760583e+00,4.972746669381591822e+00,3.519848084140547062e+00,4.999999964715127199e+00,3.508445209416536148e+00
4.191999999999760362e+00,4.972712792234969648e+00,3.521753311662809693e+00,4.999999964715128087e+00,3.510371847891879948e+00
4.193999999999760142e+00,4.972678797543607310e+00,3.523658746177959600e+00,4.999999964715128087e+00,3.512298589786907677e+00
4.195999999999759922e+00,4.972644684687234751e+00,3.525564386548174056e+00,4.999999964715128087e+00,3.514225434710844809e+00
4.197999999999759702e+00,4.972610453040724465e+00,3.527470231644950438e+00,4.999999964715127199e+00,3.516152382275091082e+00
4.199999999999759481e+00,4.972576101973856133e+00,3.529376280346172123e+00,4.999999964715127199e+00,3.518079432090924552e+00
4.201999999999759261e+00,4.972541630852142625e+00,3.531282531544620351e+00,4.999999964715127199e+00,3.520006583776363218e+00
4.203999999999759041e+00,4.972507039035908072e+00,3.533188984135945621e+00,4.999999964715127199e+00,3.521933836946609997e+00
4.205999999999758820e+00,4.972472325880281652e+00,3.535095637028649040e+00,4.999999964715127199e+00,3.523861191222083633e+00
4.207999999999758600e+00,4.972437490736158594e+00,3.537002489138395322e+00,4.999999964715127199e+00,3.525788646223893430e+00
4.209999999999758380e+00,4.972402532948301257e+00,3.538909539389798020e+00,4.999999964715127199e+00,3.527716201575543220e+00
4.211999999999758160e+00,4.972367451857220289e+00,3.540816786717447151e+00,4.999999964715127199e+00,3.529643856903496690e+00
4.213999999999757939e+00,4.972332246798162991e+00,3.542724230060813273e+00,4.999999964715127199e+00,3.531571611833316915e+00
4.215999999999757719e+00,4.972296917101057367e+00,3.544631868371839190e+00,4.999999964715127199e+00,3.533499465995770805e+00
4.217999999999757499e+00,4.972261462090756368e+00,3.546539700609804058e+00,4.999999964715127199e+00,3.535427419023085438e+00
4.219999999999757279e+00,4.972225881086520083e+00,3.548447725741135983e+00,4.999999964715127199e+00,3.537355470548201097e+00
4.221999999999757058e+00,4.972190173402319502e+00,3.550355942740786919e+00,4.999999964715126310e+00,3.539283620206471692e+00
4.223999999999756838e+00,4.972154338347429814e+00,3.552264350591238795e+00,4.999999964715127199e+00,3.541211867634772581e+00
4.225999999999756618e+00,4.972118375224613196e+00,3.554172948285529987e+00,4.999999964715127199e+00,3.543140212473843587e+00
4.227999999999756398e+00,4.972082283331706876e+00,3.556081734821469720e+00,4.999999964715127199e+00,3.545068654363987104e+00
4.229999999999756177e+00,4.972046061961506780e+00,3.557990709206183322e+00,4.999999964715127199e+00,3.546997192948359245e+00
4.231999999999755957e+00,4.972009710399881932e+00,3.559899870454929172e+00,4.999999964715127199e+00,3.548925827872619454e+00
4.233999999999755737e+00,4.971973227928235595e+00,3.561809217589122056e+00,4.999999964715127199e+00,3.550854558782782444e+00
4.235999999999755516e+00,4.971936613822047768e+00,3.563718749640216288e+00,4.999999964715127199e+00,3.552783385328915244e+00
4.237999999999755296e+00,4.971899867350331625e+00,3.565628465645431788e+00,4.999999964715127199e+00,3.554712307161465024e+00
4.239999999999755076e+00,4.971862987776860976e+00,3.567538364649198268e+00,4.999999964715127199e+00,3.556641323932414611e+00
4.241999999999754856e+00,4.971825974359567191e+00,3.569448445704162420e+00,4.999999964715127199e+00,3.558570435296505963e+00
4.243999999999754635e+00,4.971788826350366008e+00,3.571358707869488391e+00,4.999999964715127199e+00,3.560499640909484231e+00
4.245999999999754415e+00,4.971751542994700124e+00,3.573269150212662559e+00,4.999999964715127199e+00,3.562428940429753332e+00
4.247999999999754195e+00,4.971714123532619212e+00,3.575179771808408624e+00,4.999999964715128087e+00,3.564358333517923416e+00
4.249999999999753975e+00,4.971676567197506280e+00,3.577090571736391222e+00,4.999999964715127199e+00,3.566287819834194295e+00
4.251999999999753754e+00,4.971638873216916110e+00,3.579001549085488509e+00,4.999999964715127199e+00,3.568217399042658666e+00
4.253999999999753534e+00,4.971601040812184458e+00,3.580912702951343896e+00,4.999999964715127199e+00,3.570147070808994183e+00
4.255999999999753314e+00,4.971563069197561191e+00,3.582824032434337891e+00,4.999999964715127199e+00,3.572076834798659117e+00
4.257999999999753094e+00,4.971524957582191817e+00,3.584735536644232834e+00,4.999999964715127199e+00,3.574006690681372778e+00
4.259999999999752873e+00,4.971486705167538211e+00,3.586647214696141006e+00,4.999999964715128087e+00,3.575936638127096501e+00
4.261999999999752653e+00,4.971448311149164745e+00,3.588559065712344065e+00,4.999999964715128087e+00,3.577866676808140411e+00
4.263999999999752433e+00,4.971409774715915830e+00,3.590471088821386214e+00,4.999999964715128087e+00,3.579796806398108711e+00
4.265999999999752212e+00,4.971371095050427513e+00,3.592383283157710938e+00,4.999999964715128087e+00,3.581727026571837946e+00
4.267999999999751992e+00,4.971332271327646879e+00,3.594295647863710474e+00,4.999999964715128087e+00,3.583657337007114752e+00
4.269999999999751772e+00,4.971293302716580875e+00,3.596208182088614258e+00,4.999999964715128087e+00,3.585587737383725937e+00
4.271999999999751552e+00,4.971254188378631866e+00,3.598120884984826073e+00,4.999999964715128087e+00,3.587518227380479985e+00
4.273999999999751331e+00,4.971214927469332245e+00,3.600033755714123096e+00,4.999999964715128087e+00,3.589448806680366477e+00
4.275999999999751111e+00,4.971175519136256327e+00,3.601946793442540873e+00,4.999999964715128087e+00,3.591379474966557961e+00
4.277999999999750891e+00,4.971135962519981355e+00,3.603859997344061483e+00,4.999999964715128087e+00,3.593310231925175291e+00
4.279999999999750671e+00,4.971096256754225173e+00,3.605773366597659457e+00,4.999999964715127199e+00,3.595241077243089389e+00
4.281999999999750450e+00,4.971056400965474076e+00,3.607686900387969242e+00,4.999999964715127199e+00,3.597172010608522541e+00
4.283999999999750230e+00,4.971016394272551153e+00,3.609600597905725738e+00,4.999999964715127199e+00,3.599103031711272660e+00
4.285999999999750010e+00,4.970976235787454733e+00,3.611514458348989098e+00,4.999999964715127199e+00,3.601034140244117943e+00
4.287999999999749789e+00,4.970935924614201085e+00,3.613428480920296781e+00,4.999999964715127199e+00,3.602965335900023103e+00
4.289999999999749569e+00,4.970895459849304920e+00,3.615342664828322228e+00,4.999999964715127199e+00,3.604896618374016537e+00
4.291999999999749349e+00,4.970854840581987233e+00,3.617257009288427749e+00,4.999999964715127199e+00,3.606827987363217858e+00
4.293999999999749129e+00,4.970814065893161882e+00,3.619171513518310235e+00,4.999999964715127199e+00,3.608759442563655551e+00
4.295999999999748908e+00,4.970773134856554698e+00,3.621086176745441865e+00,4.999999964715127199e+00,3.610690983676400290e+00
4.297999999999748688e+00,4.970732046537889026e+00,3.623000998201646006e+00,4.999999964715127199e+00,3.612622610402880241e+00
4.299999999999748468e+00,4.970690799994450515e+00,3.624915977122631805e+00,4.999999964715127199e+00,3.614554322444731405e+00
4.301999999999748248e+00,4.970649394275805655e+00,3.626831112750992681e+00,4.999999964715127199e+00,3.616486119506252539e+00
4.303999999999748027e+00,4.970607828423413643e+00,3.628746404335146725e+00,4.999999964715128087e+00,3.618418001293596920e+00
4.305999999999747807e+00,4.970566101470581977e+00,3.630661851127505724e+00,4.999999964715128087e+00,3.620349967513226463e+00
4.307999999999747587e+00,4.970524212442045453e+00,3.632577452386827499e+00,4.999999964715128087e+00,3.622282017873942106e+00
4.309999999999747367e+00,4.970482160353744128e+00,3.634493207376745083e+00,4.999999964715128087e+00,3.624214152085758922e+00
4.311999999999747146e+00,4.970439944214227523e+00,3.636409115367389422e+00,4.999999964715128087e+00,3.626146369861010577e+00
4.313999999999746926e+00,4.970397563022328491e+00,3.638325175630216179e+00,4.999999964715127199e+00,3.628078670910465764e+00
4.315999999999746706e+00,4.970355015768910256e+00,3.640241387447742838e+00,4.999999964715127199e+00,3.630011054951263194e+00
4.317999999999746485e+00,4.970312301435248159e+00,3.642157750101627123e+00,4.999999964715127199e+00,3.631943521696858301e+00
4.319999999999746265e+00,4.970269418994674560e+00,3.644074262882414761e+00,4.999999964715127199e+00,3.633876070865492025e+00
4.321999999999746045e+00,4.970226367410666590e+00,3.645990925084139800e+00,4.999999964715127199e+00,3.635808702175581164e+00
4.323999999999745825e+00,4.970183145638297439e+00,3.647907736006584134e+00,4.999999964715127199e+00,3.637741415347499174e+00
4.325999999999745604e+00,4.970139752622781515e+00,3.649824694953769821e+00,4.999999964715127199e+00,3.639674210102668894e+00
4.327999999999745384e+00,4.970096187300242718e+00,3.651741801234485330e+00,4.999999964715127199e+00,3.641607086163539453e+00
4.329999999999745164e+00,4.970052448597825467e+00,3.653659054162519126e+00,4.999999964715127199e+00,3.643540043254395400e+00
4.331999999999744944e+00,4.970008535432350882e+00,3.655576453057423070e+00,4.999999964715127199e+00,3.645473081101568980e+00
4.333999999999744723e+00,4.969964446712110906e+00,3.657493997240432115e+00,4.999999964715127199e+00,3.647406199430159646e+00
4.335999999999744503e+00,4.969920181334137155e+00,3.659411686041106115e+00,4.999999964715127199e+00,3.649339397969859178e+00
4.337999999999744283e+00,4.969875738186895653e+00,3.661329518792136195e+00,4.999999964715127199e+00,3.651272676450328714e+00
4.339999999999744063e+00,4.969831116148605510e+00,3.663247494829421136e+00,4.999999964715127199e+00,3.653206034601431895e+00
4.341999999999743842e+00,4.969786314086629631e+00,3.665165613495895869e+00,4.999999964715127199e+00,3.655139472156404779e+00
4.343999999999743622e+00,4.969741330859385187e+00,3.667083874138000965e+00,4.999999964715127199e+00,3.657072988849036754e+00
4.345999999999743402e+00,4.969696165313754577e+00,3.669002276105124860e+00,4.999999964715127199e+00,3.659006584413130980e+00
4.347999999999743181e+00,4.969650816286677042e+00,3.670920818753593995e+00,4.999999964715127199e+00,3.660940258585807960e+00
4.349999999999742961e+00,4.969605282605018104e+00,3.672839501441008903e+00,4.999999964715127199e+00,3.662874011102980276e+00
4.351999999999742741e+00,4.969559563084082754e+00,3.674758323533416693e+00,4.999999964715127199e+00,3.664807841705324254e+00
4.353999999999742521e+00,4.969513656528863343e+00,3.676677284398699008e+00,4.999999964715126310e+00,3.666741750132624933e+00
4.355999999999742300e+00,4.969467561733290850e+00,3.678596383407859882e+00,4.999999964715127199e+00,3.668675736124938247e+00
4.357999999999742080e+00,4.969421277480174481e+00,3.680515619938946159e+00,4.999999964715127199e+00,3.670609799426056252e+00
4.359999999999741860e+00,4.969374802541288716e+00,3.682434993371890286e+00,4.999999964715127199e+00,3.672543939779036481e+00
4.361999999999741640e+00,4.969328135676632563e+00,3.684354503092556854e+00,4.999999964715127199e+00,3.674478156929678718e+00
4.363999999999741419e+00,4.969281275635554884e+00,3.686274148488528635e+00,4.999999964715127199e+00,3.676412450622958517e+00
4.365999999999741199e+00,4.969234221154751552e+00,3.688193928953870326e+00,4.999999964715127199e+00,3.678346820607120371e+00
4.367999999999740979e+00,4.969186970959892591e+00,3.690113843886054124e+00,4.999999964715127199e+00,3.680281266631209469e+00
4.369999999999740758e+00,4.969139523764304123e+00,3.692033892685896213e+00,4.999999964715127199e+00,3.682215788444806126e+00
4.371999999999740538e+00,4.969091878269776608e+00,3.693954074759435713e+00,4.999999964715128087e+00,3.684150385799730198e+00
4.373999999999740318e+00,4.969044033165265439e+00,3.695874389514561820e+00,4.999999964715128087e+00,3.686085058447336138e+00
4.375999999999740098e+00,4.968995987128168146e+00,3.697794836364800553e+00,4.999999964715128087e+00,3.688019806141495494e+00
4.377999999999739877e+00,4.968947738822789617e+00,3.699715414727418494e+00,4.999999964715128087e+00,3.689954628637325484e+00
4.379999999999739657e+00,4.968899286900925638e+00,3.701636124022937846e+00,4.999999964715128087e+00,3.691889525690467799e+00
4.381999999999739437e+00,4.968850630001866442e+00,3.703556963675729286e+00,4.999999964715128087e+00,3.693824497057864864e+00
4.383999999999739217e+00,4.968801766751244742e+00,3.705477933113913824e+00,4.999999964715128087e+00,3.695759542497664807e+00
4.385999999999738996e+00,4.968752695762426619e+00,3.707399031770393538e+00,4.999999964715128087e+00,3.697694661769883595e+00
4.387999999999738776e+00,4.968703415634893261e+00,3.709320259079459170e+00,4.999999964715128087e+00,3.699629854633822656e+00
4.389999999999738556e+00,4.968653924955071410e+00,3.711241614480988993e+00,4.999999964715128087e+00,3.701565120851526558e+00
4.391999999999738336e+00,4.968604222295318174e+00,3.713163097419778680e+00,4.999999964715128087e+00,3.703500460187361121e+00
4.393999999999738115e+00,4.968554306215019700e+00,3.715084707341090642e+00,4.999999964715128087e+00,3.705435872403975317e+00
4.395999999999737895e+00,4.968504175258614097e+00,3.717006443694868878e+00,4.999999964715128087e+00,3.707371357266184386e+00
4.397999999999737675e+00,4.968453827956877511e+00,3.718928305934712686e+00,4.999999964715128087e+00,3.709306914539891586e+00
4.399999999999737454e+00,4.968403262826523559e+00,3.720850293519572638e+00,4.999999964715128087e+00,3.711242543993937382e+00
4.401999999999737234e+00,4.968352478369362224e+00,3.722772405908260751e+00,4.999999964715127199e+00,3.713178245394823662e+00
4.403999999999737014e+00,4.968301473072999741e+00,3.724694642566091396e+00,4.999999964715127199e+00,3.715114018512989169e+00
4.405999999999736794e+00,4.968250245409520538e+00,3.726617002961279734e+00,4.999999964715127199e+00,3.717049863119372688e+00
4.407999999999736573e+00,4.968198793836517524e+00,3.728539486564387939e+00,4.999999964715127199e+00,3.718985778985285595e+00
4.409999999999736353e+00,4.968147116795692320e+00,3.730462092849614386e+00,4.999999964715127199e+00,3.720921765883019372e+00
4.411999999999736133e+00,4.968095212714548126e+00,3.732384821293834420e+00,4.999999964715127199e+00,3.722857823585606685e+00
4.413999999999735913e+00,4.968043080003629264e+00,3.734307671379821780e+00,4.999999964715127199e+00,3.724793951869273201e+00
4.415999999999735692e+00,4.967990717058090588e+00,3.736230642592003992e+00,4.999999964715127199e+00,3.726730150510012329e+00
4.417999999999735472e+00,4.967938122257210765e+00,3.738153734416377993e+00,4.999999964715127199e+00,3.728666419283181543e+00
4.419999999999735252e+00,4.967885293963876236e+00,3.740076946345598063e+00,4.999999964715127199e+00,3.730602757968390915e+00
4.421999999999735032e+00,4.967832230524575010e+00,3.742000277872520098e+00,4.999999964715127199e+00,3.732539166343411541e+00
4.423999999999734811e+00,4.967778930269124871e+00,3.743923728495003544e+00,4.999999964715127199e+00,3.734475644188888666e+00
4.425999999999734591e+00,4.967725391510308341e+00,3.745847297713850388e+00,4.999999964715128087e+00,3.736412191286121676e+00
4.427999999999734371e+00,4.967671612543737680e+00,3.747770985031903201e+00,4.999999964715128087e+00,3.738348807416625341e+00
4.429999999999734150e+00,4.967617591647790931e+00,3.749694789955903662e+00,4.999999964715128087e+00,3.740285492363485620e+00
4.431999999999733930e+00,4.967563327083225566e+00,3.751618711996185240e+00,4.999999964715128087e+00,3.742222245911305922e+00
4.433999999999733710e+00,4.967508817093013285e+00,3.753542750664726313e+00,4.999999964715128087e+00,3.744159067844497812e+00
4.435999999999733490e+00,4.967454059902078001e+00,3.755466905478220596e+00,4.999999964715128087e+00,3.746095957949909128e+00
4.437999999999733269e+00,4.967399053716652801e+00,3.757391175953963991e+00,4.999999964715128087e+00,3.748032916013245952e+00
4.439999999999733049e+00,4.967343796725204541e+00,3.759315561615215628e+00,4.999999964715128087e+00,3.749969941823832364e+00
4.441999999999732829e+00,4.967288287096819133e+00,3.761240061986165450e+00,4.999999964715128087e+00,3.751907035170236604e+00
4.443999999999732609e+00,4.967232522981388065e+00,3.763164676594194624e+00,4.999999964715128087e+00,3.753844195842187315e+00
4.445999999999732388e+00,4.967176502509826896e+00,3.765089404970423992e+00,4.999999964715128087e+00,3.755781423631128213e+00
4.447999999999732168e+00,4.967120223793572542e+00,3.767014246648060283e+00,4.999999964715128087e+00,3.757718718328712182e+00
4.449999999999731948e+00,4.967063684923997968e+00,3.768939201162816222e+00,4.999999964715128087e+00,3.759656079727328848e+00
4.451999999999731727e+00,4.967006883972064024e+00,3.770864268055119428e+00,4.999999964715128087e+00,3.761593507621882271e+00
4.453999999999731507e+00,4.966949818989054855e+00,3.772789446865261187e+00,4.999999964715128087e+00,3.763531001805726195e+00
4.455999999999731287e+00,4.966892488004999606e+00,3.774714737139407195e+00,4.999999964715128087e+00,3.765468562075686698e+00
4.457999999999731067e+00,4.966834889029055233e+00,3.776640138423779547e+00,4.999999964715128087e+00,3.767406188227362840e+00
4.459999999999730846e+00,4.966777020049139679e+00,3.778565650269627874e+00,4.999999964715127199e+00,3.769343880059177199e+00
4.461999999999730626e+00,4.966718879031952305e+00,3.780491272228955424e+00,4.999999964715127199e+00,3.771281637368595785e+00
4.463999999999730406e+00,4.966660463921517277e+00,3.782417003858681515e+00,4.999999964715127199e+00,3.773219459956302924e+00
4.465999999999730186e+00,4.966601772640676593e+00,3.784342844715942622e+00,4.999999964715127199e+00,3.775157347621367787e+00
4.467999999999729965e+00,4.966542803089278202e+00,3.786268794362612322e+00,4.999999964715127199e+00,3.777095300165809633e+00
4.469999999999729745e+00,4.966483553144338536e+00,3.788194852361353337e+00,4.999999964715127199e+00,3.779033317390750213e+00
4.471999999999729525e+00,4.966424020659527372e+00,3.790121018279736020e+00,4.999999964715127199e+00,3.780971399100490515e+00
4.473999999999729305e+00,4.966364203465547966e+00,3.792047291684540689e+00,4.999999964715127199e+00,3.782909545096989401e+00
4.475999999999729084e+00,4.966304099369293290e+00,3.793973672149118403e+00,4.999999964715127199e+00,3.784847755186654616e+00
4.477999999999728864e+00,4.966243706153332660e+00,3.795900159246248240e+00,4.999999964715127199e+00,3.786786029174145529e+00
4.479999999999728644e+00,4.966183021575523604e+00,3.797826752552839746e+00,4.999999964715127199e+00,3.788724366866246029e+00
4.481999999999728423e+00,4.966122043369304073e+00,3.799753451647954972e+00,4.999999964715127199e+00,3.790662768070395927e+00
4.483999999999728203e+00,4.966060769242742978e+00,3.801680256113172618e+00,4.999999964715127199e+00,3.792601232594827732e+00
4.485999999999727983e+00,4.965999196877982413e+00,3.803607165531076362e+00,4.999999964715127199e+00,3.794539760247411575e+00
4.487999999999727763e+00,4.965937323932234193e+00,3.805534179490284608e+00,4.999999964715127199e+00,3.796478350840077898e+00
4.489999999999727542e+00,4.965875148035285847e+00,3.807461297578016435e+00,4.999999964715127199e+00,3.798417004182020662e+00
4.491999999999727322e+00,4.965812666790736074e+00,3.809388519385757732e+00,4.999999964715127199e+00,3.800355720085115241e+00
4.493999999999727102e+00,4.965749877775044396e+00,3.811315844508685657e+00,4.999999964715127199e+00,3.802294498363088415e+00
4.495999999999726882e+00,4.965686778537057755e+00,3.813243272540302264e+00,4.999999964715127199e+00,3.804233338826974453e+00
4.497999999999726661e+00,4.965623366597974098e+00,3.815170803081138651e+00,4.999999964715127199e+00,3.806172241292804959e+00
4.499999999999726441e+00,4.965559639450527918e+00,3.817098435730923001e+00,4.999999964715127199e+00,3.808111205574578051e+00
4.501999999999726221e+00,4.965495594558491987e+00,3.819026170091936567e+00,4.999999964715127199e+00,3.810050231487263517e+00
4.503999999999726001e+00,4.965431229356260801e+00,3.820954005771805218e+00,4.999999964715127199e+00,3.811989318849523745e+00
4.505999999999725780e+00,4.965366541249585985e+00,3.822881942376028519e+00,4.999999964715127199e+00,3.813928467476696227e+00
4.507999999999725560e+00,4.965301527613240395e+00,3.824809979515950698e+00,4.999999964715127199e+00,3.815867677188216067e+00
4.509999999999725340e+00,4.965236185791696677e+00,3.826738116802792966e+00,4.999999964715127199e+00,3.817806947802227402e+00
4.511999999999725119e+00,4.965170513098279947e+00,3.828666353851476245e+00,4.999999964715127199e+00,3.819746279138912293e+00
4.513999999999724899e+00,4.965104506815006147e+00,3.830594690278104952e+00,4.999999964715127199e+00,3.821685671018357766e+00
4.515999999999724679e+00,4.965038164192391079e+00,3.832523125701907230e+00,4.999999964715127199e+00,3.823625123262198944e+00
4.517999999999724459e+00,4.964971482447078088e+00,3.834451659744488428e+00,4.999999964715128087e+00,3.825564635693121218e+00
4.519999999999724238e+00,4.964904458764610951e+00,3.836380292028789718e+00,4.999999964715128087e+00,3.827504208133724273e+00
4.521999999999724018e+00,4.964837090295529443e+00,3.838309022178431729e+00,4.999999964715128087e+00,3.829443840406184574e+00
4.523999999999723798e+00,4.964769374157290471e+00,3.840237849823064931e+00,4.999999964715128087e+00,3.831383532336820164e+00
4.525999999999723578e+00,4.964701307432272337e+00,3.842166774591661227e+00,4.999999964715128087e+00,3.833323283750291743e+00
4.527999999999723357e+00,4.964632887167970132e+00,3.844095796115392982e+00,4.999999964715128087e+00,3.835263094472052714e+00
4.529999999999723137e+00,4.964564110376485040e+00,3.846024914028710828e+00,4.999999964715128087e+00,3.837202964329375909e+00
4.531999999999722917e+00,4.964494974033105912e+00,3.847954127966954019e+00,4.999999964715128087e+00,3.839142893149295688e+00
4.533999999999722696e+00,4.964425475077021588e+00,3.849883437568482059e+00,4.999999964715127199e+00,3.841082880760390950e+00
4.535999999999722476e+00,4.964355610410065900e+00,3.851812842472734033e+00,4.999999964715127199e+00,3.843022926991148669e+00
4.537999999999722256e+00,4.964285376894856050e+00,3.853742342323220438e+00,4.999999964715127199e+00,3.844963031672592013e+00
4.539999999999722036e+00,4.964214771357276845e+00,3.855671936761599472e+00,4.999999964715127199e+00,3.846903194632988132e+00
4.541999999999721815e+00,4.964143790582617122e+00,3.857601625435626236e+00,4.999999964715127199e+00,3.848843415705174298e+00
4.543999999999721595e+00,4.964072431316827405e+00,3.859531407992451424e+00,4.999999964715127199e+00,3.850783694720183892e+00
4.545999999999721375e+00,4.964000690265828908e+00,3.861461284082128742e+00,4.999999964715127199e+00,3.852724031510750269e+00
4.547999999999721155e+00,4.963928564093156304e+00,3.863391253356915467e+00,4.999999964715127199e+00,3.854664425910481196e+00
4.549999999999720934e+00,4.963856049421787375e+00,3.865321315470705343e+00,4.999999964715127199e+00,3.856604877753526228e+00
4.551999999999720714e+00,4.963783142831528217e+00,3.867251470079137388e+00,4.999999964715127199e+00,3.858545386874395522e+00
4.553999999999720494e+00,4.963709840858936850e+00,3.869181716839408924e+00,4.999999964715127199e+00,3.860485953108214296e+00
4.555999999999720274e+00,4.963636139997158025e+00,3.871112055411552344e+00,4.999999964715127199e+00,3.862426576291466684e+00
4.557999999999720053e+00,4.963562036693582868e+00,3.873042485457296014e+00,4.999999964715127199e+00,3.864367256261302064e+00
4.559999999999719833e+00,4.963487527351115425e+00,3.874973006638589901e+00,4.999999964715127199e+00,3.866307992853960318e+00
4.561999999999719613e+00,4.963412608326539299e+00,3.876903618623079861e+00,4.999999964715127199e+00,3.868248785909974341e+00
4.563999999999719392e+00,4.963337275928832781e+00,3.878834321076066072e+00,4.999999964715127199e+00,3.870189635266659156e+00
4.565999999999719172e+00,4.963261526419924685e+00,3.880765113666448496e+00,4.999999964715127199e+00,3.872130540763706996e+00
4.567999999999718952e+00,4.963185356012400185e+00,3.882695996066252597e+00,4.999999964715127199e+00,3.874071502242633525e+00
4.569999999999718732e+00,4.963108760870711400e+00,3.884626967944813547e+00,4.999999964715127199e+00,3.876012519541538026e+00
4.571999999999718511e+00,4.963031737107115759e+00,3.886558028980835910e+00,4.999999964715127199e+00,3.877953592506077740e+00
4.573999999999718291e+00,4.962954280784622085e+00,3.888489178846305627e+00,4.999999964715127199e+00,3.879894720974959910e+00
4.575999999999718071e+00,4.962876387912878329e+00,3.890420417221309268e+00,4.999999964715127199e+00,3.881835904793102809e+00
4.577999999999717851e+00,4.962798054449261365e+00,3.892351743785389395e+00,4.999999964715127199e+00,3.883777143804295395e+00
4.579999999999717630e+00,4.962719276297016258e+00,3.894283158217937135e+00,4.999999964715127199e+00,3.885718437850979701e+00
4.581999999999717410e+00,4.962640049304591905e+00,3.896214660204853075e+00,4.999999964715127199e+00,3.887659786780767845e+00
4.583999999999717190e+00,4.962560369264660487e+00,3.898146249428842580e+00,4.999999964715128087e+00,3.889601190437400824e+00
4.585999999999716970e+00,4.962480231913129813e+00,3.900077925576530991e+00,4.999999964715128087e+00,3.891542648667386306e+00
4.587999999999716749e+00,4.962399632927954052e+00,3.902009688337150006e+00,4.999999964715128087e+00,3.893484161318488290e+00
4.589999999999716529e+00,4.962318567928734936e+00,3.903941537399528094e+00,4.999999964715128087e+00,3.895425728237511098e+00
4.591999999999716309e+00,4.962237032474412501e+00,3.905873472455488660e+00,4.999999964715128087e+00,3.897367349272774728e+00
4.593999999999716088e+00,4.962155022063399201e+00,3.907805493197204161e+00,4.999999964715128087e+00,3.899309024272403779e+00
4.595999999999715868e+00,4.962072532132073555e+00,3.909737599321208457e+00,4.999999964715128087e+00,3.901250753087277534e+00
4.597999999999715648e+00,4.961989558053513605e+00,3.911669790522067647e+00,4.999999964715128087e+00,3.903192535565930044e+00
4.599999999999715428e+00,4.961906095136627393e+00,3.913602066499763055e+00,4.999999964715128087e+00,3.905134371560741613e+00
4.601999999999715207e+00,4.961822138624182088e+00,3.915534426952047564e+00,4.999999964715128087e+00,3.907076260921422239e+00
4.603999999999714987e+00,4.961737683692954093e+00,3.917466871581433807e+00,4.999999964715128087e+00,3.909018203500992605e+00
4.605999999999714767e+00,4.961652725451124013e+00,3.919399400090608943e+00,4.999999964715128087e+00,3.910960199151870764e+00
4.607999999999714547e+00,4.961567258937917835e+00,3.921332012183049276e+00,4.999999964715128087e+00,3.912902247726453897e+00
4.609999999999714326e+00,4.961481279121610299e+00,3.923264707566060050e+00,4.999999964715128087e+00,3.914844349079742436e+00
4.611999999999714106e+00,4.961394780899448520e+00,3.925197485945705722e+00,4.999999964715128087e+00,3.916786503064762837e+00
4.613999999999713886e+00,4.961307759094003345e+00,3.927130347031794866e+00,4.999999964715128087e+00,3.918728709537161237e+00
4.615999999999713665e+00,4.961220208454895975e+00,3.929063290534844377e+00,4.999999964715128087e+00,3.920670968352491403e+00
4.617999999999713445e+00,4.961132123654581783e+00,3.930996316166929461e+00,4.999999964715128087e+00,3.922613279366849337e+00
4.619999999999713225e+00,4.961043499287599801e+00,3.932929423641649436e+00,4.999999964715128087e+00,3.924555642437014935e+00
4.621999999999713005e+00,4.960954329870911117e+00,3.934862612674833837e+00,4.999999964715128087e+00,3.926498057420999999e+00
4.623999999999712784e+00,4.960864609839434891e+00,3.936795882981662942e+00,4.999999964715128087e+00,3.928440524175446757e+00
4.625999999999712564e+00,4.960774333547107950e+00,3.938729234280963887e+00,4.999999964715128087e+00,3.930383042559508322e+00
4.627999999999712344e+00,4.960683495263468856e+00,3.940662666293004879e+00,4.999999964715128087e+00,3.932325612432975070e+00
4.629999999999712124e+00,4.960592089173008645e+00,3.942596178737042045e+00,4.999999964715128087e+00,3.934268233653927194e+00
4.631999999999711903e+00,4.960500109372947719e+00,3.944529771337617063e+00,4.999999964715128087e+00,3.936210906084461225e+00
4.633999999999711683e+00,4.960407549872037691e+00,3.946463443816493832e+00,4.999999964715127199e+00,3.938153629583461157e+00
4.635999999999711463e+00,4.960314404588201498e+00,3.948397195900767986e+00,4.999999964715127199e+00,3.940096404014003628e+00
4.637999999999711243e+00,4.960220667346836976e+00,3.950331027316567933e+00,4.999999964715127199e+00,3.942039229237314313e+00
4.639999999999711022e+00,4.960126331879576966e+00,3.952264937791299726e+00,4.999999964715127199e+00,3.943982105115354297e+00
4.641999999999710802e+00,4.960031391821562607e+00,3.954198927055766699e+00,4.999999964715127199e+00,3.945925031512240722e+00
4.643999999999710582e+00,4.959935840710270050e+00,3.956132994840460881e+00,4.999999964715127199e+00,3.947868008291245179e+00
4.645999999999710361e+00,4.959839671982903653e+00,3.958067140877772783e+00,4.999999964715127199e+00,3.949811035316566965e+00
4.647999999999710141e+00,4.959742878974402025e+00,3.960001364900950449e+00,4.999999964715127199e+00,3.951754112452488421e+00
4.649999999999709921e+00,4.959645454915745155e+00,3.961935666645119092e+00,4.999999964715127199e+00,3.953697239564374577e+00
4.651999999999709701e+00,4.959547392930693022e+00,3.963870045847409873e+00,4.999999964715127199e+00,3.955640416518673597e+00
4.653999999999709480e+00,4.959448686035569764e+00,3.965804502245462881e+00,4.999999964715127199e+00,3.957583643181621813e+00
4.655999999999709260e+00,4.959349327134860097e+00,3.967739035578066620e+00,4.999999964715127199e+00,3.959526919419867230e+00
4.657999999999709040e+00,4.959249309020857588e+00,3.969673645585097166e+00,4.999999964715127199e+00,3.961470245100330079e+00
4.659999999999708820e+00,4.959148624368945768e+00,3.971608332009400666e+00,4.999999964715128087e+00,3.963413620091895240e+00
4.661999999999708599e+00,4.959047265737110521e+00,3.973543094593614988e+00,4.999999964715128087e+00,3.965357044262801001e+00
4.663999999999708379e+00,4.958945225563244463e+00,3.975477933081892346e+00,4.999999964715128087e+00,3.967300517481743949e+00
4.665999999999708159e+00,4.958842496160561275e+00,3.977412847220091141e+00,4.999999964715128087e+00,3.969244039618619713e+00
4.667999999999707939e+00,4.958739069718295589e+00,3.979347836754667522e+00,4.999999964715128087e+00,3.971187610542959767e+00
4.669999999999707718e+00,4.958634938295122474e+00,3.981282901434912258e+00,4.999999964715128087e+00,3.973131230126329516e+00
4.671999999999707498e+00,4.958530093819595308e+00,3.983218041009867427e+00,4.999999964715128087e+00,3.975074898239507881e+00
4.673999999999707278e+00,4.958424528085829230e+00,3.985153255230162284e+00,4.999999964715128087e+00,3.977018614753994541e+00
4.675999999999707057e+00,4.958318232750121624e+00,3.987088543847586042e+00,4.999999964715128087e+00,3.978962379541749250e+00
4.677999999999706837e+00,4.958211199329220165e+00,3.989023906615300596e+00,4.999999964715128087e+00,3.980906192475365035e+00
4.679999999999706617e+00,4.958103419195378336e+00,3.990959343288505323e+00,4.999999964715128087e+00,3.982850053428587778e+00
4.681999999999706397e+00,4.957994883574579958e+00,3.992894853622275697e+00,4.999999964715128087e+00,3.984793962274624679e+00
4.683999999999706176e+00,4.957885583543649943e+00,3.994830437374295773e+00,4.999999964715128087e+00,3.986737918888305643e+00
4.685999999999705956e+00,4.957775510025009602e+00,3.996766094301332117e+00,4.999999964715128087e+00,3.988681923143006625e+00
4.687999999999705736e+00,4.957664653784530806e+00,3.998701824163861218e+00,4.999999964715128087e+00,3.990625974914999929e+00
4.689999999999705516e+00,4.957553005427460135e+00,4.000637626723014151e+00,4.999999964715128087e+00,3.992570074080455722e+00
4.691999999999705295e+00,4.957440555394732939e+00,4.002573501738154960e+00,4.999999964715128087e+00,3.994514220513429859e+00
4.693999999999705075e+00,4.957327293959367331e+00,4.004509448975300145e+00,4.999999964715128087e+00,3.996458414093351230e+00
4.695999999999704855e+00,4.957213211222721405e+00,4.006445468196013771e+00,4.999999964715128087e+00,3.998402654695084824e+00
4.697999999999704634e+00,4.957098297110047014e+00,4.008381559166609875e+00,4.999999964715128087e+00,4.000346942197289479e+00
4.699999999999704414e+00,4.956982541365346329e+00,4.010317721653962053e+00,4.999999964715128087e+00,4.002291276478441517e+00
4.701999999999704194e+00,4.956865933549714498e+00,4.012253955424040619e+00,4.999999964715128087e+00,4.004235657415712524e+00
4.703999999999703974e+00,4.956748463034692520e+00,4.014190260247181286e+00,4.999999964715128087e+00,4.006180084889675364e+00
4.705999999999703753e+00,4.956630118998178069e+00,4.016126635892606878e+00,4.999999964715128087e+00,4.008124558779263324e+00
4.707999999999703533e+00,4.956510890420319448e+00,4.018063082131752672e+00,4.999999964715128087e+00,4.010069078965041278e+00
4.709999999999703313e+00,4.956390766077812593e+00,4.019999598735657820e+00,4.999999964715128087e+00,4.012013645326474531e+00
4.711999999999703093e+00,4.956269734540636129e+00,4.021936185478188541e+00,4.999999964715128087e+00,4.013958257745101399e+00
4.713999999999702872e+00,4.956147784164568471e+00,4.023872842133772387e+00,4.999999964715128087e+00,4.015902916102563225e+00
4.715999999999702652e+00,4.956024903087468125e+00,4.025809568477382250e+00,4.999999964715128087e+00,4.017847620280268650e+00
4.717999999999702432e+00,4.955901079222941874e+00,4.027746364286828751e+00,4.999999964715128087e+00,4.019792370161803241e+00
4.719999999999702212e+00,4.955776300256707678e+00,4.029683229337221562e+00,4.999999964715128087e+00,4.021737165627749633e+00
4.721999999999701991e+00,4.955650553637092948e+00,4.031620163410119417e+00,4.999999964715128087e+00,4.023682006563973346e+00
4.723999999999701771e+00,4.955523826573595692e+00,4.033557166283076256e+00,4.999999964715128087e+00,4.025626892852258720e+00
4.725999999999701551e+00,4.955396106026706882e+00,4.035494237737872858e+00,4.999999964715128087e+00,4.027571824377646159e+00
4.727999999999701330e+00,4.955267378703698711e+00,4.037431377556406353e+00,4.999999964715128087e+00,4.029516801024826123e+00
4.729999999999701110e+00,4.955137631051580449e+00,4.039368585521857291e+00,4.999999964715128087e+00,4.031461822679133000e+00
4.731999999999700890e+00,4.955006849250645828e+00,4.041305861417314738e+00,4.999999964715128087e+00,4.033406889225227054e+00
4.733999999999700670e+00,4.954875019206442133e+00,4.043243205029112275e+00,4.999999964715128087e+00,4.035352000550367357e+00
4.735999999999700449e+00,4.954742126543720815e+00,4.045180616141776930e+00,4.999999964715128087e+00,4.037297156539605858e+00
4.737999999999700229e+00,4.954608156598016677e+00,4.047118094543745492e+00,4.999999964715128087e+00,4.039242357080997436e+00
4.739999999999700009e+00,4.954473094408627709e+00,4.049055640022614533e+00,4.999999964715128087e+00,4.041187602061451223e+00
4.741999999999699789e+00,4.954336924709671131e+00,4.050993252367558917e+00,4.999999964715128087e+00,4.043132891368727222e+00
4.743999999999699568e+00,4.954199631923942526e+00,4.052930931368083023e+00,4.999999964715128087e+00,4.045078224890469087e+00
4.745999999999699348e+00,4.954061200150996491e+00,4.054868676816875350e+00,4.999999964715128087e+00,4.047023602516693686e+00
4.747999999999699128e+00,4.953921613161160309e+00,4.056806488505288577e+00,4.999999964715128087e+00,4.048969024135799621e+00
4.749999999999698908e+00,4.953780854385368748e+00,4.058744366225974787e+00,4.999999964715128087e+00,4.050914489636754823e+00
4.751999999999698687e+00,4.953638906905514006e+00,4.060682309773146592e+00,4.999999964715128087e+00,4.052859998909672967e+00
4.753999999999698467e+00,4.953495753445072758e+00,4.062620318942571807e+00,4.999999964715128087e+00,4.054805551845374723e+00
4.755999999999698247e+00,4.953351376358867242e+00,4.064558393530558256e+00,4.999999964715128087e+00,4.056751148335005830e+00
4.757999999999698026e+00,4.953205757621508276e+00,4.066496533333029184e+00,4.999999964715128087e+00,4.058696788268601807e+00
4.759999999999697806e+00,4.953058878818337618e+00,4.068434738149030672e+00,4.999999964715128087e+00,4.060642471538857379e+00
4.761999999999697586e+00,4.952910721133461536e+00,4.070373007777261520e+00,4.999999964715128087e+00,4.062588198037462739e+00
4.763999999999697366e+00,4.952761265337179530e+00,4.072311342018350544e+00,4.999999964715128087e+00,4.064533967657569136e+00
4.765999999999697145e+00,4.952610491774497525e+00,4.074249740671239017e+00,4.999999964715128087e+00,4.066479780290230828e+00
4.767999999999696925e+00,4.952458380353292888e+00,4.076188203539084398e+00,4.999999964715128087e+00,4.068425635830059228e+00
4.769999999999696705e+00,4.952304910530034299e+00,4.078126730425305269e+00,4.999999964715128087e+00,4.070371534171353112e+00
4.771999999999696485e+00,4.952150061297000860e+00,4.080065321133342415e+00,4.999999964715128087e+00,4.072317475208006243e+00
4.773999999999696264e+00,4.951993811168233783e+00,4.082003975466470536e+00,4.999999964715128087e+00,4.074263458833211615e+00
4.775999999999696044e+00,4.951836138164589229e+00,4.083942693231475296e+00,4.999999964715127199e+00,4.076209484943238870e+00
4.777999999999695824e+00,4.951677019799334722e+00,4.085881474234644095e+00,4.999999964715127199e+00,4.078155553433151503e+00
4.779999999999695603e+00,4.951516433061069478e+00,4.087820318283411858e+00,4.999999964715127199e+00,4.080101664198818590e+00
4.781999999999695383e+00,4.951354354399764013e+00,4.089759225185668257e+00,4.999999964715127199e+00,4.082047817136057688e+00
4.783999999999695163e+00,4.951190759706777911e+00,4.091698194750948758e+00,4.999999964715127199e+00,4.083994012141782370e+00
4.785999999999694943e+00,4.951025624300285699e+00,4.093637226790089123e+00,4.999999964715127199e+00,4.085940249113617639e+00
4.787999999999694722e+00,4.950858922904902926e+00,4.095576321112225138e+00,4.999999964715127199e+00,4.087886527947260262e+00
4.789999999999694502e+00,4.950690629632936712e+00,4.097515477531018746e+00,4.999999964715127199e+00,4.089832848542147126e+00
4.791999999999694282e+00,4.950520717965591011e+00,4.099454695858486986e+00,4.999999964715127199e+00,4.091779210795762900e+00
4.793999999999694062e+00,4.950349160731388309e+00,4.101393975907741130e+00,4.999999964715127199e+00,4.093725614606280594e+00
4.795999999999693841e+00,4.950175930084181886e+00,4.103333317494720411e+00,4.999999964715127199e+00,4.095672059873918691e+00
4.797999999999693621e+00,4.950000997483447129e+00,4.105272720433807976e+00,4.999999964715127199e+00,4.097618546497111325e+00
4.799999999999693401e+00,4.949824333666803078e+00,4.107212184541472411e+00,4.999999964715127199e+00,4.099565074375876250e+00
4.801999999999693181e+00,4.949645908629433322e+00,4.109151709633781735e+00,4.999999964715127199e+00,4.101511643409413210e+00
4.803999999999692960e+00,4.949465691596758532e+00,4.111091295531242196e+00,4.999999964715127199e+00,4.103458253500629205e+00
4.805999999999692740e+00,4.949283650999428907e+00,4.113030942050770022e+00,4.999999964715127199e+00,4.105404904548622724e+00
4.807999999999692520e+00,4.949099754443545329e+00,4.114970649011653769e+00,4.999999964715127199e+00,4.107351596454414278e+00
4.809999999999692299e+00,4.948913968684983011e+00,4.116910416236106762e+00,4.999999964715127199e+00,4.109298329121394922e+00
4.811999999999692079e+00,4.948726259596730515e+00,4.118850243544481593e+00,4.999999964715127199e+00,4.111245102450604705e+00
4.813999999999691859e+00,4.948536592137922518e+00,4.120790130758389402e+00,4.999999964715127199e+00,4.113191916344023369e+00
4.815999999999691639e+00,4.948344930323448132e+00,4.122730077701899809e+00,4.999999964715127199e+00,4.115138770705512705e+00
4.817999999999691418e+00,4.948151237186862339e+00,4.124670084198308828e+00,4.999999964715127199e+00,4.117085665437799413e+00
4.819999999999691198e+00,4.947955474745472593e+00,4.126610150072819394e+00,4.999999964715127199e+00,4.119032600445090786e+00
4.821999999999690978e+00,4.947757603963504280e+00,4.128550275150671744e+00,4.999999964715127199e+00,4.120979575631062986e+00
4.823999999999690758e+00,4.947557584713706547e+00,4.130490459257742053e+00,4.999999964715127199e+00,4.122926590899725241e+00
4.825999999999690537e+00,4.947355375733307525e+00,4.132430702221452812e+00,4.999999964715127199e+00,4.124873646156181906e+00
4.827999999999690317e+00,4.947150934584244375e+00,4.134371003870075612e+00,4.999999964715127199e+00,4.126820741305924578e+00
4.829999999999690097e+00,4.946944217606104921e+00,4.136311364032452254e+00,4.999999964715127199e+00,4.128767876254481273e+00
4.831999999999689877e+00,4.946735179870321630e+00,4.138251782537512469e+00,4.999999964715127199e+00,4.130715050907295627e+00
4.833999999999689656e+00,4.946523775130569511e+00,4.140192259215973891e+00,4.999999964715127199e+00,4.132662265170957028e+00
4.835999999999689436e+00,4.946309955768880329e+00,4.142132793898697152e+00,4.999999964715127199e+00,4.134609518951849694e+00
4.837999999999689216e+00,4.946093672744448000e+00,4.144073386418023475e+00,4.999999964715127199e+00,4.136556812157449414e+00
4.839999999999688995e+00,4.945874875533321280e+00,4.146014036606514352e+00,4.999999964715127199e+00,4.138504144694989506e+00
4.841999999999688775e+00,4.945653512070581570e+00,4.147954744297968510e+00,4.999999964715127199e+00,4.140451516472523075e+00
4.843999999999688555e+00,4.945429528685488130e+00,4.149895509325810750e+00,4.999999964715127199e+00,4.142398927397432651e+00
4.845999999999688335e+00,4.945202870036148113e+00,4.151836331526687296e+00,4.999999964715127199e+00,4.144346377379702240e+00
4.847999999999688114e+00,4.944973479039275865e+00,4.153777210735076331e+00,4.999999964715127199e+00,4.146293866326976385e+00
4.849999999999687894e+00,4.944741296796201446e+00,4.155718146788967005e+00,4.999999964715127199e+00,4.148241394149812855e+00
4.851999999999687674e+00,4.944506262515309558e+00,4.157659139524220393e+00,4.999999964715127199e+00,4.150188960756427292e+00
4.853999999999687454e+00,4.944268313431921413e+00,4.159600188780459895e+00,4.999999964715127199e+00,4.152136566058198142e+00
4.855999999999687233e+00,4.944027384718446605e+00,4.161541294395618706e+00,4.999999964715127199e+00,4.154084209964610253e+00
4.857999999999687013e+00,4.943783409398534445e+00,4.163482456210315874e+00,4.999999964715127199e+00,4.156031892387264115e+00
4.859999999999686793e+00,4.943536318245511652e+00,4.165423674064824944e+00,4.999999964715127199e+00,4.157979613237134053e+00
4.861999999999686572e+00,4.943286039686295652e+00,4.167364947800037633e+00,4.999999964715127199e+00,4.159927372425441305e+00
4.863999999999686352e+00,4.943032499689445913e+00,4.169306277258523430e+00,4.999999964715127199e+00,4.161875169864575064e+00
4.865999999999686132e+00,4.942775621655008500e+00,4.171247662283377622e+00,4.999999964715127199e+00,4.163823005467172322e+00
4.867999999999685912e+00,4.942515326293188238e+00,4.173189102718048993e+00,4.999999964715127199e+00,4.165770879145848760e+00
4.869999999999685691e+00,4.942251531498029316e+00,4.175130598406459725e+00,4.999999964715127199e+00,4.167718790813235152e+00
4.871999999999685471e+00,4.941984152211438719e+00,4.177072149194067663e+00,4.999999964715127199e+00,4.169666740383141779e+00
4.873999999999685251e+00,4.941713100281386772e+00,4.179013754926951485e+00,4.999999964715127199e+00,4.171614727769703102e+00
4.875999999999685031e+00,4.941438284309650264e+00,4.180955415451871993e+00,4.999999964715127199e+00,4.173562752887194804e+00
4.877999999999684810e+00,4.941159609492234317e+00,4.182897130616519021e+00,4.999999964715127199e+00,4.175510815650632424e+00
4.879999999999684590e+00,4.940876977445560314e+00,4.184838900268321282e+00,4.999999964715127199e+00,4.177458915974253451e+00
4.881999999999684370e+00,4.940590286028020195e+00,4.186780724257018527e+00,4.999999964715127199e+00,4.179407053774326641e+00
4.883999999999684150e+00,4.940299429144324073e+00,4.188722602432138231e+00,4.999999964715127199e+00,4.181355228966546100e+00
4.885999999999683929e+00,4.940004296538740292e+00,4.190664534644501948e+00,4.999999964715127199e+00,4.183303441467418615e+00
4.887999999999683709e+00,4.939704773577076935e+00,4.192606520745247423e+00,4.999999964715127199e+00,4.185251691193456303e+00
4.889999999999683489e+00,4.939400741009333906e+00,4.194548560586659036e+00,4.999999964715127199e+00,4.187199978062070116e+00
4.891999999999683268e+00,4.939092074722987391e+00,4.196490654020926137e+00,4.999999964715127199e+00,4.189148301990088363e+00
4.893999999999683048e+00,4.938778645471503026e+00,4.198432800902909712e+00,4.999999964715127199e+00,4.191096662896611313e+00
4.895999999999682828e+00,4.938460318591044285e+00,4.200375001086593230e+00,4.999999964715127199e+00,4.193045060699589044e+00
4.897999999999682608e+00,4.938136953691529385e+00,4.202317254427383908e+00,4.999999964715127199e+00,4.194993495317975274e+00
4.899999999999682387e+00,4.937808404328931644e+00,4.204259560780866600e+00,4.999999964715127199e+00,4.196941966670697965e+00
4.901999999999682167e+00,4.937474517653062556e+00,4.206201920004883910e+00,4.999999964715127199e+00,4.198890474678299789e+00
4.903999999999681947e+00,4.937135134028568295e+00,4.208144331955988804e+00,4.999999964715127199e+00,4.200839019259975160e+00
4.905999999999681727e+00,4.936790086628543683e+00,4.210086796494000083e+00,4.999999964715127199e+00,4.202787600337601681e+00
4.907999999999681506e+00,4.936439200996206367e+00,4.212029313477621884e+00,4.999999964715127199e+00,4.204736217831677614e+00
4.909999999999681286e+00,4.936082294572517348e+00,4.213971882767015842e+00,4.999999964715127199e+00,4.206684871663823877e+00
4.911999999999681066e+00,4.935719176188958279e+00,4.215914504223226444e+00,4.999999964715127199e+00,4.208633561756147223e+00
4.913999999999680846e+00,4.935349645517977279e+00,4.217857177709500860e+00,4.999999964715127199e+00,4.210582288032517440e+00
4.915999999999680625e+00,4.934973492479405088e+00,4.219799903086523862e+00,4.999999964715127199e+00,4.212531050414130895e+00
4.917999999999680405e+00,4.934590496595187226e+00,4.221742680220118338e+00,4.999999964715127199e+00,4.214479848826703012e+00
4.919999999999680185e+00,4.934200426298515296e+00,4.223685508973052727e+00,4.999999964715127199e+00,4.216428683192690485e+00
4.921999999999679964e+00,4.933803038172572819e+00,4.225628389212412017e+00,4.999999964715127199e+00,4.218377553438402039e+00
4.923999999999679744e+00,4.933398076133975962e+00,4.227571320804285548e+00,4.999999964715127199e+00,4.220326459488885185e+00
4.925999999999679524e+00,4.932985270537053601e+00,4.229514303615541593e+00,4.999999964715127199e+00,4.222275401269569350e+00
4.927999999999679304e+00,4.932564337200154192e+00,4.231457337515683648e+00,4.999999964715127199e+00,4.224224378708094640e+00
4.929999999999679083e+00,4.932134976345899702e+00,4.233400422373687633e+00,4.999999964715127199e+00,4.226173391731258278e+00
4.931999999999678863e+00,4.931696871436850316e+00,4.235343558060136182e+00,4.999999964715128087e+00,4.228122440267144455e+00
4.933999999999678643e+00,4.931249687907071078e+00,4.237286744446379316e+00,4.999999964715128087e+00,4.230071524244134018e+00
4.935999999999678423e+00,4.930793071766599311e+00,4.239229981406447578e+00,4.999999964715128087e+00,4.232020643592941056e+00
4.937999999999678202e+00,4.930326648071866380e+00,4.241173268812699959e+00,4.999999964715128087e+00,4.233969798242283034e+00
4.939999999999677982e+00,4.929850019239323089e+00,4.243116606540986879e+00,4.999999964715128087e+00,4.235918988123922979e+00
4.941999999999677762e+00,4.929362763188723129e+00,4.245059994468305398e+00,4.999999964715128087e+00,4.237868213170306930e+00
4.943999999999677541e+00,4.928864431290947756e+00,4.247003432471474049e+00,4.999999964715128087e+00,4.239817473313518548e+00
4.945999999999677321e+00,4.928354546095954802e+00,4.248946920429758300e+00,4.999999964715128087e+00,4.241766768487466699e+00
4.947999999999677101e+00,4.927832598815820475e+00,4.250890458223870461e+00,4.999999964715128087e+00,4.243716098627216660e+00
4.949999999999676881e+00,4.927298046521055852e+00,4.252834045735495394e+00,4.999999964715128087e+00,4.245665463668337303e+00
4.951999999999676660e+00,4.926750309022605911e+00,4.254777682848581932e+00,4.999999964715128087e+00,4.247614863548151654e+00
4.953999999999676440e+00,4.926188765385312252e+00,4.256721369448563053e+00,4.999999964715128087e+00,4.249564298205219970e+00
4.955999999999676220e+00,4.925612750029507936e+00,4.258665105422087649e+00,4.999999964715128087e+00,4.251513767578639857e+00
4.957999999999676000e+00,4.925021548347420008e+00,4.260608890657928249e+00,4.999999964715128087e+00,4.253463271609272844e+00
4.959999999999675779e+00,4.924414391774632804e+00,4.262552725048814217e+00,4.999999964715128087e+00,4.255412810241333332e+00
4.961999999999675559e+00,4.923790452226467274e+00,4.264496608485874418e+00,4.999999964715128087e+00,4.257362383417148344e+00
4.963999999999675339e+00,4.923148835794674660e+00,4.266440540865998443e+00,4.999999964715128087e+00,4.259311991084012483e+00
4.965999999999675119e+00,4.922488575594643478e+00,4.268384522086843269e+00,4.999999964715128087e+00,4.261261633189525888e+00
4.967999999999674898e+00,4.921808623604918331e+00,4.270328552049135418e+00,4.999999964715128087e+00,4.263211309683766714e+00
4.969999999999674678e+00,4.921107841345832234e+00,4.272272630658541459e+00,4.999999964715128087e+00,4.265161020521038182e+00
4.971999999999674458e+00,4.920384989170877965e+00,4.274216757820658685e+00,4.999999964715128087e+00,4.267110765655007576e+00
4.973999999999674237e+00,4.919638713932420693e+00,4.276160933448125867e+00,4.999999964715128087e+00,4.269060545045531008e+00
4.975999999999674017e+00,4.918867534713567302e+00,4.278105157454095142e+00,4.999999964715128087e+00,4.271010358652387318e+00
4.977999999999673797e+00,4.918069826234559905e+00,4.280049429760575563e+00,4.999999964715128087e+00,4.272960206443079834e+00
4.979999999999673577e+00,4.917243799493276057e+00,4.281993750290857825e+00,4.999999964715128087e+00,4.274910088385698970e+00
4.981999999999673356e+00,4.916387479043605957e+00,4.283938118975980203e+00,4.999999964715128087e+00,4.276860004454959174e+00
4.983999999999673136e+00,4.915498676194458127e+00,4.285882535752835842e+00,4.999999964715128087e+00,4.278809954630293788e+00
4.985999999999672916e+00,4.914574957222946239e+00,4.287827000565862079e+00,4.999999964715128087e+00,4.280759938897467087e+00
4.987999999999672696e+00,4.913613605436318643e+00,4.289771513368481948e+00,4.999999964715128087e+00,4.282709957249778654e+00
4.989999999999672475e+00,4.912611575620867477e+00,4.291716074121400659e+00,4.999999964715128087e+00,4.284660009686259485e+00
4.991999999999672255e+00,4.911565438928951366e+00,4.293660682799942840e+00,4.999999964715128087e+00,4.286610096218676169e+00
4.993999999999672035e+00,4.910471315743253129e+00,4.295605339389569011e+00,4.999999964715128087e+00,4.288560216866824426e+00
4.995999999999671815e+00,4.909324793193537317e+00,4.297550043893672900e+00,4.999999964715128087e+00,4.290510371666122147e+00
4.997999999999671594e+00,4.908120822933121019e+00,4.299494796331143398e+00,4.999999964715128087e+00,4.292460560664500768e+00
4.999999999999671374e+00,4.906853593230560584e+00,4.301439596744375926e+00,4.999999964715128087e+00,4.294410783930063147e+00
