time,v(v_in),v(out),v(c1),v(c2)
0.000000000000000000e+00,2.500000000000000000e+00,4.944836292452577275e+00,4.154832392886934400e+00,4.060094842344553534e+00
1.000000000000000021e-08,2.500125663706060930e+00,4.944843792754473277e+00,4.154118232948837530e+00,4.060955632148358418e+00
2.000000000000000042e-08,2.500251327411625812e+00,4.944842138944094856e+00,4.153001016237634957e+00,4.062385640984547130e+00
4.000000000000000084e-08,2.500502654819282800e+00,4.944838420286100877e+00,4.150333399410993884e+00,4.065901361574195683e+00
8.000000000000000167e-08,2.501005309606814997e+00,4.944847741885467052e+00,4.144096822474794273e+00,4.074580607797384069e+00
1.600000000000000033e-07,2.502010618959626065e+00,4.944953247360298398e+00,4.131576960941847787e+00,4.092478540150678690e+00
3.200000000000000067e-07,2.504021235887225583e+00,4.945469265482757670e+00,4.106558139779505900e+00,4.128069831894817021e+00
6.400000000000000134e-07,2.508042455518249003e+00,4.947387590667053914e+00,4.056837026020377657e+00,4.198694353621671205e+00
1.280000000000000027e-06,2.516084780987273284e+00,4.952590403148403375e+00,3.960580064010907009e+00,4.334644147934022307e+00
2.280000000000000193e-06,2.528650345017980250e+00,4.959824224813410787e+00,3.825808069262405908e+00,4.523004012939290774e+00
3.279999999999999936e-06,2.541214777982123252e+00,4.964911322921035541e+00,3.716716220553172967e+00,4.672653516057393652e+00
4.279999999999999679e-06,2.553777583857402167e+00,4.968198977625680968e+00,3.634083556718975760e+00,4.782730168234876622e+00
5.279999999999999422e-06,2.566338266685752600e+00,4.970242167183312354e+00,3.574054769687579292e+00,4.859191221780066350e+00
6.279999999999999165e-06,2.578896330592923558e+00,4.971534385782021559e+00,3.531169004480673390e+00,4.910214149910808068e+00
7.279999999999998908e-06,2.591451279808054675e+00,4.972382266269139706e+00,3.500353611109146001e+00,4.943349653487257633e+00
8.279999999999998651e-06,2.604002618683249004e+00,4.972963674536166501e+00,3.477629455279648507e+00,4.964499591926991862e+00
9.279999999999999241e-06,2.616549851713138253e+00,4.973377826378583499e+00,3.460179908004205718e+00,4.977844127997565593e+00
1.027999999999999983e-05,2.629092483554447579e+00,4.973685964263320436e+00,3.446095665698718502e+00,4.986210492342406653e+00
1.128000000000000042e-05,2.641630019045547950e+00,4.973925859329956012e+00,3.434143450967310773e+00,4.991428199199166471e+00
1.228000000000000101e-05,2.654161963226005394e+00,4.974122754849640948e+00,3.423523970989229337e+00,4.994678608596186287e+00
1.328000000000000160e-05,2.666687821356122701e+00,4.974291688987821480e+00,3.413742882497367681e+00,4.996695657439443217e+00
1.428000000000000219e-05,2.679207098936467801e+00,4.974443141041192895e+00,3.404480608850959822e+00,4.997950717066899529e+00
1.528000000000000278e-05,2.691719301727398594e+00,4.974582662170398351e+00,3.395547051983986986e+00,4.998726988848883224e+00
1.628000000000000337e-05,2.704223935768573561e+00,4.974714698657622058e+00,3.386815354874259665e+00,4.999211130334187736e+00
1.728000000000000396e-05,2.716720507398451723e+00,4.974841024232700804e+00,3.378214965051844487e+00,4.999509136031545786e+00
1.828000000000000455e-05,2.729208523273782383e+00,4.974963719864496703e+00,3.369694577522726497e+00,4.999696325462969604e+00
1.928000000000000514e-05,2.741687490389082438e+00,4.975083104397223011e+00,3.361229636148980848e+00,4.999810323796698874e+00
2.028000000000000573e-05,2.754156916096096808e+00,4.975200349020721724e+00,3.352798355899664351e+00,4.999883164077556508e+00
2.128000000000000632e-05,2.766616308123250434e+00,4.975315223485943683e+00,3.344393573395165298e+00,4.999926408333346117e+00
2.228000000000000691e-05,2.779065174595079402e+00,4.975428550355874613e+00,3.336005005178273031e+00,4.999955161229441281e+00
2.328000000000000750e-05,2.791503024051651405e+00,4.975539897081875829e+00,3.327631928266437278e+00,4.999971216118563433e+00
2.428000000000000809e-05,2.803929365467967116e+00,4.975649949308476927e+00,3.319268993848234928e+00,4.999982922375889594e+00
2.528000000000000868e-05,2.816343708273344681e+00,4.975758200509454277e+00,3.310917671117074246e+00,4.999988550156918343e+00
2.628000000000000927e-05,2.828745562370786448e+00,4.975865279611190850e+00,3.302574704368435032e+00,4.999993627068737290e+00
2.728000000000000986e-05,2.841134438156328379e+00,4.975970656282600935e+00,3.294242156314706182e+00,4.999995280253089369e+00
2.828000000000001045e-05,2.853509846538368144e+00,4.976074933271185330e+00,3.285917811054213988e+00,4.999997747780716040e+00
2.928000000000001104e-05,2.865871298956971902e+00,4.976177574997060482e+00,3.277603734733463448e+00,4.999997910545548763e+00
3.028000000000001163e-05,2.878218307403165088e+00,4.976279169455668949e+00,3.269298324536833444e+00,4.999999324492867103e+00
3.128000000000001222e-05,2.890550384438195231e+00,4.976379182753285946e+00,3.261003443698276882e+00,4.999998952040865419e+00
3.228000000000000942e-05,2.902867043212777443e+00,4.976478192484758978e+00,3.252717918245618733e+00,4.999999917599533994e+00
3.328000000000000663e-05,2.915167797486311940e+00,4.976575669041015004e+00,3.244443348357799017e+00,4.999999375806404522e+00
3.428000000000000383e-05,2.927452161646083351e+00,4.976672181323378297e+00,3.236178899455061764e+00,5.000000130825393185e+00
3.528000000000000103e-05,2.939719650726428046e+00,4.976767204973654657e+00,3.227925903370535199e+00,4.999999557905732139e+00
3.627999999999999823e-05,2.951969780427882828e+00,4.976861300915873976e+00,3.219683813134402772e+00,5.000000197841569793e+00
3.727999999999999543e-05,2.964202067136302521e+00,4.976953950392505988e+00,3.211453706844852540e+00,4.999999644483474448e+00
3.827999999999999263e-05,2.976416027941952702e+00,4.977045706692970306e+00,3.203235289370990113e+00,5.000000209408105079e+00
3.927999999999998984e-05,2.988611180658574895e+00,4.977136056773983519e+00,3.195029405930922550e+00,4.999999692415147301e+00
4.027999999999998704e-05,3.000787043842421120e+00,4.977225546494242536e+00,3.186835984702371061e+00,5.000000200554268304e+00
4.127999999999998424e-05,3.012943136811260914e+00,4.977313668544961267e+00,3.178655660333002064e+00,4.999999723969978049e+00
4.227999999999998144e-05,3.025078979663359036e+00,4.977400961503924748e+00,3.170488559787520977e+00,5.000000184917804624e+00
4.327999999999997864e-05,3.037194093296418984e+00,4.977486923779253836e+00,3.162335128762241432e+00,4.999999747982450060e+00
4.427999999999997585e-05,3.049287999426499418e+00,4.977572086799411544e+00,3.154195671016120972e+00,5.000000167684650165e+00
4.527999999999997305e-05,3.061360220606893723e+00,4.977655954652602688e+00,3.146070463734722544e+00,4.999999768025707780e+00
4.627999999999997025e-05,3.073410280246981596e+00,4.977739051742249288e+00,3.137959967397726313e+00,5.000000150838516788e+00
4.727999999999996745e-05,3.085437702631041113e+00,4.977820887791803983e+00,3.129864309956312152e+00,4.999999785556034304e+00
4.827999999999996465e-05,3.097442012937030142e+00,4.977901980299050955e+00,3.121784089928335337e+00,5.000000135002642843e+00
4.927999999999996186e-05,3.109422737255333136e+00,4.977981844572465064e+00,3.113719303708772479e+00,4.999999801256921117e+00
5.027999999999995906e-05,3.121379402607468379e+00,4.978060991323219220e+00,3.105670671321175025e+00,5.000000120422080307e+00
5.127999999999995626e-05,3.133311536964760613e+00,4.978138941387479477e+00,3.097638073859343866e+00,4.999999815418910920e+00
5.227999999999995346e-05,3.145218669266976352e+00,4.978216198807568382e+00,3.089622336972309480e+00,5.000000107043628184e+00
5.327999999999995066e-05,3.157100329440921005e+00,4.978292289890485556e+00,3.081623241875441455e+00,4.999999828286260772e+00
5.427999999999994787e-05,3.168956048418995142e+00,4.978367712124526001e+00,3.073641705675724811e+00,5.000000094834887499e+00
5.527999999999994507e-05,3.180785358157713905e+00,4.978441997223901794e+00,3.065677423793050416e+00,4.999999840003640728e+00
5.627999999999994227e-05,3.192587791656183782e+00,4.978515636238189934e+00,3.057731391790952546e+00,5.000000083664037476e+00
5.727999999999993947e-05,3.204362882974539417e+00,4.978588166221640243e+00,3.049803232877204451e+00,4.999999850686425162e+00
5.827999999999993667e-05,3.216110167252337781e+00,4.978660071894156935e+00,3.041894010291395833e+00,5.000000073480393326e+00
5.927999999999993387e-05,3.227829180726910163e+00,4.978730895573297843e+00,3.034003289370983847e+00,4.999999860392335904e+00
6.027999999999993108e-05,3.239519460751670188e+00,4.978801115740663974e+00,3.026132194853769164e+00,5.000000064235928576e+00
6.127999999999992828e-05,3.251180545814380096e+00,4.978870279866047355e+00,3.018280255975980708e+00,4.999999869252357954e+00
6.227999999999992548e-05,3.262811975555368171e+00,4.978938860215857964e+00,3.010448670442626540e+00,5.000000055765192464e+00
6.327999999999992268e-05,3.274413290785704866e+00,4.979006409160936286e+00,3.002636987464556650e+00,4.999999877345850940e+00
6.427999999999991988e-05,3.285984033505329194e+00,4.979073392484231420e+00,2.994846563453905208e+00,5.000000048076094217e+00
6.527999999999991709e-05,3.297523746921131149e+00,4.979139366609255823e+00,2.987077175825505027e+00,4.999999884702877928e+00
6.627999999999991429e-05,3.309031975464983510e+00,4.979204789339092052e+00,2.979330744196871716e+00,5.000000041057861111e+00
6.727999999999991149e-05,3.320508264811729671e+00,4.979269217773157230e+00,2.971608141337914510e+00,4.999999891389691697e+00
6.827999999999990869e-05,3.331952161897115960e+00,4.979333095052982827e+00,2.963913616743786061e+00,5.000000034645837310e+00
6.927999999999990589e-05,3.343363214935680894e+00,4.979395965034520977e+00,2.956252773197014960e+00,4.999999897505766455e+00
7.027999999999990310e-05,3.354740973438589347e+00,4.979458228661810537e+00,2.948639271059649403e+00,5.000000028821454556e+00
7.127999999999990030e-05,3.366084988231417441e+00,4.979519361235116293e+00,2.941098533080646060e+00,4.999999903099825893e+00
7.227999999999989750e-05,3.377394811471885028e+00,4.979579608631784282e+00,2.933683522850373926e+00,5.000000023481638856e+00
7.327999999999989470e-05,3.388669996667536655e+00,4.979638160883621545e+00,2.926493343828483695e+00,4.999999908159889372e+00
7.427999999999989190e-05,3.399910098693366134e+00,4.979694729322302393e+00,2.919707979184881008e+00,5.000000018584876749e+00
7.527999999999988910e-05,3.411114673809392261e+00,4.979747634915430154e+00,2.913611376524657626e+00,4.999999912717028927e+00
7.627999999999988631e-05,3.422283279678175028e+00,4.979795380108920533e+00,2.908575087073161480e+00,5.000000014100415058e+00
7.727999999999988351e-05,3.433415475382277204e+00,4.979835077921338282e+00,2.904977590979895385e+00,4.999999916906880060e+00
7.827999999999988071e-05,3.444510821441674864e+00,4.979864685194188567e+00,2.903035289186733259e+00,5.000000010062773725e+00
7.927999999999987791e-05,3.455568879831103946e+00,4.979882171086329024e+00,2.902781240568504728e+00,4.999999920723864122e+00
8.027999999999987511e-05,3.466589213997353092e+00,4.979887520869502815e+00,2.904061185771319664e+00,5.000000006425686649e+00
8.127999999999987232e-05,3.477571388876499192e+00,4.979880956761514099e+00,2.906717911662234144e+00,4.999999924271448570e+00
8.227999999999986952e-05,3.488514970911083424e+00,4.979863913734370762e+00,2.910544113201113614e+00,5.000000003174451813e+00
8.327999999999986672e-05,3.499419528067224228e+00,4.979837356065483611e+00,2.915305545297247836e+00,4.999999927470716976e+00
8.427999999999986392e-05,3.510284629851677440e+00,4.979803221926085044e+00,2.920820437893090649e+00,5.000000000179907644e+00
8.527999999999986112e-05,3.521109847328828479e+00,4.979762431858087979e+00,2.926941204127571083e+00,4.999999930356501032e+00
8.627999999999985833e-05,3.531894753137627241e+00,4.979716497773274853e+00,2.933551783219239262e+00,4.999999997472749591e+00
8.727999999999985553e-05,3.542638921508458605e+00,4.979665889966137016e+00,2.940560009890127890e+00,4.999999933014896314e+00
8.827999999999985273e-05,3.553341928279952988e+00,4.979611717686186267e+00,2.947892698878138429e+00,4.999999995000725228e+00
8.927999999999984993e-05,3.564003350915728507e+00,4.979554123244184005e+00,2.955491516264056706e+00,4.999999935412167140e+00
9.027999999999984713e-05,3.574622768521075855e+00,4.979493955334458377e+00,2.963309562746951453e+00,4.999999992728551668e+00
9.127999999999984434e-05,3.585199761859571232e+00,4.979431151923030541e+00,2.971308936248240773e+00,4.999999937560912322e+00
9.227999999999984154e-05,3.595733913369627555e+00,4.979366403409160036e+00,2.979458633554055158e+00,4.999999990628891666e+00
9.327999999999983874e-05,3.606224807180981262e+00,4.979299524083437234e+00,2.987733183071101806e+00,4.999999939557908668e+00
9.427999999999983594e-05,3.616672029131107635e+00,4.979231108923040772e+00,2.996111362837974745e+00,4.999999988762715120e+00
9.527999999999983314e-05,3.627075166781572602e+00,4.979160896632048861e+00,3.004575455144488760e+00,4.999999941376903401e+00
9.627999999999983034e-05,3.637433809434314824e+00,4.979089423728280117e+00,3.013110431503794651e+00,4.999999987029188908e+00
9.727999999999982755e-05,3.647747548147859398e+00,4.979016381479927311e+00,3.021703560690158330e+00,4.999999943032478633e+00
9.827999999999982475e-05,3.658015975753461824e+00,4.978942269703713563e+00,3.030343859948016583e+00,4.999999985453133178e+00
9.927999999999982195e-05,3.668238686871181820e+00,4.978866748923086227e+00,3.039021905874419005e+00,4.999999944537900198e+00
1.002799999999998192e-04,3.678415277925889626e+00,4.978790295328718862e+00,3.047729440107944665e+00,4.999999983979196649e+00
1.012799999999998164e-04,3.688545347163195043e+00,4.978712548845271257e+00,3.056459299157060272e+00,4.999999945946311364e+00
1.022799999999998136e-04,3.698628494665309852e+00,4.978633970114376694e+00,3.065205112040366053e+00,4.999999982677775456e+00
1.032799999999998108e-04,3.708664322366836075e+00,4.978554184811260441e+00,3.073961301690559367e+00,4.999999947187033555e+00
1.042799999999998080e-04,3.718652434070480517e+00,4.978473643168840113e+00,3.082722838905739504e+00,4.999999981494945622e+00
1.052799999999998052e-04,3.728592435462694255e+00,4.978391960703191899e+00,3.091485287966532436e+00,4.999999948354908241e+00
1.062799999999998024e-04,3.738483934129243735e+00,4.978309580606415707e+00,3.100244596095179439e+00,4.999999980378378339e+00
1.072799999999997996e-04,3.748326539570697946e+00,4.978226110948248184e+00,3.108997167082333313e+00,4.999999949376859654e+00
1.082799999999997968e-04,3.758119863217846746e+00,4.978141990148013285e+00,3.117739673782327525e+00,4.999999979360349123e+00
1.092799999999997940e-04,3.767863518447042814e+00,4.978056820677188021e+00,3.126469149892890265e+00,4.999999950343954502e+00
1.102799999999997912e-04,3.777557120595459672e+00,4.977971037747972005e+00,3.135182817808188194e+00,4.999999978473020690e+00
1.112799999999997884e-04,3.787200286976283969e+00,4.977884239527011090e+00,3.143878192403558813e+00,4.999999951224108230e+00
1.122799999999997856e-04,3.796792636893818962e+00,4.977796859126507378e+00,3.152552919414502774e+00,4.999999977626100822e+00
1.132799999999997828e-04,3.806333791658513377e+00,4.977708491333928009e+00,3.161204887284559284e+00,4.999999951984018587e+00
1.142799999999997800e-04,3.815823374601915230e+00,4.977619567961228952e+00,3.169832072945978574e+00,4.999999976852910422e+00
1.152799999999997772e-04,3.825261011091537711e+00,4.977529681097356828e+00,3.178432659165360885e+00,4.999999952712946616e+00
1.162799999999997744e-04,3.834646328545653127e+00,4.977439261843173313e+00,3.187004885656306907e+00,4.999999976187901929e+00
1.172799999999997716e-04,3.843978956447998030e+00,4.977347900099005962e+00,3.195547170200653042e+00,4.999999953417458620e+00
1.182799999999997688e-04,3.853258526362402847e+00,4.977256026697754798e+00,3.204057963707141354e+00,4.999999975543785169e+00
1.192799999999997660e-04,3.862484671947337134e+00,4.977163229743260864e+00,3.212535873944184051e+00,4.999999954020122317e+00
1.202799999999997632e-04,3.871657028970370007e+00,4.977069940138283854e+00,3.220979523585303816e+00,4.999999974956646831e+00
1.212799999999997604e-04,3.880775235322551531e+00,4.976975744498503218e+00,3.229387675732297680e+00,4.999999954567240223e+00
1.222799999999997576e-04,3.889838931032709279e+00,4.976881074058784549e+00,3.237759094288003237e+00,4.999999974420802573e+00
1.232799999999997548e-04,3.898847758281655196e+00,4.976785514195844584e+00,3.246092670705274408e+00,4.999999955064338586e+00
1.242799999999997520e-04,3.907801361416314734e+00,4.976689496681817815e+00,3.254387286205805196e+00,4.999999973931530839e+00
1.252799999999997492e-04,3.916699386963767626e+00,4.976592605859708307e+00,3.262641939340191310e+00,4.999999955515988859e+00
1.262799999999997464e-04,3.925541483645201168e+00,4.976495274203434960e+00,3.270855609712881584e+00,4.999999973484561266e+00
1.272799999999997436e-04,3.934327302389778680e+00,4.976397085195873871e+00,3.279027386070528571e+00,4.999999955967136422e+00
1.282799999999997408e-04,3.943056496348419149e+00,4.976298472145149532e+00,3.287156331273762166e+00,4.999999973076924675e+00
1.292799999999997380e-04,3.951728720907492054e+00,4.976199017822724002e+00,3.295241610685567757e+00,4.999999956338586848e+00
1.302799999999997352e-04,3.960343633702422039e+00,4.976099156480066732e+00,3.303282358219134185e+00,4.999999972705063911e+00
1.312799999999997324e-04,3.968900894631201659e+00,4.975998470309533239e+00,3.311277804861275875e+00,4.999999956675557300e+00
1.322799999999997296e-04,3.977400165867822857e+00,4.975897394594640311e+00,3.319227145650066380e+00,4.999999972364760126e+00
1.332799999999997268e-04,3.985841111875609855e+00,4.975795511068658250e+00,3.327129668224680703e+00,4.999999957022464692e+00
1.342799999999997240e-04,3.994223399420467224e+00,4.975693256120800712e+00,3.334984620615424777e+00,4.999999972054008701e+00
1.352799999999997212e-04,4.002546697584035584e+00,4.975590211134433005e+00,3.342791339730027289e+00,4.999999957299163356e+00
1.362799999999997184e-04,4.010810677776755817e+00,4.975486813666661234e+00,3.350549119881145899e+00,4.999999971770149543e+00
1.372799999999997156e-04,4.019015013750839138e+00,4.975382644853772796e+00,3.358257341133140450e+00,4.999999957590798516e+00
1.382799999999997128e-04,4.027159381613151012e+00,4.975278143473254033e+00,3.365915338506480392e+00,4.999999971510683316e+00
1.392799999999997100e-04,4.035243459837991153e+00,4.975172890510315860e+00,3.373522530130363517e+00,4.999999957817242269e+00
1.402799999999997072e-04,4.043266929279795363e+00,4.975067326006739954e+00,3.381078287072505351e+00,4.999999971273402899e+00
1.412799999999997044e-04,4.051229473185728125e+00,4.974961030890281855e+00,3.388582061261002476e+00,4.999999958063177985e+00
1.422799999999997016e-04,4.059130777208189045e+00,4.974854446503926830e+00,3.396033255892171088e+00,4.999999971056243275e+00
1.432799999999996988e-04,4.066970529417226032e+00,4.974747153807683731e+00,3.403431353094971357e+00,4.999999958288863233e+00
1.442799999999996960e-04,4.074748420312843677e+00,4.974639595476362253e+00,3.410775784886807660e+00,4.999999970858296727e+00
1.452799999999996932e-04,4.082464142837229915e+00,4.974531352590067179e+00,3.418066060552879204e+00,4.999999958454847793e+00
1.462799999999996904e-04,4.090117392386869000e+00,4.974422869180856743e+00,3.425301638120781256e+00,4.999999970676910266e+00
1.472799999999996876e-04,4.097707866824574552e+00,4.974313726535526392e+00,3.432482051437240056e+00,4.999999958645789278e+00
1.482799999999996848e-04,4.105235266491410684e+00,4.974204370063458391e+00,3.439606782142908159e+00,4.999999970510512703e+00
1.492799999999996820e-04,4.112699294218529644e+00,4.974094381342782256e+00,3.446675386431913957e+00,4.999999958821446988e+00
1.502799999999996792e-04,4.120099655338895772e+00,4.973984207175844219e+00,3.453687367502590977e+00,4.999999970358663504e+00
1.512799999999996764e-04,4.127436057698924188e+00,4.973873429516100231e+00,3.460642301993171355e+00,4.999999958941916844e+00
1.522799999999996737e-04,4.134708211670011124e+00,4.973762496570645730e+00,3.467539712893442871e+00,4.999999970219141332e+00
1.532799999999996709e-04,4.141915830159971001e+00,4.973650990750512868e+00,3.474379195648714447e+00,4.999999959091441681e+00
1.542799999999996681e-04,4.149058628624366030e+00,4.973539361674388815e+00,3.481160291514051153e+00,4.999999970090762247e+00
1.552799999999996653e-04,4.156136325077743443e+00,4.973427192292968257e+00,3.487882613319526204e+00,4.999999959229407764e+00
1.562799999999996625e-04,4.163148640104767040e+00,4.973314933638868673e+00,3.494545719266722639e+00,4.999999969973433878e+00
1.572799999999996597e-04,4.170095296871244805e+00,4.973202169283822194e+00,3.501149238343510994e+00,4.999999959315566400e+00
1.582799999999996569e-04,4.176976021135064165e+00,4.973089351671963421e+00,3.507692744545864105e+00,4.999999969865255522e+00
1.592799999999996541e-04,4.183790541257011775e+00,4.972976065076029961e+00,3.514175881947353641e+00,4.999999959433856667e+00
1.602799999999996513e-04,4.190538588211500937e+00,4.972862763345076154e+00,3.520598239336812707e+00,4.999999969765337227e+00
1.612799999999996485e-04,4.197219895597194217e+00,4.972749031530821817e+00,3.526959474939177497e+00,4.999999959543375283e+00
1.622799999999996457e-04,4.203834199647515035e+00,4.972635324876828911e+00,3.533259191460756732e+00,4.999999969633052821e+00
1.632799999999996429e-04,4.210381239241065998e+00,4.972521229289963429e+00,3.539497060457547750e+00,4.999999959643514735e+00
1.642799999999996401e-04,4.216860755911932657e+00,4.972407201391366272e+00,3.545672697785098304e+00,4.999999969550605883e+00
1.652799999999996373e-04,4.223272493859891341e+00,4.972292828018152200e+00,3.551785787612245837e+00,4.999999959694255480e+00
1.662799999999996345e-04,4.229616199960508638e+00,4.972178567147875761e+00,3.557835958266973186e+00,4.999999969474584027e+00
1.672799999999996317e-04,4.235891623775128956e+00,4.972064006620310117e+00,3.563822905899865834e+00,4.999999959780256908e+00
1.682799999999996289e-04,4.242098517560765281e+00,4.971949605741448508e+00,3.569746270715828729e+00,4.999999969403861932e+00
1.692799999999996261e-04,4.248236636279878908e+00,4.971834953423434733e+00,3.575605760289824353e+00,4.999999959860354615e+00
1.702799999999996233e-04,4.254305737610051708e+00,4.971720510266742110e+00,3.581401026176511238e+00,4.999999969338884576e+00
1.712799999999996205e-04,4.260305581953557130e+00,4.971605866323282719e+00,3.587131786881762707e+00,4.999999959934593008e+00
1.722799999999996177e-04,4.266235932446813095e+00,4.971491483448306603e+00,3.592797704849024054e+00,4.999999969279141254e+00
1.732799999999996149e-04,4.272096554969735394e+00,4.971376952895085743e+00,3.598398509075608320e+00,4.999999960003474797e+00
1.742799999999996121e-04,4.277887218154983628e+00,4.971262737727056624e+00,3.603933872478092049e+00,4.999999969224150576e+00
1.752799999999996093e-04,4.283607693397089022e+00,4.971148430458399936e+00,3.609403534161533589e+00,4.999999960026674906e+00
1.762799999999996065e-04,4.289257754861485417e+00,4.971034495305704404e+00,3.614807177150027417e+00,4.999999969172563397e+00
1.772799999999996037e-04,4.294837179493419477e+00,4.970920526097584613e+00,3.620144550310501419e+00,4.999999960087577300e+00
1.782799999999996009e-04,4.300345747026760534e+00,4.970806988142014937e+00,3.625415346448924492e+00,4.999999969124014676e+00
1.792799999999995981e-04,4.305783239992694966e+00,4.970693476631552699e+00,3.630619323887441130e+00,4.999999960144773326e+00
1.802799999999995953e-04,4.311149443728310438e+00,4.970580457894254955e+00,3.635756184922168011e+00,4.999999969079157225e+00
1.812799999999995925e-04,4.316444146385071789e+00,4.970467528529244561e+00,3.640825697060459554e+00,4.999999960198099558e+00
1.822799999999995897e-04,4.321667138937185015e+00,4.970355155805439296e+00,3.645827571828830660e+00,4.999999969037676628e+00
1.832799999999995869e-04,4.326818215189846661e+00,4.970242937765583235e+00,3.650761585673376164e+00,4.999999960247889952e+00
1.842799999999995841e-04,4.331897171787385759e+00,4.970131342530598850e+00,3.655627459119811018e+00,4.999999968958459995e+00
1.852799999999995813e-04,4.336903808221293843e+00,4.970019969616623179e+00,3.660424977335702490e+00,4.999999960293539658e+00
1.862799999999995785e-04,4.341837926838135964e+00,4.969909287897967154e+00,3.665153869640506379e+00,4.999999968924180749e+00
1.872799999999995757e-04,4.346699332847358654e+00,4.969798898386404318e+00,3.669813929728419577e+00,4.999999960294559287e+00
1.882799999999995729e-04,4.351487834328976234e+00,4.969689270600811781e+00,3.674404895524090442e+00,4.999999968891876811e+00
1.892799999999995701e-04,4.356203242241148743e+00,4.969580007063342464e+00,3.678926569074425057e+00,4.999999960335175686e+00
1.902799999999995673e-04,4.360845370427647083e+00,4.969471577817686558e+00,3.683378696744415315e+00,4.999999968860831423e+00
1.912799999999995645e-04,4.365414035625199141e+00,4.969363586902785457e+00,3.687761088777157248e+00,4.999999960373838093e+00
1.922799999999995617e-04,4.369909057470724001e+00,4.969256504757264992e+00,3.692073499828265160e+00,4.999999968831859931e+00
1.932799999999995589e-04,4.374330258508457803e+00,4.969149936933221490e+00,3.696315748196424611e+00,4.999999960410224986e+00
1.942799999999995561e-04,4.378677464196952585e+00,4.969044354122205576e+00,3.700487596692231040e+00,4.999999968804794470e+00
1.952799999999995533e-04,4.382950502915972990e+00,4.968939363378891194e+00,3.704588871544794770e+00,4.999999960444524660e+00
1.962799999999995505e-04,4.387149205973265076e+00,4.968835435495085662e+00,3.708619343600771945e+00,4.999999968779456516e+00
1.972799999999995477e-04,4.391273407611222979e+00,4.968732179004581972e+00,3.712578846906028129e+00,4.999999960476912086e+00
1.982799999999995449e-04,4.395322945013425908e+00,4.968630064635351395e+00,3.716467160233759337e+00,4.999999968755687973e+00
1.992799999999995421e-04,4.399297658311073889e+00,4.968528702370969441e+00,3.720284125345628912e+00,4.999999960507549801e+00
2.002799999999995393e-04,4.403197390589289384e+00,4.968428562698004924e+00,3.724029528843793457e+00,4.999999968733343181e+00
2.012799999999995365e-04,4.407021987893321224e+00,4.968329257008332611e+00,3.727703220113027349e+00,4.999999960536584354e+00
2.022799999999995337e-04,4.410771299234614418e+00,4.968231255360805676e+00,3.731304993497336575e+00,4.999999968712293352e+00
2.032799999999995309e-04,4.414445176596778708e+00,4.968134170503848424e+00,3.734834705922589038e+00,4.999999960564146306e+00
2.042799999999995281e-04,4.418043474941426574e+00,4.968038471870136696e+00,3.738292159394321246e+00,4.999999968692415031e+00
2.052799999999995254e-04,4.421566052213900200e+00,4.967943773504448046e+00,3.741677218307580155e+00,4.999999960549562417e+00
2.062799999999995226e-04,4.425012769348880326e+00,4.967850544002725854e+00,3.744989692258439362e+00,4.999999968631894554e+00
2.072799999999995198e-04,4.428383490275876078e+00,4.967758398636010320e+00,3.748229453041745707e+00,4.999999960574991853e+00
2.082799999999995170e-04,4.431678081924597556e+00,4.967667804943338261e+00,3.751396317780752110e+00,4.999999968613623835e+00
2.092799999999995142e-04,4.434896414230207640e+00,4.967578379343679629e+00,3.754490165610480101e+00,4.999999960598769277e+00
2.102799999999995114e-04,4.438038360138456540e+00,4.967490588089035874e+00,3.757510821124197875e+00,4.999999968596737787e+00
2.112799999999995086e-04,4.441103795610700899e+00,4.967404048657791726e+00,3.760458170743826933e+00,4.999999960621495099e+00
2.122799999999995058e-04,4.444092599628795881e+00,4.967319225776529734e+00,3.763332046477398052e+00,4.999999968580647547e+00
2.132799999999995030e-04,4.447004654199878004e+00,4.967235737887553348e+00,3.766132341985980236e+00,4.999999960643271457e+00
2.142799999999995002e-04,4.449839844361017427e+00,4.967154047944458028e+00,3.768858896648698664e+00,4.999999968565279396e+00
2.152799999999994974e-04,4.452598058183763641e+00,4.967073775251467538e+00,3.771511611320952362e+00,4.999999960664174736e+00
2.162799999999994946e-04,4.455279186778554390e+00,4.966995380735888865e+00,3.774090332707696671e+00,4.999999968550567608e+00
2.172799999999994918e-04,4.457883124299026889e+00,4.966918484454542870e+00,3.776594968822137410e+00,4.999999960684277767e+00
2.182799999999994890e-04,4.460409767946183379e+00,4.966843545049030695e+00,3.779025373656831999e+00,4.999999968536454453e+00
2.192799999999994862e-04,4.462859017972461650e+00,4.966770183215745149e+00,3.781381462345211553e+00,4.999999960703645385e+00
2.202799999999994834e-04,4.465230777685662567e+00,4.966698855047041228e+00,3.783663096135661430e+00,4.999999968522885752e+00
2.212799999999994806e-04,4.467524953452775449e+00,4.966629181762367118e+00,3.785870197250736702e+00,4.999999960722337988e+00
2.222799999999994778e-04,4.469741454703667571e+00,4.966561616638469623e+00,3.788002634162676685e+00,4.999999968509813542e+00
2.232799999999994750e-04,4.471880193934666181e+00,4.966495781298616130e+00,3.790060336154043696e+00,4.999999960740410643e+00
2.242799999999994722e-04,4.473941086712007298e+00,4.966432125938106346e+00,3.792043178894110689e+00,4.999999968497197855e+00
2.252799999999994694e-04,4.475924051675173487e+00,4.966370272464222246e+00,3.793951098701872748e+00,4.999999960757912199e+00
2.262799999999994666e-04,4.477829010540103738e+00,4.966310667724083139e+00,3.795783978417064830e+00,4.999999968484997837e+00
2.272799999999994638e-04,4.479655888102284322e+00,4.966252933792375757e+00,3.797541761371578506e+00,4.999999960774888841e+00
2.282799999999994610e-04,4.481404612239715313e+00,4.966197513904887728e+00,3.799224337555745734e+00,4.999999968473178846e+00
2.292799999999994582e-04,4.483075113915764298e+00,4.966144030188623049e+00,3.800831657294944321e+00,4.999999960791386755e+00
2.302799999999994554e-04,4.484667327181883323e+00,4.966092922009694988e+00,3.802363617707382737e+00,4.999999968461709798e+00
2.312799999999994526e-04,4.486181189180220130e+00,4.966043811436933630e+00,3.803820176094488303e+00,4.999999960766642992e+00
2.322799999999994498e-04,4.487616640146095293e+00,4.965997133716919976e+00,3.805201236688443345e+00,4.999999968449654553e+00
2.332799999999994470e-04,4.488973623410362990e+00,4.965952510756434179e+00,3.806506763749191169e+00,4.999999960783652497e+00
2.342799999999994442e-04,4.490252085401645665e+00,4.965910373440630465e+00,3.807736668603951546e+00,4.999999968437019326e+00
2.352799999999994414e-04,4.491451975648454109e+00,4.965870343419764410e+00,3.808890922460530071e+00,4.999999960800653120e+00
2.362799999999994386e-04,4.492573246781176977e+00,4.965832846985809290e+00,3.809969443729963157e+00,4.999999968424799768e+00
2.372799999999994358e-04,4.493615854533947740e+00,4.965797505447548055e+00,3.810972210553007056e+00,4.999999960817162581e+00
2.382799999999994330e-04,4.494579757746398840e+00,4.965764740287153423e+00,3.811899148412328131e+00,4.999999968412986107e+00
2.392799999999994302e-04,4.495464918365282614e+00,4.965734172399442592e+00,3.812750242372116016e+00,4.999999960833217294e+00
2.402799999999994274e-04,4.496271301445971424e+00,4.965706218253362003e+00,3.813525424976236700e+00,4.999999968360750557e+00
2.412799999999994246e-04,4.496998875153843223e+00,4.965680498270497623e+00,3.814224688204206348e+00,4.999999960847947733e+00
2.422799999999994218e-04,4.497647610765534765e+00,4.965657423721456354e+00,3.814847971652054692e+00,4.999999968351018786e+00
2.432799999999994190e-04,4.498217482670072265e+00,4.965636614509742586e+00,3.815395274207442622e+00,4.999999960861424952e+00
2.442799999999994433e-04,4.498708468369891023e+00,4.965618476539620296e+00,3.815866542511582971e+00,4.999999968341969137e+00
2.452799999999994676e-04,4.499120548481716497e+00,4.965602629169796778e+00,3.816261782353288279e+00,4.999999960874699667e+00
2.462799999999994919e-04,4.499453706737329028e+00,4.965589472790321146e+00,3.816580947412680391e+00,4.999999968333066924e+00
2.472799999999995163e-04,4.499707929984213983e+00,4.965578626204015578e+00,3.816824050377223720e+00,4.999999960887814510e+00
2.482799999999995406e-04,4.499883208186070682e+00,4.965570484159445463e+00,3.816991051960363812e+00,4.999999968324297939e+00
2.492799999999995649e-04,4.499979534423217409e+00,4.965564664912553106e+00,3.817081971744197055e+00,4.999999960900788132e+00
2.502799999999995892e-04,4.499996904892857863e+00,4.965561557465351328e+00,3.817096777474924263e+00,4.999999968315657739e+00
2.512799999999996135e-04,4.499935318909237481e+00,4.965560779552843584e+00,3.817035495625037189e+00,4.999999960913633856e+00
2.522799999999996378e-04,4.499794778903662973e+00,4.965562714347347750e+00,3.816898100969126517e+00,4.999999968307143661e+00
2.532799999999996621e-04,4.499575290424415286e+00,4.965566979110462853e+00,3.816684626873129815e+00,4.999999960926364118e+00
2.542799999999996864e-04,4.499276862136522226e+00,4.965573951124823360e+00,3.816395055138249948e+00,4.999999968298752151e+00
2.552799999999997107e-04,4.498899505821423617e+00,4.965583247243491982e+00,3.816029426021968263e+00,4.999999960938993127e+00
2.562799999999997350e-04,4.498443236376498788e+00,4.965595238822944957e+00,3.815587728355097408e+00,4.999999968290478769e+00
2.572799999999997593e-04,4.497908071814483932e+00,4.965609542391932862e+00,3.815070009288385133e+00,4.999999960951534206e+00
2.582799999999997836e-04,4.497294033262761559e+00,4.965626523367026479e+00,3.814476264683395623e+00,4.999999968282320850e+00
2.592799999999998079e-04,4.496601144962520280e+00,4.965645798056764981e+00,3.813806548587010514e+00,4.999999960963999790e+00
2.602799999999998322e-04,4.495829434267804459e+00,4.965667725944716615e+00,3.813060863892858254e+00,4.999999968274281947e+00
2.612799999999998565e-04,4.494978931644431519e+00,4.965691923241027261e+00,3.812239271548777175e+00,4.999999960976399649e+00
2.622799999999998809e-04,4.494049670668788465e+00,4.965718743527413714e+00,3.811341781486895730e+00,4.999999968266358508e+00
2.632799999999999052e-04,4.493041688026507607e+00,4.965747803052873444e+00,3.810368461558362618e+00,4.999999960988747105e+00
2.642799999999999295e-04,4.491955023511017053e+00,4.965779449546870339e+00,3.809319328740321531e+00,4.999999968258546978e+00
2.652799999999999538e-04,4.490789720021971299e+00,4.965813299453187390e+00,3.808194457797529964e+00,4.999999961001051929e+00
2.662799999999999781e-04,4.489545823563557470e+00,4.965849694718915686e+00,3.806993872755763064e+00,4.999999968250850024e+00
2.672800000000000024e-04,4.488223383242677222e+00,4.965888252149255777e+00,3.805717655299949875e+00,4.999999960972524526e+00
2.682800000000000267e-04,4.486822451267010514e+00,4.965929307998762532e+00,3.804365836515978927e+00,4.999999968242359039e+00
2.692800000000000510e-04,4.485343082942952364e+00,4.965972479615880175e+00,3.802938505019345161e+00,4.999999960986132308e+00
2.702800000000000753e-04,4.483785336673431487e+00,4.966018097665006792e+00,3.801435698963593346e+00,4.999999968233105996e+00
2.712800000000000996e-04,4.482149273955603697e+00,4.966065780231099680e+00,3.799857513907540341e+00,4.999999961000088256e+00
2.722800000000001239e-04,4.480434959378423621e+00,4.966115852508871775e+00,3.798203995086265827e+00,4.999999968224109637e+00
2.732800000000001482e-04,4.478642460620093857e+00,4.966167933520042155e+00,3.796475245012186139e+00,4.999999961013887884e+00
2.742800000000001725e-04,4.476771848445398660e+00,4.966222343121622806e+00,3.794671316015406415e+00,4.999999968215379731e+00
2.752800000000001968e-04,4.474823196702901740e+00,4.966278701482553792e+00,3.792792317579365857e+00,4.999999961027548068e+00
2.762800000000002212e-04,4.472796582322038361e+00,4.966337323263767978e+00,3.790838309145244889e+00,4.999999968206906509e+00
2.772800000000002455e-04,4.470692085310073338e+00,4.966397829995855773e+00,3.788809407182632594e+00,4.999999961041089236e+00
2.782800000000002698e-04,4.468509788748945333e+00,4.966460531297346215e+00,3.786705678261793828e+00,4.999999968157879948e+00
2.792800000000002941e-04,4.466249778791986813e+00,4.966525050277159181e+00,3.784527245859188316e+00,4.999999961053621433e+00
2.802800000000003184e-04,4.463912144660519665e+00,4.966591691670627640e+00,3.782274183694099623e+00,4.999999968151242591e+00
2.812800000000003427e-04,4.461496978640338007e+00,4.966660080384402320e+00,3.779946622271999956e+00,4.999999961065200615e+00
2.822800000000003670e-04,4.459004376078060439e+00,4.966730516435984732e+00,3.777544642484198523e+00,4.999999968145193208e+00
2.832800000000003913e-04,4.456434435377367720e+00,4.966802626747694127e+00,3.775068381889952196e+00,4.999999961076857957e+00
2.842800000000004156e-04,4.453787257995118765e+00,4.966876706787306084e+00,3.772517928577613588e+00,4.999999968139213102e+00
2.852800000000004399e-04,4.451062948437344957e+00,4.966952385709758389e+00,3.769893427187762214e+00,4.999999961088622769e+00
2.862800000000004642e-04,4.448261614255120122e+00,4.967029954603301434e+00,3.767194973035736361e+00,4.999999968133296946e+00
2.872800000000004885e-04,4.445383366040323025e+00,4.967109045067328310e+00,3.764422717873532331e+00,4.999999961100495049e+00
2.882800000000005128e-04,4.442428317421264872e+00,4.967189943980300448e+00,3.761576764276530760e+00,4.999999968127454508e+00
2.892800000000005371e-04,4.439396585058204892e+00,4.967272285594094505e+00,3.758657271142437750e+00,4.999999961112481017e+00
2.902800000000005614e-04,4.436288288638746025e+00,4.967356352744997317e+00,3.755664348342281578e+00,4.999999968121692895e+00
2.912800000000005858e-04,4.433103550873107146e+00,4.967441782537078687e+00,3.752598161958664580e+00,4.999999961124576231e+00
2.922800000000006101e-04,4.429842497489284270e+00,4.967528853930950561e+00,3.749458829199825427e+00,4.999999968116020099e+00
2.932800000000006344e-04,4.426505257228079415e+00,4.967617207073822705e+00,3.746246523373739201e+00,4.999999961136786020e+00
2.942800000000006587e-04,4.423091961838025554e+00,4.967707117212746937e+00,3.742961369070090694e+00,4.999999968110440562e+00
2.952800000000006830e-04,4.419602746070178334e+00,4.967798227720528814e+00,3.739603546872590556e+00,4.999999961149115713e+00
2.962800000000007073e-04,4.416037747672802993e+00,4.967890810286046843e+00,3.736173188802679679e+00,4.999999968104960502e+00
2.972800000000007316e-04,4.412397107385931605e+00,4.967984511680584525e+00,3.732670482770690690e+00,4.999999961120767722e+00
2.982800000000007559e-04,4.408680968935808409e+00,4.968079600184337252e+00,3.729095568285924589e+00,4.999999968098676639e+00
2.992800000000007802e-04,4.404889479029217902e+00,4.968175726128668757e+00,3.725448640646773057e+00,4.999999961134697024e+00
3.002800000000008045e-04,4.401022787347687704e+00,4.968273154528207058e+00,3.721729846911184580e+00,4.999999968091627167e+00
3.012800000000008288e-04,4.397081046541586602e+00,4.968371539423211303e+00,3.717939389829712393e+00,4.999999961149116601e+00
3.022800000000008531e-04,4.393064412224090276e+00,4.968471142698232867e+00,3.714077424079733181e+00,4.999999968084835267e+00
3.032800000000008774e-04,4.388973042965043980e+00,4.968571622240381735e+00,3.710144159936599628e+00,4.999999961163515749e+00
3.042800000000009017e-04,4.384807100284702663e+00,4.968673236931580917e+00,3.706139759773253051e+00,4.999999968037514009e+00
3.052800000000009261e-04,4.380566748647347630e+00,4.968775648629313757e+00,3.702064441472032286e+00,4.999999961176991192e+00
3.062800000000009504e-04,4.376252155454802839e+00,4.968879113332757669e+00,3.697918375188110840e+00,4.999999968032613928e+00
3.072800000000009747e-04,4.371863491039818861e+00,4.968983296982513842e+00,3.693701786499005824e+00,4.999999961189597109e+00
3.082800000000009990e-04,4.367400928659352033e+00,4.969088452804679257e+00,3.689414853436236097e+00,4.999999968028329356e+00
3.092800000000010233e-04,4.362864644487724597e+00,4.969194250922324585e+00,3.685057809375063886e+00,4.999999961202365562e+00
3.102800000000010476e-04,4.358254817609667597e+00,4.969300941890444356e+00,3.680630840330552545e+00,4.999999968024138930e+00
3.112800000000010719e-04,4.353571630013253646e+00,4.969408200101597117e+00,3.676134187585816893e+00,4.999999961215320532e+00
3.122800000000010962e-04,4.348815266582709782e+00,4.969516273532666339e+00,3.671568045256149659e+00,4.999999968020044427e+00
3.132800000000011205e-04,4.343985915091119310e+00,4.969624840920242370e+00,3.666932662657851338e+00,4.999999961228463796e+00
3.142800000000011448e-04,4.339083766193011726e+00,4.969734147747042918e+00,3.662228242139252909e+00,4.999999968016056506e+00
3.152800000000011691e-04,4.334109013416830081e+00,4.969843877156419509e+00,3.657455041188332423e+00,4.999999961241795354e+00
3.162800000000011934e-04,4.329061853157296191e+00,4.969954272213693791e+00,3.652613270532916179e+00,4.999999968012174278e+00
3.172800000000012177e-04,4.323942484667655073e+00,4.970065020518865673e+00,3.647703195985739555e+00,4.999999961214516730e+00
3.182800000000012420e-04,4.318751110051810116e+00,4.970176362787331215e+00,3.642725036817480166e+00,4.999999968007499795e+00
3.192800000000012664e-04,4.313487934256339251e+00,4.970287991116012272e+00,3.637679067340302552e+00,4.999999961229584677e+00
3.202800000000012907e-04,4.308153165062414303e+00,4.970400143930851833e+00,3.632565515549497359e+00,4.999999968002072137e+00
3.212800000000013150e-04,4.302747013077586224e+00,4.970512517852800904e+00,3.627384664448469742e+00,4.999999961245206848e+00
3.222800000000013393e-04,4.297269691727478858e+00,4.970625349071887911e+00,3.622136750962517304e+00,4.999999967956116897e+00
3.232800000000013636e-04,4.291721417247361003e+00,4.970738338751617746e+00,3.616822067001610019e+00,4.999999961259960379e+00
3.242800000000013879e-04,4.286102408673608366e+00,4.970851720890991032e+00,3.611440858648459429e+00,4.999999967952602375e+00
3.252800000000014122e-04,4.280412887835058910e+00,4.970965201205496342e+00,3.605993426958639336e+00,4.999999961273887905e+00
3.262800000000014365e-04,4.274653079344252760e+00,4.971079011541844395e+00,3.600480027431253838e+00,4.999999967949727342e+00
3.272800000000014608e-04,4.268823210588566397e+00,4.971192862165775495e+00,3.594900970539260499e+00,4.999999961288024153e+00
3.282800000000014851e-04,4.262923511721237624e+00,4.971306982806369845e+00,3.589256521480721496e+00,4.999999967946972212e+00
3.292800000000015094e-04,4.256954215652273277e+00,4.971421088269144306e+00,3.583547000448871866e+00,4.999999961302391327e+00
3.302800000000015337e-04,4.250915558039262798e+00,4.971535406193305917e+00,3.577772682665738113e+00,4.999999967944333434e+00
3.312800000000015580e-04,4.244807777278069238e+00,4.971649655907092402e+00,3.571933898385886152e+00,4.999999961316994757e+00
3.322800000000015823e-04,4.238631114493418117e+00,4.971764062981437249e+00,3.566030933213731657e+00,4.999999967941822554e+00
3.332800000000016066e-04,4.232385813529379703e+00,4.971878351242579264e+00,3.560064127849700277e+00,4.999999961291034190e+00
3.342800000000016310e-04,4.226072120939742049e+00,4.971992744210726123e+00,3.554033778690065315e+00,4.999999967938533629e+00
3.352800000000016553e-04,4.219690285978279221e+00,4.972106970178384877e+00,3.547940237312830813e+00,4.999999961307466378e+00
3.362800000000016796e-04,4.213240560588907613e+00,4.972221250628721556e+00,3.541783811366990609e+00,4.999999967893712594e+00
3.372800000000017039e-04,4.206723199395741908e+00,4.972335318281605687e+00,3.535564863794480317e+00,4.999999961323590369e+00
3.382800000000017282e-04,4.200138459693041781e+00,4.972449392592945827e+00,3.529283714016873130e+00,4.999999967891335828e+00
3.392800000000017525e-04,4.193486601435056471e+00,4.972563210666177014e+00,3.522940736895660230e+00,4.999999961338929211e+00
3.402800000000017768e-04,4.186767887225759210e+00,4.972676989935363778e+00,3.516536264213569574e+00,4.999999967889627861e+00
3.412800000000018011e-04,4.179982582308484851e+00,4.972790471838361981e+00,3.510070683375986711e+00,4.999999961354507860e+00
3.422800000000018254e-04,4.173130954555452021e+00,4.972903871790865793e+00,3.503544339197519619e+00,4.999999967888066443e+00
3.432800000000018497e-04,4.166213274457191140e+00,4.973016935510750969e+00,3.496957632340507605e+00,4.999999961370358292e+00
3.442800000000018740e-04,4.159229815111869399e+00,4.973129876395070426e+00,3.490310921411961864e+00,4.999999967886655128e+00
3.452800000000018983e-04,4.152180852214502949e+00,4.973242444382783845e+00,3.483604621142387892e+00,4.999999961345682920e+00
3.462800000000019226e-04,4.145066664046078486e+00,4.973354850850384423e+00,3.476839104801108249e+00,4.999999967884491525e+00
3.472800000000019469e-04,4.137887531462562940e+00,4.973466849895782360e+00,3.470014802116022867e+00,4.999999961363443823e+00
3.482800000000019713e-04,4.130643737883817224e+00,4.973578650869832529e+00,3.463132102008538382e+00,4.999999967840822457e+00
3.492800000000019956e-04,4.123335569282409629e+00,4.973690011962959012e+00,3.456191450267797727e+00,4.999999961380941826e+00
3.502800000000020199e-04,4.115963314172322640e+00,4.973801140494155781e+00,3.449193252609929594e+00,4.999999967839626969e+00
3.512800000000020442e-04,4.108527263597563817e+00,4.973911798676238227e+00,3.442137972104276855e+00,4.999999961397700865e+00
3.522800000000020685e-04,4.101027711120678987e+00,4.974022191788064262e+00,3.435026032574154176e+00,4.999999967839131365e+00
3.532800000000020928e-04,4.093464952811157076e+00,4.974132085991901597e+00,3.427857915777936526e+00,4.999999961414756555e+00
3.542800000000021171e-04,4.085839287233747008e+00,4.974241684515575912e+00,3.420634065160404802e+00,4.999999967838820503e+00
3.552800000000021414e-04,4.078151015436668914e+00,4.974350757395990641e+00,3.413354982796357184e+00,4.999999961391341508e+00
3.562800000000021657e-04,4.070400440939728526e+00,4.974459505797742764e+00,3.406021133508829291e+00,4.999999967837791992e+00
3.572800000000021900e-04,4.062587869722336542e+00,4.974567703553280040e+00,3.398633041581023750e+00,4.999999961410421356e+00
3.582800000000022143e-04,4.054713610211426733e+00,4.974675549750482872e+00,3.391191195254762203e+00,4.999999967795289102e+00
3.592800000000022386e-04,4.046777973269280793e+00,4.974782821935168187e+00,3.383696143225530140e+00,4.999999961429306694e+00
3.602800000000022629e-04,4.038781272181259929e+00,4.974889717103154751e+00,3.376148399540161993e+00,4.999999967795305089e+00
3.612800000000022872e-04,4.030723822643428100e+00,4.974996016429462209e+00,3.368548539886041748e+00,4.999999961447522345e+00
3.622800000000023115e-04,4.022605942750097974e+00,4.975101914799778591e+00,3.360897106912267951e+00,4.999999967796072475e+00
3.632800000000023359e-04,4.014427952981266756e+00,4.975207196930439224e+00,3.353194706331813713e+00,4.999999961466112808e+00
3.642800000000023602e-04,4.006190176189966756e+00,4.975312055577081338e+00,3.345441912692231679e+00,4.999999967797078781e+00
3.652800000000023845e-04,3.997892937589522688e+00,4.975416278906024559e+00,3.337639365317172757e+00,4.999999961444322238e+00
3.662800000000024088e-04,3.989536564740705948e+00,4.975520057520105510e+00,3.329787674559354649e+00,4.999999967756629360e+00
3.672800000000024331e-04,3.981121387538808065e+00,4.975623182940564604e+00,3.321887517611156415e+00,4.999999961464215659e+00
3.682800000000024574e-04,3.972647738200616452e+00,4.975725843590534048e+00,3.313939545280420784e+00,4.999999967757739583e+00
3.692800000000024817e-04,3.964115951251296899e+00,4.975827834246818071e+00,3.305944477708077756e+00,4.999999961484048683e+00
3.702800000000025060e-04,3.955526363511190358e+00,4.975929341121263505e+00,3.297903011731908585e+00,4.999999967759658048e+00
3.712800000000025303e-04,3.946879314082512025e+00,4.976030162141416469e+00,3.289815916554058361e+00,4.999999961504355994e+00
3.722800000000025546e-04,3.938175144335969602e+00,4.976130481271664685e+00,3.281683941754773404e+00,4.999999967761909581e+00
3.732800000000025789e-04,3.929414197897278527e+00,4.976230099477374047e+00,3.273507912983882662e+00,4.999999961484382638e+00
3.742800000000026032e-04,3.920596820633602597e+00,4.976329198431995060e+00,3.265288640714850477e+00,4.999999967722810190e+00
3.752800000000026275e-04,3.911723360639900005e+00,4.976427582018652096e+00,3.257027016045344503e+00,4.999999961506211399e+00
3.762800000000026518e-04,3.902794168225176108e+00,4.976525429566060588e+00,3.248723920302522661e+00,4.999999967725385019e+00
3.772800000000026762e-04,3.893809595898661158e+00,4.976622547743881242e+00,3.240380321073523806e+00,4.999999961528113879e+00
3.782800000000027005e-04,3.884769998355882326e+00,4.976719113471888001e+00,3.231997182815592229e+00,4.999999967728895101e+00
3.792800000000027248e-04,3.875675732464675338e+00,4.976814936059868799e+00,3.223575563270248967e+00,4.999999961509840496e+00
3.802800000000027491e-04,3.866527157251084645e+00,4.976910189938194229e+00,3.215116525276957127e+00,4.999999967731973527e+00
3.812800000000027734e-04,3.857324633885194753e+00,4.977004686893367946e+00,3.206621233791066672e+00,4.999999961534412840e+00
3.822800000000027977e-04,3.848068525666872297e+00,4.977098598765480553e+00,3.198090869170608919e+00,4.999999967693894654e+00
3.832800000000028220e-04,3.838759198011417517e+00,4.977191739629710732e+00,3.189526725094705917e+00,4.999999961559177919e+00
3.842800000000028463e-04,3.829397018435149569e+00,4.977284278607418067e+00,3.180930123694071021e+00,4.999999967698682823e+00
3.852800000000028706e-04,3.819982356540885249e+00,4.977376031842395854e+00,3.172302514782161964e+00,4.999999961542913596e+00
3.862800000000028949e-04,3.810515584003357326e+00,4.977467165573176366e+00,3.163645393343905710e+00,4.999999967662902556e+00
3.872800000000029192e-04,3.800997074554534727e+00,4.977557497748176907e+00,3.154960400671008358e+00,4.999999961568752482e+00
3.882800000000029435e-04,3.791427203968872561e+00,4.977647191507927893e+00,3.146249244939383072e+00,4.999999967669075396e+00
3.892800000000029678e-04,3.781806350048475096e+00,4.977736066283956262e+00,3.137513805091834751e+00,4.999999961595022135e+00
3.902800000000029921e-04,3.772134892608181467e+00,4.977824281835610876e+00,3.128756055553565396e+00,4.999999967676479251e+00
3.912800000000030165e-04,3.762413213460572337e+00,4.977911658672665496e+00,3.119978174099872881e+00,4.999999961581496066e+00
3.922800000000030408e-04,3.752641696400893068e+00,4.977998352793435721e+00,3.111182472261631471e+00,4.999999967642959398e+00
3.932800000000030651e-04,3.742820727191905839e+00,4.978084185267302786e+00,3.102371509037091801e+00,4.999999961610297916e+00
3.942800000000030894e-04,3.732950693548659160e+00,4.978169307814611422e+00,3.093548029304817870e+00,4.999999967651554300e+00
3.952800000000031137e-04,3.723031985123180121e+00,4.978253541379182856e+00,3.084715086215400248e+00,4.999999961598917686e+00
3.962800000000031380e-04,3.713064993489095578e+00,4.978337032688779473e+00,3.075875991205391013e+00,4.999999967619817021e+00
3.972800000000031623e-04,3.703050112126168081e+00,4.978419601634783476e+00,3.067034449525703810e+00,4.999999961629937317e+00
3.982800000000031866e-04,3.692987736404765187e+00,4.978501388942700778e+00,3.058194527539096708e+00,4.999999967630232689e+00
3.992800000000032109e-04,3.682878263570251498e+00,4.978582212160622689e+00,3.049360808563430503e+00,4.999999961620802402e+00
4.002800000000032352e-04,3.672722092727303433e+00,4.978662204554995085e+00,3.040538386762320577e+00,4.999999967600257555e+00
4.012800000000032595e-04,3.662519624824157383e+00,4.978741179481501078e+00,3.031733055290297685e+00,4.999999961653971425e+00
4.022800000000032838e-04,3.652271262636775262e+00,4.978819260589713913e+00,3.022951342522750551e+00,4.999999967612217766e+00
4.032800000000033081e-04,3.641977410752948341e+00,4.978896254304193469e+00,3.014200753207951777e+00,4.999999961646680369e+00
4.042800000000033324e-04,3.631638475556322909e+00,4.978972271370495584e+00,3.005489874814189388e+00,4.999999967583288907e+00
4.052800000000033567e-04,3.621254865210358886e+00,4.979047107082282153e+00,2.996828709040748162e+00,4.999999961681023564e+00
4.062800000000033811e-04,3.610826989642212048e+00,4.979120854094617243e+00,2.988228899463629684e+00,4.999999967595303296e+00
4.072800000000034054e-04,3.600355260526554524e+00,4.979193289868399930e+00,2.979704224083655983e+00,4.999999961673578852e+00
4.082800000000034297e-04,3.589840091269321576e+00,4.979264480457043618e+00,2.971271043645173471e+00,4.999999967564559000e+00
4.092800000000034540e-04,3.579281896991389544e+00,4.979334174293195581e+00,2.962949096492231149e+00,4.999999961705271723e+00
4.102800000000034783e-04,3.568681094512192065e+00,4.979402396183503221e+00,2.954762372174454033e+00,4.999999967571297610e+00
4.112800000000035026e-04,3.558038102333258124e+00,4.979468845819977396e+00,2.946740509073503489e+00,4.999999961690519079e+00
4.122800000000035269e-04,3.547353340621695494e+00,4.979533480122593225e+00,2.938920542956144022e+00,4.999999967528835576e+00
4.132800000000035512e-04,3.536627231193601339e+00,4.979595913120577144e+00,2.931349590634505287e+00,4.999999961706080853e+00
4.142800000000035755e-04,3.525860197497408421e+00,4.979655982119214563e+00,2.924088529801728953e+00,4.999999967511525867e+00
4.152800000000035998e-04,3.515052664597173582e+00,4.979713141270376120e+00,2.917217620628982377e+00,4.999999961698743611e+00
4.162800000000036241e-04,3.504205059155788504e+00,4.979767000193219495e+00,2.910844714591843019e+00,4.999999967502909648e+00
4.172800000000036484e-04,3.493317809418142517e+00,4.979816692515784737e+00,2.905117837157860095e+00,4.999999961686809158e+00
4.182800000000036727e-04,3.482391345194214338e+00,4.979861358825687034e+00,2.900243772793759778e+00,4.999999967426086656e+00
4.192800000000036970e-04,3.471426097842099878e+00,4.979899449052578753e+00,2.896514312300324523e+00,4.999999961658964764e+00
4.202800000000037214e-04,3.460422500250991185e+00,4.979929058791276120e+00,2.894373139701003073e+00,4.999999967363758735e+00
4.212800000000037457e-04,3.449380986824078565e+00,4.979947124282356086e+00,2.894334895967002996e+00,4.999999961588236452e+00
4.222800000000037700e-04,3.438301993461407413e+00,4.979950390852559750e+00,2.896802180011592842e+00,4.999999967185345895e+00
4.232800000000037943e-04,3.427185957542664863e+00,4.979936056066501138e+00,2.901711604068299533e+00,4.999999961629894685e+00
4.242800000000038186e-04,3.416033317909915379e+00,4.979904607471691058e+00,2.908096168471789422e+00,4.999999967247600985e+00
4.252800000000038429e-04,3.404844514850274617e+00,4.979860732493705200e+00,2.915081330126849224e+00,4.999999961816882887e+00
4.262800000000038672e-04,3.393619990078529103e+00,4.979809832031585337e+00,2.922404703813944238e+00,4.999999967246922417e+00
4.272800000000038915e-04,3.382360186719698625e+00,4.979754716821227056e+00,2.929865887655171086e+00,4.999999961891457900e+00
4.282800000000039158e-04,3.371065549291538677e+00,4.979697316416424435e+00,2.937432372899840161e+00,4.999999967234441733e+00
4.292800000000039401e-04,3.359736523686995824e+00,4.979638266329499352e+00,2.945037008573228920e+00,4.999999961990224229e+00
4.302800000000039644e-04,3.348373557156603120e+00,4.979578202246916163e+00,2.952693758756838260e+00,4.999999967167083170e+00
4.312800000000039887e-04,3.336977098290820898e+00,4.979517123366894893e+00,2.960366535996128867e+00,4.999999962033303547e+00
4.322800000000040130e-04,3.325547597002333156e+00,4.979455326279794924e+00,2.968077365632334264e+00,4.999999967093899045e+00
4.332800000000040373e-04,3.314085504508279989e+00,4.979392657221231033e+00,2.975799396648695527e+00,4.999999962107517959e+00
4.342800000000040616e-04,3.302591273312446063e+00,4.979329325732510192e+00,2.983554599248022576e+00,4.999999967058911921e+00
4.352800000000040860e-04,3.291065357187397566e+00,4.979265144410716992e+00,2.991320591334159840e+00,4.999999962132614328e+00
4.362800000000041103e-04,3.279508211156569430e+00,4.979200295805044085e+00,2.999117288098142264e+00,4.999999966979547850e+00
4.372800000000041346e-04,3.267920291476296146e+00,4.979134588464409816e+00,3.006925104572732543e+00,4.999999962191149727e+00
4.382800000000041589e-04,3.256302055617805280e+00,4.979068194492398014e+00,3.014761793354483910e+00,4.999999966937994422e+00
4.392800000000041832e-04,3.244653962249155477e+00,4.979000924925348848e+00,3.022609973677212292e+00,4.999999962240945450e+00
4.402800000000042075e-04,3.232976471217127390e+00,4.978932945718980818e+00,3.030485438610349469e+00,4.999999966892804792e+00
4.412800000000042318e-04,3.221270043529072868e+00,4.978864071376703393e+00,3.038372669648573332e+00,4.999999962281690635e+00
4.422800000000042561e-04,3.209535141334711739e+00,4.978794463130128634e+00,3.046285738181676361e+00,4.999999966842180399e+00
4.432800000000042804e-04,3.197772227907889953e+00,4.978723938732860788e+00,3.054210735336243765e+00,4.999999962311765245e+00
4.442800000000043047e-04,3.185981767628287553e+00,4.978652655388597914e+00,3.062160226805458407e+00,4.999999966824678843e+00
4.452800000000043290e-04,3.174164225963087560e+00,4.978580433671099037e+00,3.070121707900573149e+00,4.999999962329193082e+00
4.462800000000043533e-04,3.162320069448600890e+00,4.978507427226317006e+00,3.078106425276537106e+00,4.999999966752802116e+00
4.472800000000043776e-04,3.150449765671846425e+00,4.978433459021688989e+00,3.086103105045892914e+00,4.999999962327200898e+00
4.482800000000044019e-04,3.138553783252091556e+00,4.978358679517834950e+00,3.094121835025334999e+00,4.999999966657804329e+00
4.492800000000044263e-04,3.126632591822351870e+00,4.978282913691475464e+00,3.102152424406669606e+00,4.999999962329464864e+00
4.502800000000044506e-04,3.114686662010854867e+00,4.978206309127545914e+00,3.110203939396550155e+00,4.999999966556543107e+00
4.512800000000044749e-04,3.102716465422454384e+00,4.978128692471761596e+00,3.118267145416001807e+00,4.999999962255138541e+00
4.522800000000044992e-04,3.090722474620013482e+00,4.978050208696048529e+00,3.126350205404020866e+00,4.999999966345083813e+00
4.532800000000045235e-04,3.078705163105755371e+00,4.977970685814678831e+00,3.134444731297012510e+00,4.999999962005924559e+00
4.542800000000045478e-04,3.066665005302557923e+00,4.977890266408590669e+00,3.142558085398484025e+00,4.999999965866039453e+00
4.552800000000045721e-04,3.054602476535237976e+00,4.977808779591486932e+00,3.150682631083437268e+00,4.999999961292201256e+00
4.562800000000045964e-04,3.042518053011776136e+00,4.977726365743675885e+00,3.158825018971899823e+00,4.999999964681768105e+00
4.572800000000046207e-04,3.030412211804520251e+00,4.977642854836008546e+00,3.166978281266803474e+00,4.999999959484386025e+00
4.582800000000046450e-04,3.018285430831355143e+00,4.977558385208199709e+00,3.175148434487652160e+00,4.999999961706027563e+00
4.592800000000046693e-04,3.006138188836825709e+00,4.977472787469336524e+00,3.183329107647804079e+00,4.999999954897578647e+00
4.602800000000046936e-04,2.993970965373249360e+00,4.977386198052229815e+00,3.191525751232773711e+00,4.999999954301751259e+00
4.612800000000047179e-04,2.981784240781772954e+00,4.977298448001701736e+00,3.199732527821475880e+00,4.999999943119286527e+00
4.622800000000047422e-04,2.969578496173418181e+00,4.977209671955291626e+00,3.207954382048953779e+00,4.999999935488201430e+00
4.632800000000047666e-04,2.957354213410082533e+00,4.977119701203771562e+00,3.216185955248313633e+00,4.999999913176279343e+00
4.642800000000047909e-04,2.945111875085515418e+00,4.977028668674711831e+00,3.224431739494144633e+00,4.999999887528020714e+00
4.652800000000048152e-04,2.932851964506274722e+00,4.976936405719699863e+00,3.232686807587948241e+00,4.999999836541337395e+00
4.662800000000048395e-04,2.920574965672635415e+00,4.976843043612155348e+00,3.240955248181776938e+00,4.999999764914515588e+00
4.672800000000048638e-04,2.908281363259491936e+00,4.976748413569400675e+00,3.249232526552256139e+00,4.999999640325802908e+00
4.682800000000048881e-04,2.895971642597216622e+00,4.976652645215161819e+00,3.257522375910309798e+00,4.999999450567852222e+00
4.692800000000049124e-04,2.883646289652503913e+00,4.976555569389374156e+00,3.265820626762605094e+00,4.999999136617012674e+00
4.702800000000049367e-04,2.871305791009183039e+00,4.976457313966809792e+00,3.274130711274904737e+00,4.999998642852530928e+00
4.712800000000049610e-04,2.858950633849009826e+00,4.976357709024807896e+00,3.282448820086798946e+00,4.999997840894752521e+00
4.722800000000049853e-04,2.846581305932434969e+00,4.976256880334881672e+00,3.290778162834693710e+00,4.999996563163334962e+00
4.732800000000050096e-04,2.834198295579344329e+00,4.976154656441194923e+00,3.299115334712900971e+00,4.999994501411395120e+00
4.742800000000050339e-04,2.821802091649782795e+00,4.976051160003271967e+00,3.307463471815540235e+00,4.999991198223562527e+00
4.752800000000050582e-04,2.809393183524656834e+00,4.975946216216756035e+00,3.315819740312524910e+00,4.999985879097232910e+00
4.762800000000050825e-04,2.796972061086410388e+00,4.975839941901509356e+00,3.324187539986775519e+00,4.999977334893553227e+00
4.772800000000051068e-04,2.784539214699690568e+00,4.975732154298668775e+00,3.332565085920097925e+00,4.999963580541740171e+00
4.782800000000051312e-04,2.772095135191984028e+00,4.975622957081943021e+00,3.340956873842961361e+00,4.999941455329968143e+00
4.792800000000051555e-04,2.759640313834241354e+00,4.975512147465876112e+00,3.349363450969162326e+00,4.999905828878217662e+00
4.802800000000051798e-04,2.747175242321482802e+00,4.975399796605429081e+00,3.357792475001362575e+00,4.999848468527695822e+00
4.812800000000052041e-04,2.734700412753390264e+00,4.975285650621716016e+00,3.366249998769589968e+00,4.999756066213870476e+00
4.822800000000052284e-04,2.722216317614873482e+00,4.975169696935362040e+00,3.374752542935248290e+00,4.999607201737127582e+00
4.832800000000052527e-04,2.709723449756633151e+00,4.975051543178917512e+00,3.383320739419163115e+00,4.999367305058035171e+00
4.842800000000052770e-04,2.697222302375700043e+00,4.974930951107014998e+00,3.391994030811402272e+00,4.998980681738808940e+00
4.852800000000053013e-04,2.684713368995967020e+00,4.974807160962975594e+00,3.400830424019165132e+00,4.998357549381776010e+00
4.862800000000053256e-04,2.672197143448706846e+00,4.974679333666154335e+00,3.409929075986705804e+00,4.997353358549179170e+00
4.872800000000053499e-04,2.659674119853070895e+00,4.974545726434440596e+00,3.419444315957543612e+00,4.995735600119448172e+00
4.882800000000053742e-04,2.647144792596590968e+00,4.974403890348004786e+00,3.429629159746840905e+00,4.993131143993966070e+00
4.892800000000053443e-04,2.634609656315650916e+00,4.974249445369771649e+00,3.440883437229973030e+00,4.988943266940590426e+00
4.902800000000053686e-04,2.622069205875968034e+00,4.974075620733571235e+00,3.453847722145390264e+00,4.982223268053052045e+00
4.912800000000053929e-04,2.609523936353053131e+00,4.973870951041831745e+00,3.469526136544405670e+00,4.971477288559801089e+00
4.922800000000054172e-04,2.596974343012665276e+00,4.973617045786337343e+00,3.489479378286383771e+00,4.954389699519733625e+00
4.932800000000054415e-04,2.584420921291262552e+00,4.973283368925290659e+00,3.516060001662670409e+00,4.927462768371443147e+00
4.942800000000054659e-04,2.571864166776439031e+00,4.972820191265377332e+00,3.552674916181260301e+00,4.885634036027163951e+00
4.952800000000054902e-04,2.559304575187362651e+00,4.972145316224432676e+00,3.603903063016313357e+00,4.822086135101228521e+00
4.962800000000055145e-04,2.546742642355203312e+00,4.971123262061825088e+00,3.675164848380837679e+00,4.728733056240746357e+00
4.972800000000055388e-04,2.534178864203559201e+00,4.969527160231338669e+00,3.771405857462230671e+00,4.598139280817201247e+00
4.982800000000055631e-04,2.521613736728880895e+00,4.966968578086936148e+00,3.894488752763335171e+00,4.427360076625087792e+00
4.992800000000055874e-04,2.509047755980884808e+00,4.962650375144674442e+00,4.040021529750672080e+00,4.222576168673993102e+00
5.002800000000056117e-04,2.496481418042975076e+00,4.954984482166461923e+00,4.196136245009634891e+00,4.001076805546913029e+00
5.012800000000056360e-04,2.483915219012656550e+00,4.939241997360035441e+00,4.346532634862653843e+00,3.786612566514932166e+00
5.022800000000056603e-04,2.471349654981949584e+00,4.804545998174497790e+00,4.477065955531587704e+00,3.600265782555460703e+00
5.032800000000056846e-04,2.458785222017804806e+00,5.591564022709374360e-01,4.598995758154858393e+00,3.453140670341950713e+00
5.040709475869806873e-04,2.448848542026630604e+00,-9.091968865030705671e-02,4.766365903935233739e+00,3.365263670488439995e+00
5.046701867558476889e-04,2.441321124138740917e+00,8.101712457734516759e-02,4.819744322201665376e+00,3.313125238536581474e+00
5.052237748937028717e-04,2.434367894188065762e+00,-6.669149243103626723e-02,4.850570872214089668e+00,3.274805875233213648e+00
5.058843431786524437e-04,2.426072008246123346e+00,6.206578349789750038e-02,4.897756895254566700e+00,3.239040030824330341e+00
5.068843431786524681e-04,2.413515767416759772e+00,-5.569913720796960260e-02,4.928231405918665153e+00,3.201089456896233365e+00
5.078843431786524924e-04,2.400962940836814496e+00,5.289445141001369866e-02,4.961982674249098224e+00,3.176873970296189231e+00
5.088843431786525167e-04,2.388414024070386166e+00,-4.833842036119886942e-02,4.969976181615585631e+00,3.161618120031946422e+00
5.098843431786525410e-04,2.375869512527221339e+00,4.540306101515056286e-02,4.987161218354590808e+00,3.152114962688284283e+00
5.108843431786525653e-04,2.363329901443155912e+00,-4.186083902439775850e-02,4.986693189338094356e+00,3.146196604751859027e+00
5.118843431786525896e-04,2.350795685860565865e+00,3.909873927782140518e-02,4.996579404529625457e+00,3.142554583024920856e+00
5.128843431786526139e-04,2.338267360608819345e+00,-3.619696243852375123e-02,4.993405497834007889e+00,3.140289096809038671e+00
5.138843431786526382e-04,2.325745420284745180e+00,3.373772815659092927e-02,4.999884307309671705e+00,3.138909993974602575e+00
5.148843431786526625e-04,2.313230359233106714e+00,-3.127434373361043934e-02,4.996211805484727542e+00,3.138046633564473886e+00
5.158843431786526868e-04,2.300722671527083651e+00,2.911645083421670124e-02,5.000922376773311306e+00,3.137531124193367216e+00
5.168843431786527111e-04,2.288222850948772535e+00,-2.701749085328572844e-02,4.997504076649022409e+00,3.137202305037960048e+00
5.178843431786527354e-04,2.275731390969685020e+00,2.513897250494135163e-02,5.001116792902705832e+00,3.137015172687866560e+00
5.188843431786527597e-04,2.263248784731273222e+00,-2.333850736319597816e-02,4.998184412912482166e+00,3.136889608900033988e+00
5.198843431786527840e-04,2.250775525025456858e+00,2.170935939379099386e-02,5.001021895737435941e+00,3.136827414604805409e+00
5.208843431786528083e-04,2.238312104275170800e+00,-2.016028542851287797e-02,4.998602432045818666e+00,3.136778918254774062e+00
5.218843431786528327e-04,2.225859014514927736e+00,1.874993147659762341e-02,5.000843295459888260e+00,3.136764274021761612e+00
5.228843431786528570e-04,2.213416747371386606e+00,-1.741526150722483290e-02,4.998895627313735268e+00,3.136744274414707601e+00
5.238843431786528813e-04,2.200985794043950339e+00,1.619538546842812232e-02,5.000655245324484355e+00,3.136747712481100958e+00
5.248843431786529056e-04,2.188566645285370260e+00,-1.504462098505435740e-02,4.999120003776011956e+00,3.136737924467980054e+00
5.258843431786529299e-04,2.176159791382375808e+00,1.398997396994725896e-02,5.000482731592643226e+00,3.136748436377608584e+00
5.268843431786529542e-04,2.163765722136314018e+00,-1.299737462496864011e-02,4.999300020186830729e+00,3.136741917405199587e+00
5.278843431786529785e-04,2.151384926843816991e+00,1.208580598425458390e-02,5.000332491233200116e+00,3.136755345584020915e+00
5.288843431786530028e-04,2.139017894277484011e+00,-1.122941174558678493e-02,4.999447677105880672e+00,3.136749484283407163e+00
5.298843431786530271e-04,2.126665112666583646e+00,1.044163065562894385e-02,5.000204711326123430e+00,3.136764247762223956e+00
5.308843431786530514e-04,2.114327069677783832e+00,-9.702612132642294065e-03,4.999569844184497569e+00,3.136758098361674740e+00
5.318843431786530757e-04,2.102004252395895723e+00,9.021876123553148469e-03,5.000097418471987964e+00,3.136773577314674988e+00
5.328843431786531000e-04,2.089697147304645064e+00,-8.384048911014567451e-03,4.999671104919954701e+00,3.136766838795228995e+00
5.338843431786531243e-04,2.077406240267468007e+00,7.795852153443270059e-03,5.000008102541896093e+00,3.136782766379104359e+00
5.348843431786531486e-04,2.065132016508327339e+00,-7.245287754732434964e-03,4.999754887709946694e+00,3.136775389670913849e+00
5.358843431786531730e-04,2.052874960592562914e+00,6.737073928682621796e-03,4.999934295561466513e+00,3.136791625388960281e+00
5.368843431786531973e-04,2.040635556407753626e+00,-6.261776698842291475e-03,4.999823937536594265e+00,3.136783659568992189e+00
5.378843431786532216e-04,2.028414287144619799e+00,5.822683041717298391e-03,4.999873758869180840e+00,3.136800106698918178e+00
5.388843431786532459e-04,2.016211635277944669e+00,-5.412317218180149117e-03,4.999880530990463257e+00,3.136791637937958122e+00
5.398843431786532702e-04,2.004028082547530065e+00,5.032949574043355488e-03,4.999824525047404045e+00,3.136808214928075600e+00
5.408843431786532945e-04,1.991864109939177396e+00,-4.678606672299195565e-03,4.999926587990056959e+00,3.136799341047785905e+00
5.418843431786533188e-04,1.979720197665695958e+00,4.350843130151824285e-03,4.999784888858916254e+00,3.136815972305672329e+00
5.428843431786533431e-04,1.967596825147949202e+00,-4.044842907485792123e-03,4.999963739748592317e+00,3.136806792228308716e+00
5.438843431786533674e-04,1.955494470995923662e+00,3.761662958663426239e-03,4.999753381533556862e+00,3.136823406356013866e+00
5.448843431786533917e-04,1.943413612989842942e+00,-3.497382683107978871e-03,4.999993376819550583e+00,3.136814014785770599e+00
5.458843431786534160e-04,1.931354728061291937e+00,3.252718880700655561e-03,4.999728742416576388e+00,3.136830544693230305e+00
5.468843431786534403e-04,1.919318292274400317e+00,-3.024446724379031230e-03,5.000016685673850603e+00,3.136821029840789254e+00
5.478843431786534646e-04,1.907304780807043576e+00,2.813056021779436738e-03,4.999709891427548847e+00,3.136837413522929996e+00
5.488843431786534889e-04,1.895314667932082031e+00,-2.615865017231594394e-03,5.000034678924738962e+00,3.136827855919790409e+00
5.498843431786535133e-04,1.883348426998646019e+00,2.433217268882431183e-03,4.999695904539259494e+00,3.136844036917234568e+00
5.508843431786535376e-04,1.871406530413434410e+00,-2.262856892323743263e-03,5.000048220538446664e+00,3.136834509111321001e+00
5.518843431786535619e-04,1.859489449622077961e+00,2.105038284541270368e-03,4.999685992101015941e+00,3.136850437187677532e+00
5.528843431786535862e-04,1.847597655090520430e+00,-1.957841154955120878e-03,5.000058047024404928e+00,3.136841003449424736e+00
5.538843431786536105e-04,1.835731616286446766e+00,1.821470622434508612e-03,4.999679480212709137e+00,3.136856634373638819e+00
5.548843431786536348e-04,1.823891801660754819e+00,-1.694272164545264489e-03,5.000064785854249294e+00,3.136847351050189303e+00
5.558843431786536591e-04,1.812078678629049922e+00,1.576429049176741306e-03,4.999675794235728610e+00,3.136862646938377353e+00
5.568843431786536834e-04,1.800292713553202528e+00,-1.466498298994797994e-03,5.000068970982064265e+00,3.136853562681659824e+00
5.578843431786537077e-04,1.788534371722931837e+00,1.364659789653276199e-03,4.999674444997390665e+00,3.136868491552008198e+00
5.588843431786537320e-04,1.776804117337442701e+00,-1.269639781688259835e-03,5.000071056305296580e+00,3.136859647758498681e+00
5.598843431786537563e-04,1.765102413487091626e+00,1.181626802422418515e-03,4.999675016508600578e+00,3.136874183331020305e+00
5.608843431786537806e-04,1.753429722135110502e+00,-1.099483193035213089e-03,5.000071427104384014e+00,3.136865614771027655e+00
5.618843431786538049e-04,1.741786504099365640e+00,1.023413628613896106e-03,4.999677155660964267e+00,3.136879736106871430e+00
5.628843431786538292e-04,1.730173219034167875e+00,-9.523904148618308769e-04,5.000070409827358731e+00,3.136871471268659395e+00
5.638843431786538535e-04,1.718590325412129749e+00,8.866386743719209670e-04,4.999680563104656805e+00,3.136885162335096400e+00
5.648843431786538779e-04,1.707038280506056660e+00,-8.252200029272520722e-04,5.000068280777894003e+00,3.136877224152947008e+00
5.658843431786539022e-04,1.695517540370901965e+00,7.683820782760226705e-04,4.999684985744988985e+00,3.136890473314946082e+00
5.668843431786539265e-04,1.684028559825758276e+00,-7.152593256188138036e-04,5.000065273276221411e+00,3.136882879673962510e+00
5.678843431786539508e-04,1.672571792435903815e+00,6.661225934741254236e-04,4.999690209929218199e+00,3.136895679432429418e+00
5.688843431786539751e-04,1.661147690494901852e+00,-6.201659737799947864e-04,5.000061583731868708e+00,3.136888443587731778e+00
5.698843431786539994e-04,1.649756705006733659e+00,5.776831101520503008e-04,4.999696055749413226e+00,3.136900789917073773e+00
5.708843431786540237e-04,1.638399285668003191e+00,-5.379171727325127075e-04,5.000057377278427140e+00,3.136893921117869688e+00
5.718843431786540480e-04,1.627075880850176848e+00,5.011836126736176657e-04,4.999702372189304356e+00,3.136905813339887494e+00
5.728843431786540723e-04,1.615786937581887406e+00,-4.667661147126571483e-04,5.000052792251421074e+00,3.136899317242190399e+00
5.738843431786540966e-04,1.604532901531288580e+00,4.350005846693383912e-04,4.999709032873754566e+00,3.136910757301413888e+00
5.748843431786541209e-04,1.593314216988451992e+00,-4.052042653633194176e-04,5.000047944008843892e+00,3.136904636541764102e+00
5.758843431786541452e-04,1.582131326847834085e+00,3.777319715886808395e-04,4.999715932498679294e+00,3.136915628860218241e+00
5.768843431786541695e-04,1.570984672590788556e+00,-3.519288143996407653e-04,5.000042928599770953e+00,3.136909883254461739e+00
5.778843431786541938e-04,1.559874694268140960e+00,3.281669096794298892e-04,4.999722983575187740e+00,3.136920434296115001e+00
5.788843431786542182e-04,1.548801830482811059e+00,-3.058145762654489977e-04,5.000037825310373663e+00,3.136915061391126081e+00
5.798843431786542425e-04,1.537766518372501778e+00,2.852596277310017825e-04,4.999730113956069921e+00,3.136925179414511877e+00
5.808843431786542668e-04,1.526769193592439455e+00,-2.658897404837796551e-04,5.000032699430827066e+00,3.136920174739537437e+00
5.818843431786542911e-04,1.515810290298175378e+00,2.481068882376547598e-04,4.999737264372583034e+00,3.136929869347522271e+00
5.828843431786543154e-04,1.504890241128448158e+00,-2.313149190240083581e-04,5.000027604312526464e+00,3.136925226879007322e+00
5.838843431786543397e-04,1.494009477188100510e+00,2.159285228054124567e-04,4.999744386540699637e+00,3.136934508961747969e+00
5.848843431786543640e-04,1.483168428031061747e+00,-2.013650719788038655e-04,5.000022583106116691e+00,3.136930221113602535e+00
5.858843431786543883e-04,1.472367521643389798e+00,1.880506378207931603e-04,4.999751441566518295e+00,3.136939102502435350e+00
5.868843431786544126e-04,1.461607184426374051e+00,-1.754139022554890130e-04,5.000017670435616957e+00,3.136935160698307357e+00
5.878843431786544369e-04,1.450887841179704596e+00,1.638911002091508935e-04,4.999758398354876121e+00,3.136943653872555693e+00
5.888843431786544612e-04,1.440209915084697645e+00,-1.529203742906343948e-04,5.000012893605747522e+00,3.136940048586670748e+00
5.898843431786544855e-04,1.429573827687591780e+00,1.429470177492033237e-04,4.999765232452849872e+00,3.136948166791223347e+00
5.908843431786545098e-04,1.418979998882905713e+00,-1.334170795280818604e-04,5.000008273871499043e+00,3.136944887687195038e+00
5.918843431786545341e-04,1.408428846896860209e+00,1.247839225731903158e-04,4.999771925016622376e+00,3.136952644361199027e+00
5.928843431786545584e-04,1.397920788270870629e+00,-1.165001886973485986e-04,5.000003827442998094e+00,3.136949680690194420e+00
5.938843431786545828e-04,1.387456237845098528e+00,1.090264316585181162e-04,4.999778461858437772e+00,3.136957089611177363e+00
5.948843431786546071e-04,1.377035608742076089e+00,-1.018207823917716473e-04,4.999999566106111182e+00,3.136954430212469891e+00
5.958843431786546314e-04,1.366659312350396949e+00,9.535019894391550017e-05,4.999784832747499408e+00,3.136961505304656672e+00
5.968843431786546557e-04,1.356327758308476739e+00,-8.907736502206432014e-05,4.999995498099789160e+00,3.136959138692709370e+00
5.978843431786546800e-04,1.346041354488377806e+00,8.347494798882835435e-05,4.999791030672684933e+00,3.136965893891393353e+00
5.988843431786547043e-04,1.335800506979710311e+00,-7.800939082110494843e-05,4.999991628756118800e+00,3.136963808384293895e+00
5.998843431786547286e-04,1.325605620073598168e+00,7.315846136438684604e-05,4.999797051365272971e+00,3.136970257553091113e+00
6.008843431786547529e-04,1.315457096246719582e+00,-6.839168586337494036e-05,4.999987960926913111e+00,3.136968441630444193e+00
6.018843431786547772e-04,1.305355336145419765e+00,6.419139397860409036e-05,4.999802892723100634e+00,3.136974598454202123e+00
6.028843431786548015e-04,1.295300738569889365e+00,-6.002962739095919618e-05,4.999984495348797076e+00,3.136973040464278384e+00
6.038843431786548258e-04,1.285293700458424837e+00,5.639280148830855396e-05,4.999808554544796557e+00,3.136978918435958885e+00
6.048843431786548501e-04,1.275334616871755866e+00,-5.275498106397518582e-05,4.999981231282473182e+00,3.136977606852806577e+00
6.058843431786548744e-04,1.265423880977449178e+00,4.960625573971694582e-05,4.999814038015530038e+00,3.136983219278545842e+00
6.068843431786548987e-04,1.255561884034389175e+00,-4.642230632875637785e-05,4.999978166418231673e+00,3.136982142806012508e+00
6.078843431786549231e-04,1.245749015377328073e+00,4.369652874275765600e-05,4.999819345680024618e+00,3.136987502530344418e+00
6.088843431786549474e-04,1.235985662401518193e+00,-4.090585778903234570e-05,4.999975297627333504e+00,3.136986650015093581e+00
6.098843431786549717e-04,1.226272210547417751e+00,3.854668120880368708e-05,4.999824480849635044e+00,3.136991769674397190e+00
6.108843431786549960e-04,1.216609043285472591e+00,-3.609689229580544155e-05,4.999972620783968758e+00,3.136991130220003754e+00
6.118843431786550203e-04,1.206996542100982062e+00,3.405558962991303551e-05,4.999829447681892525e+00,3.136996022074219681e+00
6.128843431786550446e-04,1.197435086479032851e+00,-3.190136849418930286e-05,4.999970131121713735e+00,3.136995585128980135e+00
6.138843431786550689e-04,1.187925053889521188e+00,3.013579413479767428e-05,4.999834250922504886e+00,3.137000260929680984e+00
6.148843431786550932e-04,1.178466819772248986e+00,-2.823794422201287150e-05,4.999967823393340893e+00,3.137000016228658872e+00
6.158843431786551175e-04,1.169060757522105476e+00,2.671163459948446475e-05,4.999838895648798243e+00,3.137004487336257696e+00
6.168843431786551418e-04,1.159707238474322333e+00,-2.503624199194819712e-05,4.999965692025934771e+00,3.137004424944302095e+00
6.178843431786551661e-04,1.150406631889815179e+00,2.371764983506280852e-05,4.999843387390119354e+00,3.137008702454966436e+00
6.188843431786551904e-04,1.141159304940607022e+00,-2.223537210235186382e-05,4.999963731145419921e+00,3.137008812759690013e+00
6.198843431786552147e-04,1.131965622695331408e+00,2.109719133629209435e-05,4.999847731696589470e+00,3.137012907139619777e+00
6.208843431786552390e-04,1.122825948104822169e+00,-1.978262942709842548e-05,4.999961934759044269e+00,3.137013180956898850e+00
6.218843431786552634e-04,1.113740641987782221e+00,1.880122901911158219e-05,4.999851934463094949e+00,3.137017102439013438e+00
6.228843431786552877e-04,1.104710063016540289e+00,-1.763240123912007443e-05,4.999960296719627273e+00,3.137017530744834026e+00
6.238843431786553120e-04,1.095734567702891349e+00,1.678731664354017800e-05,4.999856001406542738e+00,3.137021288977146494e+00
6.248843431786553363e-04,1.086814510384020771e+00,-1.574518459862835770e-05,4.999958810940126064e+00,3.137021863360823559e+00
6.258843431786553606e-04,1.077950243208521064e+00,1.501869373922704224e-05,4.999859938355505129e+00,3.137025467632871045e+00
6.268843431786553849e-04,1.069142116122479669e+00,-1.408677305270298783e-05,4.999957471240455753e+00,3.137026179928424252e+00
6.278843431786554092e-04,1.060390476855672448e+00,1.346352946616272423e-05,4.999863751166572001e+00,3.137029639110334056e+00
6.288843431786554335e-04,1.051695670907832891e+00,-1.262753557043789049e-05,4.999956271712861167e+00,3.137030481452051767e+00
6.298843431786554578e-04,1.043058041535010361e+00,1.209423279059595450e-05,4.999867445416603218e+00,3.137033804089623956e+00
6.308843431786554821e-04,1.034477929736025592e+00,-1.134179004803321543e-05,4.999955206319463663e+00,3.137034768994968470e+00
6.318843431786555064e-04,1.025955674238998583e+00,1.088690262051502534e-05,4.999871026766337323e+00,3.137037963066604096e+00
6.328843431786555307e-04,1.017491611487984393e+00,-1.020728327908492828e-05,4.999954269292362419e+00,3.137039043484910028e+00
6.338843431786555550e-04,1.009086075629686441e+00,9.820812178390792181e-06,4.999874500568381563e+00,3.137042116668925740e+00
6.348843431786555793e-04,1.000739398500270383e+00,-9.204711403051178692e-06,4.999953454985187840e+00,3.137043305820879091e+00
6.358843431786556036e-04,9.924519096122568218e-01,8.877985708390810618e-06,4.999877872127214573e+00,3.137046265469090045e+00
6.368843431786556280e-04,9.842239361415152654e-01,-8.317333053528692041e-06,4.999952757917748514e+00,3.137047556887922806e+00
6.378843431786556523e-04,9.760558029143500125e-01,8.042828867043677355e-06,4.999881146559516765e+00,3.137050409865432155e+00
6.388843431786556766e-04,9.679478323946753004e-01,-7.530622212203308290e-06,4.999952172744213108e+00,3.137051797473064063e+00
6.398843431786557009e-04,9.599003446712854881e-01,7.301807962978460267e-06,4.999884328782430387e+00,3.137054550388617358e+00
6.408843431786557252e-04,9.519136574452136124e-01,-6.831966883108677947e-06,4.999951694337587682e+00,3.137056028271994368e+00
6.418843431786557495e-04,9.439880860171987464e-01,6.643170068644783962e-06,4.999887423558482702e+00,3.137058687383748712e+00
6.428843431786557738e-04,9.361239432752275214e-01,-6.210413606081957519e-06,4.999951317754480762e+00,3.137060250059104494e+00
6.438843431786557981e-04,9.283215396821911103e-01,6.056704836232710587e-06,4.999890435447940540e+00,3.137062821255002465e+00
6.448843431786558224e-04,9.205811832636245917e-01,-5.656444808449995230e-06,4.999951038201626119e+00,3.137064463479765752e+00
6.458843431786558467e-04,9.129031795955435680e-01,5.533536993735073279e-06,4.999893368767952317e+00,3.137066952397944419e+00
6.468843431786558710e-04,9.052878317923880314e-01,-5.161781068059369180e-06,4.999950851143413644e+00,3.137068669204034599e+00
6.478843431786558953e-04,8.977354404950479427e-01,5.065946968819405462e-06,4.999896227762163470e+00,3.137071081104358949e+00
6.488843431786559196e-04,8.902463038590004984e-01,-4.719226765486865285e-06,4.999950752126308018e+00,3.137072867827404465e+00
6.498843431786559439e-04,8.828207175425379916e-01,4.647222320156898266e-06,4.999899016417972852e+00,3.137075207678934774e+00
6.508843431786559683e-04,8.754589746950913742e-01,-4.322514786579443985e-06,4.999950736999449141e+00,3.137077059869369577e+00
6.518843431786559926e-04,8.681613659456652865e-01,4.271510823044375711e-06,4.999901738505482918e+00,3.137079332463847958e+00
6.528843431786560169e-04,8.609281793913550196e-01,-3.966182585843581358e-06,4.999950801740001616e+00,3.137081245889485448e+00
6.538843431786560412e-04,8.537597005859820509e-01,3.933715197289090747e-06,4.999904397682856327e+00,3.137083455648027819e+00
6.548843431786560655e-04,8.466562125288161766e-01,-3.645474204156682138e-06,4.999950942437610735e+00,3.137085426364842888e+00
6.558843431786560898e-04,8.396179956534004507e-01,3.629394976822871671e-06,4.999906997408174014e+00,3.137087577602767130e+00
6.568843431786561141e-04,8.326453278164880345e-01,-3.356237173763532232e-06,4.999951155510356848e+00,3.137089601779879278e+00
6.578843431786561384e-04,8.257384842870640895e-01,3.354669554785166222e-06,4.999909541017011350e+00,3.137091698393179140e+00
6.588843431786561627e-04,8.188977377354855758e-01,-3.094849787539134642e-06,4.999951437390605768e+00,3.137093772593936958e+00
6.598843431786561870e-04,8.121233582227138648e-01,3.106151427724915882e-06,4.999912031539134105e+00,3.137095818367721112e+00
6.608843431786562113e-04,8.054156131896510473e-01,-2.858142749315641919e-06,4.999951784701006652e+00,3.137097939212215358e+00
6.618843431786562356e-04,7.987747674465870418e-01,2.880880931353028709e-06,4.999914471997105814e+00,3.137099937670217109e+00
6.628843431786562599e-04,7.922010831627384064e-01,-2.643345525170815664e-06,4.999952194349980061e+00,3.137102101932879972e+00
6.638843431786562842e-04,7.856948198559081664e-01,2.676262100619217353e-06,4.999916865186659898e+00,3.137104056512391104e+00
6.648843431786563085e-04,7.792562343822293514e-01,-2.448033570003264165e-06,4.999952663192651414e+00,3.137106261251808803e+00
6.658843431786563329e-04,7.728855809260311016e-01,2.490029989029779273e-06,4.999919213805346097e+00,3.137108174915359537e+00
6.668843431786563572e-04,7.665831109898051388e-01,-2.270081621838893185e-06,4.999953188435877216e+00,3.137110417415511332e+00
6.678843431786563815e-04,7.603490733842703797e-01,2.320187686215347376e-06,4.999921520306111589e+00,3.137112293270694074e+00
6.688843431786564058e-04,7.541837142185605636e-01,-2.107622546295521530e-06,4.999953767210720379e+00,3.137114570722964402e+00
6.698843431786564301e-04,7.480872768904973658e-01,2.164992264124864005e-06,4.999923787137454667e+00,3.137116411507611780e+00
6.708843431786564544e-04,7.420600020769863026e-01,-1.959018903718026302e-06,4.999954396996761474e+00,3.137118721543200817e+00
6.718843431786564787e-04,7.361021277245181071e-01,2.022903766363309416e-06,4.999926016550239716e+00,3.137120529852757578e+00
6.728843431786565030e-04,7.302138890397702475e-01,-1.822830782669947583e-06,4.999955075194061571e+00,3.137122870107952988e+00
6.738843431786565273e-04,7.243955184803247960e-01,1.892574141495895861e-06,4.999928210684158714e+00,3.137124648421321549e+00
6.748843431786565516e-04,7.186472457454879947e-01,-1.697787551121483922e-06,4.999955799524648192e+00,3.137127016614846386e+00
6.758843431786565759e-04,7.129692977672237308e-01,1.772806510021003131e-06,4.999930371539128338e+00,3.137128767292541642e+00
6.768843431786566002e-04,7.073618987011971448e-01,-1.582769945686144164e-06,4.999956567621157255e+00,3.137131161436794713e+00
6.778843431786566245e-04,7.018252699179214904e-01,1.662552300366454352e-06,4.999932501013783614e+00,3.137132886605567883e+00
6.788843431786566488e-04,6.963596299940222334e-01,-1.476787020499440398e-06,4.999957377427292293e+00,3.137135304647323153e+00
6.798843431786566732e-04,6.909651947036037356e-01,1.560877359716246706e-06,4.999934600916979832e+00,3.137137006387201499e+00
6.808843431786566975e-04,6.856421770097336221e-01,-1.378965651076553216e-06,4.999958226792414528e+00,3.137139446529207731e+00
6.818843431786567218e-04,6.803907870560372828e-01,1.466963470490199926e-06,4.999936672964176765e+00,3.137141126711038286e+00
6.828843431786567461e-04,6.752112321583978449e-01,-1.288530371841297244e-06,4.999959113868183813e+00,3.137143587246650878e+00
6.838843431786567704e-04,6.701037167967747177e-01,1.380075105631256318e-06,4.999938718713313968e+00,3.137145247730880104e+00
6.848843431786567947e-04,6.650684426071280519e-01,-1.204792540680728754e-06,4.999960036690068499e+00,3.137147727018524179e+00
6.858843431786568190e-04,6.601056083734604396e-01,1.299569032790721051e-06,4.999940739722208427e+00,3.137149369399234278e+00
6.868843431786568433e-04,6.552154100199705233e-01,-1.127142928243918861e-06,4.999960993557114541e+00,3.137151865887516156e+00
6.878843431786568676e-04,6.503980406033160744e-01,1.224866128822832441e-06,4.999942737387855551e+00,3.137153491848160058e+00
6.888843431786568919e-04,6.456536903049931997e-01,-1.055034146636789466e-06,4.999961982799065119e+00,3.137156004081591565e+00
6.898843431786569162e-04,6.409825464238276815e-01,1.155449245694313967e-06,4.999944713025215037e+00,3.137157615098006502e+00
6.908843431786569405e-04,6.363847933685802261e-01,-9.879804037289977044e-07,4.999963002746689256e+00,3.137160141736873964e+00
6.918843431786569648e-04,6.318606126506716159e-01,1.090864151045697095e-06,4.999946667966508329e+00,3.137161739155666318e+00
6.928843431786569891e-04,6.274101828770080047e-01,-9.255502837195536883e-07,4.999964051940768428e+00,3.137164278945064222e+00
6.938843431786570135e-04,6.230336797429376627e-01,1.030694953687430705e-06,4.999948603281978876e+00,3.137165864112214653e+00
6.948843431786570378e-04,6.187312760253098620e-01,-8.673494394689225459e-07,4.999965128886384669e+00,3.137168415800775989e+00
6.958843431786570621e-04,6.145031415756554427e-01,9.745758425195882083e-07,4.999950520197216086e+00,3.137169989962578232e+00
6.968843431786570864e-04,6.103494433134850627e-01,-8.130346655556253998e-07,4.999966232186495496e+00,3.137172552453759700e+00
6.978843431786571107e-04,6.062703452196920306e-01,9.221772733491053412e-07,4.999952419698623807e+00,3.137174116686592296e+00
6.988843431786571350e-04,6.022660083300859224e-01,-7.622876527753054409e-07,4.999967360604801847e+00,3.137176688902751032e+00
6.998843431786571593e-04,5.983365907290292274e-01,8.731959784571740480e-07,4.999954302766611569e+00,3.137178244328622245e+00
7.008843431786571836e-04,5.944822475432012254e-01,-7.148267224833574156e-07,4.999968512769681794e+00,3.137180825320593058e+00
7.018843431786572079e-04,5.907031309354717763e-01,8.273682931352610816e-07,4.999956170329529215e+00,3.137182372871459179e+00
7.028843431786572322e-04,5.869993900988925706e-01,-6.703977672437625502e-07,4.999969687533194040e+00,3.137184961715782983e+00
7.038843431786572565e-04,5.833711712508109493e-01,7.844521044214304124e-07,4.999958023303527455e+00,3.137186502395250098e+00
7.048843431786572808e-04,5.798186176270938574e-01,-6.287700888706696529e-07,4.999970883800783028e+00,3.137189098167190160e+00
7.058843431786573051e-04,5.763418694764754768e-01,7.442235930388978045e-07,4.999959862435170876e+00,3.137190632810100244e+00
7.068843431786573294e-04,5.729410640550205436e-01,-5.897317963548305495e-07,4.999972100432391819e+00,3.137193234694894084e+00
7.078843431786573537e-04,5.696163356207026851e-01,7.064839321027088659e-07,4.999961688486289191e+00,3.137194764180552653e+00
7.088843431786573781e-04,5.663678154281088784e-01,-5.530946655128976861e-07,4.999973336347800945e+00,3.137197371411313718e+00
7.098843431786574024e-04,5.631956317232527098e-01,6.710552764423063027e-07,4.999963502196587584e+00,3.137198896417479510e+00
7.108843431786574267e-04,5.600999097385159775e-01,-5.186857758128219956e-07,4.999974590632175087e+00,3.137201508268659733e+00
7.118843431786574510e-04,5.570807716877022031e-01,6.377710168446791012e-07,4.999965304267710131e+00,3.137203029532334320e+00
7.128843431786574753e-04,5.541383367612113808e-01,-4.863493938839061236e-07,4.999975862293437601e+00,3.137205645392438846e+00
7.138843431786574996e-04,5.512727211213366285e-01,6.064795666184835817e-07,4.999967095225748004e+00,3.137207163557190093e+00
7.148843431786575239e-04,5.484840378976758579e-01,-4.559383934290296380e-07,4.999977150403504211e+00,3.137209782674694747e+00
7.158843431786575482e-04,5.457723971826686782e-01,5.770445025353031273e-07,4.999968875711194194e+00,3.137211298395088388e+00
7.168843431786575725e-04,5.431379060272472081e-01,-4.273225811093041852e-07,4.999978454127719019e+00,3.137213920236684661e+00
7.178843431786575968e-04,5.405806684366110115e-01,5.493396866470420562e-07,4.999970646280067932e+00,3.137215434059401620e+00
7.188843431786576211e-04,5.381007853661219364e-01,-4.003808564359362240e-07,4.999979772658718957e+00,3.137218058065804893e+00
7.198843431786576454e-04,5.356983547173168603e-01,5.232476262726028315e-07,4.999972407411282127e+00,3.137219570555060510e+00
7.208843431786576697e-04,5.333734713340441136e-01,-3.750013948634639940e-07,4.999981105177590202e+00,3.137222196209262570e+00
7.218843431786576940e-04,5.311262269987198081e-01,4.986624645471090472e-07,4.999974159577717181e+00,3.137223707826246155e+00
7.228843431786577184e-04,5.289567104287011823e-01,-3.510832421249540346e-07,4.999982450902011877e+00,3.137226334519978455e+00
7.238843431786577427e-04,5.268650072727880662e-01,4.754873958719485850e-07,4.999975903211236528e+00,3.137227845783943536e+00
7.248843431786577670e-04,5.248512001078400324e-01,-3.285324183896259716e-07,4.999983809115532196e+00,3.137230473189425606e+00
7.258843431786577913e-04,5.229153684355150045e-01,4.536314767110733863e-07,4.999977638710856986e+00,3.137231984441780419e+00
7.268843431786578156e-04,5.210575886791330991e-01,-3.072612974135281086e-07,4.999985179125953749e+00,3.137234612051624350e+00
7.278843431786578399e-04,5.192779341806579296e-01,4.330115984375965541e-07,4.999979366480117093e+00,3.137236123729144843e+00
7.288843431786578642e-04,5.175764751978018108e-01,-2.871905964137974695e-07,4.999986560270216707e+00,3.137238751220572386e+00
7.298843431786578885e-04,5.159532789012524212e-01,4.135487882960733173e-07,4.999981086810331377e+00,3.137240263633090720e+00
7.308843431786579128e-04,5.144084093720195927e-01,-2.682432770917209636e-07,4.999987951897503002e+00,3.137242890529266859e+00
7.318843431786579371e-04,5.129419275989077764e-01,3.951737285338696016e-07,4.999982800117320103e+00,3.137244404156759092e+00
7.328843431786579614e-04,5.115538914761055267e-01,-2.503535612674179517e-07,4.999989353435027262e+00,3.137247030146728566e+00
7.338843431786579857e-04,5.102443558009028823e-01,3.778178218846096197e-07,4.999984506630307024e+00,3.137248545104214692e+00
7.348843431786580100e-04,5.090133722715259879e-01,-2.334558773684813549e-07,4.999990764234367724e+00,3.137251169911809079e+00
7.358843431786580343e-04,5.078609894850965034e-01,3.614205622235968890e-07,4.999986206623010077e+00,3.137252686634572907e+00
7.368843431786580586e-04,5.067872529357138056e-01,-2.174904961815851199e-07,4.999992183751828634e+00,3.137255309853768104e+00
7.378843431786580830e-04,5.057922050126584246e-01,3.459249468114151704e-07,4.999987900384648576e+00,3.137256828498651284e+00
7.388843431786581073e-04,5.048758849987182717e-01,-2.024041695340352098e-07,4.999993611426169160e+00,3.137259449885026807e+00
7.398843431786581316e-04,5.040383290686389905e-01,3.312773882140882527e-07,4.999989588094440052e+00,3.137260970782794089e+00
7.408843431786581559e-04,5.032795702876939892e-01,-1.881430417487368739e-07,4.999995046741448235e+00,3.137263590031575511e+00
7.418843431786581802e-04,5.025996386103812608e-01,3.174275245964440954e-07,4.999991269990666787e+00,3.137265113456689569e+00
7.428843431786582045e-04,5.019985608792387755e-01,-1.746594026221855946e-07,4.999996489202256811e+00,3.137267730303106017e+00
7.438843431786582288e-04,5.014763608237864378e-01,3.043280535283885798e-07,4.999992946245259695e+00,3.137269256302475551e+00
7.448843431786582531e-04,5.010330590595883926e-01,-1.619070999908360438e-07,4.999997938322837676e+00,3.137271870611640701e+00
7.458843431786582774e-04,5.006686730874387870e-01,2.919353675767423327e-07,4.999994617046644052e+00,3.137273399486515846e+00
7.468843431786583017e-04,5.003832172926723221e-01,-1.498459727892509089e-07,4.999999393595939701e+00,3.137276010956469463e+00
7.478843431786583260e-04,5.001767029445947088e-01,2.802112606383490269e-07,4.999996282552094051e+00,3.137277542762157090e+00
7.488843431786583503e-04,5.000491381960388004e-01,-1.384367624500331785e-07,5.000000854605263001e+00,3.137280151246388371e+00
7.498843431786583746e-04,5.000005280830426280e-01,2.691152086032492929e-07,4.999997942868168899e+00,3.137281686232624711e+00
7.508843431786583989e-04,5.000308745246500042e-01,-1.276394313292326513e-07,5.000002320934114231e+00,3.137284291496503563e+00
7.518843431786584233e-04,5.001401763228356945e-01,2.586106731040144982e-07,4.999999598160992598e+00,3.137285829743777565e+00
7.528843431786584476e-04,5.003284291625516023e-01,-1.174236802903740881e-07,5.000003792071444408e+00,3.137288431616364726e+00
7.538843431786584719e-04,5.005956256118979653e-01,2.486675479605448498e-07,5.000001248479957638e+00,3.137289973314699942e+00
7.548843431786584962e-04,5.009417551224164544e-01,-1.077534351541674494e-07,5.000005267702499978e+00,3.137292571663837570e+00
7.558843431786585205e-04,5.013668040295069517e-01,2.392517020216473115e-07,5.000002893995504571e+00,3.137294116858252657e+00
7.568843431786585448e-04,5.018707555529660080e-01,-9.860161931509888292e-08,5.000006747371751992e+00,3.137296711525393356e+00
7.578843431786585691e-04,5.024535897976507570e-01,2.303366560615192380e-07,5.000004534761009367e+00,3.137298260363380109e+00
7.588843431786585934e-04,5.031152837542627321e-01,-8.993848966837673960e-08,5.000008230745537574e+00,3.137300851189905870e+00
7.598843431786586177e-04,5.038558113002578054e-01,2.218902658390499186e-07,5.000006170790007864e+00,3.137302403740115597e+00
7.608843431786586420e-04,5.046751432008766969e-01,-8.173437553375072406e-08,5.000009717407251308e+00,3.137304990577951980e+00
7.618843431786586663e-04,5.055732471102984960e-01,2.138896446070400555e-07,5.000007802225660214e+00,3.137306546938849028e+00
7.628843431786586906e-04,5.065500875729189723e-01,-7.396723580638702109e-08,5.000011207044620321e+00,3.137309129707693156e+00
7.638843431786587149e-04,5.076056260247487906e-01,2.063091864789111688e-07,5.000009429079454115e+00,3.137310689972527378e+00
7.648843431786587392e-04,5.087398207949376250e-01,-6.661302704672346994e-08,5.000012699261411342e+00,3.137313268554786205e+00
7.658843431786587636e-04,5.099526271074179551e-01,1.991257258147303275e-07,5.000011051344277035e+00,3.137314832753613114e+00
7.668843431786587879e-04,5.112439970826732072e-01,-5.964704265783621203e-08,5.000014193740919488e+00,3.137317407062517383e+00
7.678843431786588122e-04,5.126138797396280200e-01,1.923182501417271366e-07,5.000012669120801334e+00,3.137318975237783469e+00
7.688843431786588365e-04,5.140622209976604129e-01,-5.305152132437715703e-08,5.000015690146274672e+00,3.137321545190627337e+00
7.698843431786588608e-04,5.155889636787380770e-01,1.858663394726706595e-07,5.000014282370371710e+00,3.137323117408227446e+00
7.708843431786588851e-04,5.171940475096732381e-01,-4.680410243548181276e-08,5.000017188170716054e+00,3.137325682871332955e+00
7.718843431786589094e-04,5.188774091245054176e-01,1.797510611755110920e-07,5.000015891163949178e+00,3.137327259213772646e+00
7.728843431786589337e-04,5.206389820670003221e-01,-4.088788296963109714e-08,5.000018687521159855e+00,3.137329820204802999e+00
7.738843431786589580e-04,5.224786967932739667e-01,1.739511288242445397e-07,5.000017495402556911e+00,3.137331400638020629e+00
7.748843431786589823e-04,5.243964806745395890e-01,-3.528281051727879036e-08,5.000020187814151917e+00,3.137333957017769404e+00
7.758843431786590066e-04,5.263922579999729123e-01,1.684538510454379671e-07,5.000019095160913807e+00,3.137335541636193437e+00
7.768843431786590309e-04,5.284659499797028648e-01,-2.997441261209276192e-08,5.000021688846263856e+00,3.137338093405371175e+00
7.778843431786590552e-04,5.306174747479208698e-01,1.632400274229624512e-07,5.000020690395583500e+00,3.137339682174313804e+00
7.788843431786590795e-04,5.328467473661122611e-01,-2.494451600958870472e-08,5.000023190322364641e+00,3.137342229271502525e+00
7.798843431786591038e-04,5.351536798264122652e-01,1.582935170768354135e-07,5.000022281089044895e+00,3.137343822235343360e+00
7.808843431786591282e-04,5.375381810550767803e-01,-2.018107402693930481e-08,5.000024691878656391e+00,3.137346364596638182e+00
7.818843431786591525e-04,5.400001569160801651e-01,1.536037987358220860e-07,5.000023867195952931e+00,3.137347961777716243e+00
7.828843431786591768e-04,5.425395102148313775e-01,-1.566776609557584596e-08,5.000026193348259262e+00,3.137350499417640215e+00
7.838843431786592011e-04,5.451561407020100170e-01,1.491536787710263085e-07,5.000025448722247745e+00,3.137352100867397908e+00
7.848843431786592254e-04,5.478499450775251578e-01,-1.139408945145919181e-08,5.000027694372204401e+00,3.137354633667975179e+00
7.858843431786592497e-04,5.506208169945923103e-01,1.449327450469572761e-07,5.000027025563488436e+00,3.137356239406548397e+00
7.868843431786592740e-04,5.534686470639322842e-01,-7.344694761128276739e-09,5.000029194743418337e+00,3.137358767433758189e+00
7.878843431786592983e-04,5.563933228580912882e-01,1.409264230708928989e-07,5.000028597701427380e+00,3.137360377383103138e+00
7.888843431786593226e-04,5.593947289158756053e-01,-3.508455802898879278e-09,5.000030694180933821e+00,3.137362900601760707e+00
7.898843431786593469e-04,5.624727467469141651e-01,1.371249913650341152e-07,5.000030165096150725e+00,3.137364514820210726e+00
7.908843431786593712e-04,5.656272548363332486e-01,1.249710545303598360e-10,5.000032192448728097e+00,3.137367033178262599e+00
7.918843431786593955e-04,5.688581286495544287e-01,1.335178297137651045e-07,5.000031727701042428e+00,3.137368651747785009e+00
7.928843431786594198e-04,5.721652406372124133e-01,3.565900387727207675e-09,5.000033689309098861e+00,3.137371165304659648e+00
7.938843431786594441e-04,5.755484602401874650e-01,1.300934866102851888e-07,5.000033285423181262e+00,3.137372788109069166e+00
7.948843431786594685e-04,5.790076538947641627e-01,6.825921605187272816e-09,5.000035184519230569e+00,3.137375296859906459e+00
7.958843431786594928e-04,5.825426850378991883e-01,1.268416760475036536e-07,5.000034838200842380e+00,3.137376923986455068e+00
7.968843431786595171e-04,5.861534141126159003e-01,9.913237712235409612e-09,5.000036677803556984e+00,3.137379427924178454e+00
7.978843431786595414e-04,5.898396985735134823e-01,1.237550618512608014e-07,5.000036385956748930e+00,3.137381059370138114e+00
7.988843431786595657e-04,5.936013928923924432e-01,1.283713955790715188e-08,5.000038168964773710e+00,3.137383558436029674e+00
7.998843431786595900e-04,5.974383485640035740e-01,1.208235512027466364e-07,5.000037928613940252e+00,3.137385194222858331e+00
8.008843431786596143e-04,6.013504141119059287e-01,1.560653245785755018e-08,5.000039657764607348e+00,3.137387688557616183e+00
8.018843431786596386e-04,6.053374350944495941e-01,1.180400545832921008e-07,5.000039466122085940e+00,3.137389328616165596e+00
8.028843431786596629e-04,6.093992541108745886e-01,1.822879511077786875e-08,5.000041144008732452e+00,3.137391818244388286e+00
8.038843431786596872e-04,6.135357108075196741e-01,1.153956920978527972e-07,5.000040998387213165e+00,3.137393462603931926e+00
8.048843431786597115e-04,6.177466418841583984e-01,2.071185887082322565e-08,5.000042627458826772e+00,3.137395947575797095e+00
8.058843431786597358e-04,6.220318811004414972e-01,1.128831046852668985e-07,5.000042525307028640e+00,3.137397596292011759e+00
8.068843431786597601e-04,6.263912592824618653e-01,2.306131056392948931e-08,5.000044107840566632e+00,3.137400076546001948e+00
8.078843431786597844e-04,6.308246043294341021e-01,1.104970758622457061e-07,5.000044046763493455e+00,3.137401729587951493e+00
8.088843431786598087e-04,6.353317412204859682e-01,2.528729280946652368e-08,5.000045585031209328e+00,3.137404205301258298e+00
8.098843431786598331e-04,6.399124920215717438e-01,1.082284556009705023e-07,5.000045562730056403e+00,3.137405862648664279e+00
8.108843431786598574e-04,6.445666758924926132e-01,2.739296002886372930e-08,5.000047058759408358e+00,3.137408333784709402e+00
8.118843431786598817e-04,6.492941090940376192e-01,1.060723102089011795e-07,5.000047073036861356e+00,3.137409995545671126e+00
8.128843431786599060e-04,6.540946049952403030e-01,2.938784411013938121e-08,5.000048528860213892e+00,3.137412462152585846e+00
8.138843431786599303e-04,6.589679740807414809e-01,1.040227585750570340e-07,5.000048577678741779e+00,3.137414128298696703e+00
8.148843431786599546e-04,6.639140239582737024e-01,3.127336519075750947e-08,5.000049995105515954e+00,3.137416590505527125e+00
8.158843431786599789e-04,6.689325593662578395e-01,1.020745188689464483e-07,5.000050076474557237e+00,3.137418261068575909e+00
8.168843431786600032e-04,6.740233821815078130e-01,3.305771179769207484e-08,5.000051457291079693e+00,3.137420718897192096e+00
8.178843431786600275e-04,6.791862914270572205e-01,1.002211897596904487e-07,5.000051569327287559e+00,3.137422393869761184e+00
8.188843431786600518e-04,6.844210832800887712e-01,3.474751779597287087e-08,5.000052915254092234e+00,3.137424847454438837e+00
8.198843431786600761e-04,6.897275510799825149e-01,9.845715195768452518e-08,5.000053056172813370e+00,3.137426526911375024e+00
8.208843431786601004e-04,6.951054853364775354e-01,3.634385596395637721e-08,5.000054368722032017e+00,3.137428976320281393e+00
8.218843431786601247e-04,7.005546737379362288e-01,9.678059664542768588e-08,5.000054536849328990e+00,3.137430660274758143e+00
8.228843431786601490e-04,7.060749011597324820e-01,3.785403205741079430e-08,5.000055817570300043e+00,3.137433105564579439e+00
8.238843431786601734e-04,7.116659496727393286e-01,9.518453016603009517e-08,5.000056011286447166e+00,3.137434794052094578e+00
8.248843431786601977e-04,7.173275985519347309e-01,3.928071445802453069e-08,5.000057261560390209e+00,3.137437235369768374e+00
8.258843431786602220e-04,7.230596242851146105e-01,9.366666600688312901e-08,5.000057479355001000e+00,3.137438928424838736e+00
8.268843431786602463e-04,7.288618005817182333e-01,4.062998817267556422e-08,5.000058700568441594e+00,3.137441365846092900e+00
8.278843431786602706e-04,7.347338983817615077e-01,9.221947584311626954e-08,5.000058940937102570e+00,3.137443063556370149e+00
8.288843431786602949e-04,7.406756858648768649e-01,4.190554118798332638e-08,5.000060134347953600e+00,3.137445497246728721e+00
8.298843431786603192e-04,7.466869284594686018e-01,9.084201398808299909e-08,5.000060395933028090e+00,3.137447199601071102e+00
8.308843431786603435e-04,7.527673888519710310e-01,4.310860928221814001e-08,5.000061562701565876e+00,3.137449629625419956e+00
8.318843431786603678e-04,7.589168269962200952e-01,8.953021455207188533e-08,5.000061844163496971e+00,3.137451336747203889e+00
8.328843431786603921e-04,7.651350001229291209e-01,4.424687416751700316e-08,5.000062985494627021e+00,3.137453763275102947e+00
8.338843431786604164e-04,7.714216627492671563e-01,8.828029439560169697e-08,5.000063285611105357e+00,3.137455475185316978e+00
8.348843431786604407e-04,7.777765666885603224e-01,4.531964970089334911e-08,5.000064402529651453e+00,3.137457898380557886e+00
8.358843431786604650e-04,7.841994610600808713e-01,8.708924489181460462e-08,5.000064720084841596e+00,3.137459615227261800e+00
8.368843431786604893e-04,7.906900922989577030e-01,4.633130975247547867e-08,5.000065813593943531e+00,3.137462035139467087e+00
8.378843431786605137e-04,7.972482041661852481e-01,8.595344314429252022e-08,5.000066147432548291e+00,3.137463756918767555e+00
8.388843431786605380e-04,8.038735377587320485e-01,4.728773078678650427e-08,5.000067218550805492e+00,3.137466173817383464e+00
8.398843431786605623e-04,8.105658315197756814e-01,8.487009211707222983e-08,5.000067567620561704e+00,3.137467900692773259e+00
8.408843431786605866e-04,8.173248212490151765e-01,4.818760631927107787e-08,5.000068617197812593e+00,3.137470314741135802e+00
8.418843431786606109e-04,8.241502401131104438e-01,8.383677700223449603e-08,5.000068980443690414e+00,3.137472046788825075e+00
8.428843431786606352e-04,8.310418186562136267e-01,4.903731729321548566e-08,5.000070009391319736e+00,3.137474458096398688e+00
8.438843431786606595e-04,8.379992848105999315e-01,8.284932734152775863e-08,5.000070385820443164e+00,3.137476195397303158e+00
8.448843431786606838e-04,8.450223639074221360e-01,4.983729478823730593e-08,5.000071394917425138e+00,3.137478604240127478e+00
8.458843431786607081e-04,8.521107786875405932e-01,8.190753955922941915e-08,5.000071783613385890e+00,3.137480346932302044e+00
8.468843431786607324e-04,8.592642493124780234e-01,5.058892147898571843e-08,5.000072773599622877e+00,3.137482753466579677e+00
8.478843431786607567e-04,8.664824933754651237e-01,8.100918723004275096e-08,5.000073173682233474e+00,3.137484501695697148e+00
8.488843431786607810e-04,8.737652259125818777e-01,5.129595394706826603e-08,5.000074145293058159e+00,3.137486906162523681e+00
8.498843431786608053e-04,8.811121594140205460e-01,8.015001851048237747e-08,5.000074555889684191e+00,3.137488660105065108e+00
8.508843431786608296e-04,8.885230038354245963e-01,5.196247499715870894e-08,5.000075509845540722e+00,3.137491062654405027e+00
8.518843431786608539e-04,8.959974666093477591e-01,7.932720582102377694e-08,5.000075930130780222e+00,3.137492822436787065e+00
8.528843431786608783e-04,9.035352526567967946e-01,5.258795112777527254e-08,5.000076867030454508e+00,3.137495223426590041e+00
8.538843431786609026e-04,9.111360643988843933e-01,7.854121442459690093e-08,5.000077296244097802e+00,3.137496989211580267e+00
8.548843431786609269e-04,9.187996017685797767e-01,5.317464363296510972e-08,5.000078216694608280e+00,3.137499388853072002e+00
8.558843431786609512e-04,9.265255622225476717e-01,7.778968820257685318e-08,5.000078654108900622e+00,3.137501160785063803e+00
8.568843431786609755e-04,9.343136407531003051e-01,5.372454283252310668e-08,5.000079558678426572e+00,3.137503559310075296e+00
8.578843431786609998e-04,9.421635299002313335e-01,7.707065199645896285e-08,5.000080003597284772e+00,3.137505337731855803e+00
8.588843431786610241e-04,9.500749197637576859e-01,5.424072192520813541e-08,5.000080892854946057e+00,3.137507735457296221e+00
8.598843431786610484e-04,9.580474980155559983e-01,7.638056159671112332e-08,5.000081344580427967e+00,3.137509520383545247e+00
8.608843431786610727e-04,9.660809499118860888e-01,5.472267753639008505e-08,5.000082218976491077e+00,3.137511917645777970e+00
8.618843431786610970e-04,9.741749583058245676e-01,7.572116368898685888e-08,5.000082676905063472e+00,3.137513709468010337e+00
8.628843431786611213e-04,9.823292036597781607e-01,5.517339673894593916e-08,5.000083536946763552e+00,3.137516106491108125e+00
8.638843431786611456e-04,9.905433640581016164e-01,7.508747136760962952e-08,5.000084000429366071e+00,3.137517905457411604e+00
8.648843431786611699e-04,9.988171152198093150e-01,5.559552281905596864e-08,5.000084846577433240e+00,3.137520302641656933e+00
8.658843431786611942e-04,1.007150130511370367e+00,7.447753609137091104e-08,5.000085314995175167e+00,3.137522108931581233e+00
8.668843431786612186e-04,1.015542080959611404e+00,5.599031168331453837e-08,5.000086147674353221e+00,3.137524506649347789e+00
8.678843431786612429e-04,1.023992635264697082e+00,7.389412784950956299e-08,5.000086620545602933e+00,3.137526320638862387e+00
8.688843431786612672e-04,1.032501459813212064e+00,5.635472535734435304e-08,5.000087440092133129e+00,3.137528719237625996e+00
8.698843431786612915e-04,1.041068218691334701e+00,7.333463004106245899e-08,5.000087916860305626e+00,3.137530541160110431e+00
8.708843431786613158e-04,1.049692573698092213e+00,5.669584222241901617e-08,5.000088723729176010e+00,3.137532941103078787e+00
8.718843431786613401e-04,1.058374184358714665e+00,7.279515973663598548e-08,5.000089203877908339e+00,3.137534771320859228e+00
8.728843431786613644e-04,1.067112707938081106e+00,5.701034125816656829e-08,5.000089998333216990e+00,3.137537172970316313e+00
8.738843431786613887e-04,1.075907799454240976e+00,7.227774845418692073e-08,5.000090481385710106e+00,3.137539011841498748e+00
8.748843431786614130e-04,1.084759111692043199e+00,5.730331094664228135e-08,5.000091263828270627e+00,3.137541415692497004e+00
8.758843431786614373e-04,1.093666295216835227e+00,7.177663361173612830e-08,5.000091749261536656e+00,3.137543263625621304e+00
8.768843431786614616e-04,1.102628998388262005e+00,5.757463786358795919e-08,5.000092519969451033e+00,3.137545670136394182e+00
8.778843431786614859e-04,1.111646867374151082e+00,7.129526897285896056e-08,5.000093007386137600e+00,3.137547527501999944e+00
8.788843431786615102e-04,1.120719546164473668e+00,5.782325633577850791e-08,5.000093766627748515e+00,3.137549937150491353e+00
8.798843431786615345e-04,1.129846676585408716e+00,7.083316408026585692e-08,5.000094255633236173e+00,3.137551804451844895e+00
8.808843431786615588e-04,1.139027898313473619e+00,5.804992756455813351e-08,5.000095003656049641e+00,3.137554217811536095e+00
8.818843431786615832e-04,1.148262848889754606e+00,7.038627012248340515e-08,5.000095493787281242e+00,3.137556095491452979e+00
8.828843431786616075e-04,1.157551163734217736e+00,5.826052174449875291e-08,5.000096230914239825e+00,3.137558513108085201e+00
8.838843431786616318e-04,1.166892476160094949e+00,6.995287907621075935e-08,5.000096721776230879e+00,3.137560401677164990e+00
8.848843431786616561e-04,1.176286417388368921e+00,5.845175434607802223e-08,5.000097448185647053e+00,3.137562824181502563e+00
8.858843431786616804e-04,1.185732616562323649e+00,6.953639643206274681e-08,5.000097939452812668e+00,3.137564724188911303e+00
8.868843431786617047e-04,1.195230700762188958e+00,5.862507991544687782e-08,5.000098655390119440e+00,3.137567152200577247e+00
8.878843431786617290e-04,1.204780295019866720e+00,6.913246442364975121e-08,5.000099146666847183e+00,3.137569064213884928e+00
8.888843431786617533e-04,1.214381022333724358e+00,5.878130493713914059e-08,5.000099852303186765e+00,3.137571498449587715e+00
8.898843431786617776e-04,1.224032503683490702e+00,6.874134554849545778e-08,5.000100343236867140e+00,3.137573423133038109e+00
8.908843431786618019e-04,1.233734358045202484e+00,5.892148203192188927e-08,5.000101038757872374e+00,3.137575864271076487e+00
8.918843431786618262e-04,1.243486202406264729e+00,6.836310158158905803e-08,5.000101529037338288e+00,3.137577802260506754e+00
8.928843431786618505e-04,1.253287651780561118e+00,5.904838771665998655e-08,5.000102214682705437e+00,3.137580251135380749e+00
8.938843431786618748e-04,1.263138319223650274e+00,6.799451292005962579e-08,5.000102703969267814e+00,3.137582203152473159e+00
8.948843431786618991e-04,1.273037815848052867e+00,5.915907325876240519e-08,5.000103379828102490e+00,3.137584660536028913e+00
8.958843431786619235e-04,1.282985750838587347e+00,6.763872881856913995e-08,5.000103867845465011e+00,3.137586627380298587e+00
8.968843431786619478e-04,1.292981731467816475e+00,5.925621252432674779e-08,5.000104534109508947e+00,3.137589094152709368e+00
8.978843431786619721e-04,1.303025363111542267e+00,6.729221701971172492e-08,5.000105020546849133e+00,3.137591076652232580e+00
8.988843431786619964e-04,1.313116249264382196e+00,5.933865258199454580e-08,5.000105677296948770e+00,3.137593553808351032e+00
8.998843431786620207e-04,1.323253991555433551e+00,6.695586480726417182e-08,5.000106161870401245e+00,3.137595552804108845e+00
9.008843431786620450e-04,1.333438189763983317e+00,5.941097032593461083e-08,5.000106809315799872e+00,3.137598041271500104e+00
9.018843431786620693e-04,1.343668441835327743e+00,6.662710976186508472e-08,5.000107291753031369e+00,3.137600057757165217e+00
9.028843431786620936e-04,1.353944343896632985e+00,5.946988690606578276e-08,5.000107929953625074e+00,3.137602558683842968e+00
9.038843431786621179e-04,1.364265490272878356e+00,6.630759835245538382e-08,5.000108409998082593e+00,3.137604593643368300e+00
9.048843431786621422e-04,1.374631473502881507e+00,5.951709479236548024e-08,5.000109039069794648e+00,3.137607108108012799e+00
9.058843431786621665e-04,1.385041884355368458e+00,6.599571186475037645e-08,5.000109516459856351e+00,3.137609162718486555e+00
9.068843431786621908e-04,1.395496311845146886e+00,5.955416744655786958e-08,5.000110136522967430e+00,3.137611691912198353e+00
9.078843431786622151e-04,1.405994343249321821e+00,6.569111251870451261e-08,5.000110611028039109e+00,3.137613767361211004e+00
9.088843431786622394e-04,1.416535564123587720e+00,5.957944674249861630e-08,5.000111222135390499e+00,3.137616312694869958e+00
9.098843431786622638e-04,1.427119558318593606e+00,6.539483797000220136e-08,5.000111693541792413e+00,3.137618410190076812e+00
9.108843431786622881e-04,1.437745907996370143e+00,5.959469533862665033e-08,5.000112295797306317e+00,3.137620972986373324e+00
9.118843431786623124e-04,1.448414193646828441e+00,6.510224821541630331e-08,5.000112763804370530e+00,3.137623093934078788e+00
9.128843431786623367e-04,1.459123994104319921e+00,5.960115634872702017e-08,5.000113357262825353e+00,3.137625675751682497e+00
9.138843431786623610e-04,1.469874886564259020e+00,6.481863343037038473e-08,5.000113821747150133e+00,3.137627821613342860e+00
9.148843431786623853e-04,1.480666446599819830e+00,5.959723134862277177e-08,5.000114406488450847e+00,3.137630424054763889e+00
9.158843431786624096e-04,1.491498248178688701e+00,6.453931079384647063e-08,5.000114867184812795e+00,3.137632596485368186e+00
9.168843431786624339e-04,1.502369863679887896e+00,5.958426558244081974e-08,5.000115443239669055e+00,3.137635221292820020e+00
9.178843431786624582e-04,1.513280863910654084e+00,6.426514181496862954e-08,5.000115899940402286e+00,3.137637422035334911e+00
9.188843431786624825e-04,1.524230818123379461e+00,5.956368710895216653e-08,5.000116467382176744e+00,3.137640071017537391e+00
9.198843431786625068e-04,1.535219294032620585e+00,6.399564821400687742e-08,5.000116919898338175e+00,3.137642301910652520e+00
9.208843431786625311e-04,1.546245857832162951e+00,5.953597768072264753e-08,5.000117478798236093e+00,3.137644977246764721e+00
9.218843431786625554e-04,1.557310074212150619e+00,6.373077830725406016e-08,5.000117926954636971e+00,3.137647240299055618e+00
9.228843431786625797e-04,1.568411506376263365e+00,5.949747934361609112e-08,5.000118477269451134e+00,3.137649944103963140e+00
9.238843431786626040e-04,1.579549716058970876e+00,6.347176774462169029e-08,5.000118920882830942e+00,3.137652241564520494e+00
9.248843431786626284e-04,1.590724263542825145e+00,5.945212848956203766e-08,5.000119462686780203e+00,3.137654976211869062e+00
9.258843431786626527e-04,1.601934707675823688e+00,6.321550398211695317e-08,5.000119901555427404e+00,3.137657310452121262e+00
9.268843431786626770e-04,1.613180605888830499e+00,5.940130753490547411e-08,5.000120434905176658e+00,3.137660078481037562e+00
9.278843431786627013e-04,1.624461514213038971e+00,6.296251545829517691e-08,5.000120868874032176e+00,3.137662452143649805e+00
9.288843431786627256e-04,1.635776987297502760e+00,5.934206654555745460e-08,5.000121393743887310e+00,3.137665256401843461e+00
9.298843431786627499e-04,1.647126578426722832e+00,6.271251052243558495e-08,5.000121822609899347e+00,3.137667672269825125e+00
9.308843431786627742e-04,1.658509839538271802e+00,5.927714174876151875e-08,5.000122339038928665e+00,3.137670515798581583e+00
9.318843431786627985e-04,1.669926321240495337e+00,6.246666878966253174e-08,5.000122762681781019e+00,3.137672977009152930e+00
9.328843431786628228e-04,1.681375572830242637e+00,5.920456691422406779e-08,5.000123270663485719e+00,3.137675863090058748e+00
9.338843431786628471e-04,1.692857142310663310e+00,6.222375769832876335e-08,5.000123688909805963e+00,3.137678373038462087e+00
9.348843431786628714e-04,1.704370576409057314e+00,5.912606164975031071e-08,5.000124188457310659e+00,3.137681305270964671e+00
9.358843431786628957e-04,1.715915420594757546e+00,6.198259526031813920e-08,5.000124601131466839e+00,3.137683867656888559e+00
9.368843431786629200e-04,1.727491219097086139e+00,5.904154934445304725e-08,5.000125092233813184e+00,3.137686850083420964e+00
9.378843431786629443e-04,1.739097514923337862e+00,6.174523224451393644e-08,5.000125499223185166e+00,3.137689468960823902e+00
9.388843431786629687e-04,1.750733849876825232e+00,5.895116150515802017e-08,5.000125981894999683e+00,3.137692505892313743e+00
9.398843431786629930e-04,1.762399764574972050e+00,6.150925575479650906e-08,5.000126383031595623e+00,3.137695185764022288e+00
9.408843431786630173e-04,1.774094798467437561e+00,5.885523461449424112e-08,5.000126857254159063e+00,3.137698281977772563e+00
9.418843431786630416e-04,1.785818489854312574e+00,6.127517208868380662e-08,5.000127252390843324e+00,3.137701027755706473e+00
9.428843431786630659e-04,1.797570375904333773e+00,5.875405120019592368e-08,5.000127718156243795e+00,3.137704188562826513e+00
9.438843431786630902e-04,1.809349992673160212e+00,6.104303302503780423e-08,5.000128107159869550e+00,3.137707005726958709e+00
9.448843431786631145e-04,1.821156875121695329e+00,5.864672131583403802e-08,5.000128564429158651e+00,3.137710236927314433e+00
9.458843431786631388e-04,1.832990557134433374e+00,6.081322847962057097e-08,5.000128947171415206e+00,3.137713131525584842e+00
9.468843431786631631e-04,1.844850571537874462e+00,5.853478563375543972e-08,5.000129395947492839e+00,3.137716439628305487e+00
9.478843431786631874e-04,1.856736450118955606e+00,6.058382036469608768e-08,5.000129772272157602e+00,3.137719418346665456e+00
9.488843431786632117e-04,1.868647723643540814e+00,5.841890159838432132e-08,5.000130212544433128e+00,3.137722810501279547e+00
9.498843431786632360e-04,1.880583921874949827e+00,6.035555919960559339e-08,5.000130582332236173e+00,3.137725880922934252e+00
9.508843431786632603e-04,1.892544573592511714e+00,5.829574400444598907e-08,5.000131014002918484e+00,3.137729365185261354e+00
9.518843431786632846e-04,1.904529206610179326e+00,6.012775864498120817e-08,5.000131377067478233e+00,3.137732535669738976e+00
9.528843431786633090e-04,1.916537347795160606e+00,5.816871564497988301e-08,5.000131800118531977e+00,3.137736121106409648e+00
9.538843431786633333e-04,1.928568523086600983e+00,5.989989993973254196e-08,5.000132156317853571e+00,3.137739401160115182e+00
9.548843431786633576e-04,1.940622257514304616e+00,5.803435438302540932e-08,5.000132570620740680e+00,3.137743097863777031e+00
9.558843431786633819e-04,1.952698075217471629e+00,5.966566152065662161e-08,5.000132919585293045e+00,3.137746498306738019e+00
9.568843431786634062e-04,1.964795499463499517e+00,5.788950518592413089e-08,5.000133324823443637e+00,3.137750317977108683e+00
9.578843431786634305e-04,1.976914052666792099e+00,5.942289218179635952e-08,5.000133666076458816e+00,3.137753851254970527e+00
9.588843431786634548e-04,1.989053256407616654e+00,5.772121084557696241e-08,5.000134061531316121e+00,3.137757807423991796e+00
9.598843431786634791e-04,2.001212631450999258e+00,5.915219674196355478e-08,5.000134393854962944e+00,3.137761488282504008e+00
9.608843431786635034e-04,2.013391697765631427e+00,5.750154160548028376e-08,5.000134777717768486e+00,3.137765597453473276e+00
9.618843431786635277e-04,2.025589974542827409e+00,5.880663453002095470e-08,5.000135098151348600e+00,3.137769444334152613e+00
9.628843431786635520e-04,2.037806980215509434e+00,5.715987770352906289e-08,5.000135465899617770e+00,3.137773727892458897e+00
9.638843431786635763e-04,2.050042232477210291e+00,5.826663522020042992e-08,5.000135767028432987e+00,3.137777765970081401e+00
9.648843431786636006e-04,2.062295248301123429e+00,5.649957634237366885e-08,5.000136106763607202e+00,3.137782255104533125e+00
9.658843431786636249e-04,2.074565543959162817e+00,5.722681723832257118e-08,5.000136369556860139e+00,3.137786524221990891e+00
9.668843431786636492e-04,2.086852635041064552e+00,5.502663968945947531e-08,5.000136650769191782e+00,3.137791272099863971e+00
9.678843431786636736e-04,2.099156036473515119e+00,5.487706654899386666e-08,5.000136825795409301e+00,3.137795845872294986e+00
9.688843431786636979e-04,2.111475262539288966e+00,5.144055171865407579e-08,5.000136968901260026e+00,3.137800958732602563e+00
9.698843431786637222e-04,2.123809826896438935e+00,4.911969621208040860e-08,5.000136927669619702e+00,3.137805994796981857e+00
9.708843431786637465e-04,2.136159242597481800e+00,4.234579528038569155e-08,5.000136725226026257e+00,3.137811712309314771e+00
9.718843431786637708e-04,2.148523022108630443e+00,3.446424786707206538e-08,5.000136132454617410e+00,3.137817581687461832e+00
9.728843431786637951e-04,2.160900677329042896e+00,1.885748108280033513e-08,5.000135042432749977e+00,3.137824486557026837e+00
9.738843431786638194e-04,2.173291719610081607e+00,-3.467537148085238723e-09,5.000133021395314792e+00,3.137832112629830306e+00
9.748843431786638437e-04,2.185695659774617550e+00,-4.230901562303848574e-08,5.000129625087927465e+00,3.137841678788802380e+00
9.758843431786638680e-04,2.198112008136330786e+00,-1.024000207426566475e-07,5.000123878879559669e+00,3.137853425095589621e+00
9.768843431786637839e-04,2.210540274519045667e+00,-2.022793705447393819e-07,5.000114456485190928e+00,3.137869456031164184e+00
9.778843431786636998e-04,2.222979968276086460e+00,-3.614112674051116605e-07,5.000098958718804276e+00,3.137891457563310560e+00
9.788843431786636157e-04,2.235430598309646744e+00,-6.217037231412300061e-07,5.000073743784946956e+00,3.137923866847052157e+00
9.798843431786635316e-04,2.247891673090170794e+00,-1.041051801841855289e-06,5.000032661938908163e+00,3.137972159346027912e+00
9.808843431786634474e-04,2.260362700675762504e+00,-1.723252531115331952e-06,4.999965981245542146e+00,3.138046714817129601e+00
9.818843431786633633e-04,2.272843188731607178e+00,-2.827070505409064028e-06,4.999857676263311568e+00,3.138162820005475862e+00
9.828843431786632792e-04,2.285332644549403547e+00,-4.619588634184973206e-06,4.999681985281475782e+00,3.138347295451268337e+00
9.838843431786631951e-04,2.297830575066827752e+00,-7.524680611684611207e-06,4.999396884489827109e+00,3.138641700811719559e+00
9.848843431786631110e-04,2.310336486886976903e+00,-1.223883270325783871e-05,4.998934443281113360e+00,3.139115373841852463e+00
9.858843431786630269e-04,2.322849886297865929e+00,-1.988060681820283965e-05,4.998184317234400709e+00,3.139878803809771579e+00
9.868843431786629428e-04,2.335370279291915985e+00,-3.226783264621518161e-05,4.996968007587244465e+00,3.141112837209556474e+00
9.878843431786628587e-04,2.347897171585448639e+00,-5.231982096095434681e-05,4.994996696208905185e+00,3.143107986053694791e+00
9.888843431786627745e-04,2.360430068638205370e+00,-8.472829180963504191e-05,4.991804882206032801e+00,3.146334530960409381e+00
9.898843431786626904e-04,2.372968475672870170e+00,-1.369386417054976543e-04,4.986645342612125553e+00,3.151545238912339730e+00
9.908843431786626063e-04,2.385511897694600592e+00,-2.206366106325305626e-04,4.978328196047027809e+00,3.159940656660118474e+00
9.918843431786625222e-04,2.398059839510576996e+00,-3.536896628340433163e-04,4.964982234839628639e+00,3.173406228349832325e+00
9.928843431786624381e-04,2.410611805749540260e+00,-5.623951332076025395e-04,4.943725205257167410e+00,3.194846773274478302e+00
9.938843431786623540e-04,2.423167300881355235e+00,-8.827081508011800888e-04,4.910266904806698030e+00,3.228580751342179589e+00
9.948843431786622699e-04,2.435725829236572437e+00,-1.357535810891796627e-03,4.858574098253220619e+00,3.280675041968815098e+00
9.958843431786621857e-04,2.448286895025995058e+00,-2.023145816948479416e-03,4.780953511485681595e+00,3.358846895440154690e+00
9.968843431786621016e-04,2.460850002360257971e+00,-2.856639347426686171e-03,4.669247145374241903e+00,3.471280084804301946e+00
9.978843431786620175e-04,2.473414655269389417e+00,7.781846167466924691e-04,4.517894511133426327e+00,3.623593247177590460e+00
9.988843431786619334e-04,2.485980357722410439e+00,8.536914347908636236e-01,4.341878208471482203e+00,3.814268049430856511e+00
9.998843431786618493e-04,2.498546613646903669e+00,4.241391404670472376e+00,4.176917532355999718e+00,4.030959936229161933e+00
1.000884343178661765e-03,2.511112926948601221e+00,4.938954118175740149e+00,4.020035057507689302e+00,4.251599431291005260e+00
1.001884343178661681e-03,2.523678801530971239e+00,4.956332662202173722e+00,3.876356804909904863e+00,4.452728906723422142e+00
1.002884343178661597e-03,2.536243741314801792e+00,4.965378514549817268e+00,3.756692757374096470e+00,4.618335824484784524e+00
1.003884343178661513e-03,2.548807250257782098e+00,4.969213672872121457e+00,3.663499798141486963e+00,4.743620200276096099e+00
1.004884343178661429e-03,2.561368832374095739e+00,4.970646104997634929e+00,3.595385161356620340e+00,4.832442089451000733e+00
1.005884343178661345e-03,2.573927991753987676e+00,4.971507015308380240e+00,3.546284872444149361e+00,4.892551460163322652e+00
1.006884343178661260e-03,2.586484232583348142e+00,4.972208845886600947e+00,3.511437900286977776e+00,4.931961722490965983e+00
1.007884343178661176e-03,2.599037059163294305e+00,4.972770528477060026e+00,3.485781341732865801e+00,4.957260503106537541e+00
1.008884343178661092e-03,2.611585975929721748e+00,4.973245173243328487e+00,3.466659469800386528e+00,4.973292753656445520e+00
1.009884343178661008e-03,2.624130487472885687e+00,4.973562816277405041e+00,3.451291807285860269e+00,4.983358777013652485e+00
1.010884343178660924e-03,2.636670098556947117e+00,4.973848717392386654e+00,3.438738656757632572e+00,4.989654847403697246e+00
1.011884343178660840e-03,2.649204314139536720e+00,4.974037429867419036e+00,3.427543388317203288e+00,4.993571461151726787e+00
1.012884343178660756e-03,2.661732639391282351e+00,4.974238691438633175e+00,3.417593436238739901e+00,4.996011903421494260e+00
1.013884343178660672e-03,2.674254579715353852e+00,4.974373626439790641e+00,3.408042589860973415e+00,4.997522436394167933e+00
1.014884343178660588e-03,2.686769640766991429e+00,4.974539664399605599e+00,3.399104338698898164e+00,4.998464909016218982e+00
1.015884343178660503e-03,2.699277328473014048e+00,4.974652126276332353e+00,3.390200840160192186e+00,4.999045002383812886e+00
1.016884343178660419e-03,2.711777149051324276e+00,4.974802509129851558e+00,3.381654165235780773e+00,4.999409424800200341e+00
1.017884343178660335e-03,2.724268609030410904e+00,4.974904662640460273e+00,3.373011706666031895e+00,4.999631237406371831e+00
1.018884343178660251e-03,2.736751215268820037e+00,4.975046948462732210e+00,3.364618167182923614e+00,4.999772995018945565e+00
1.019884343178660167e-03,2.749224474974635513e+00,4.975143479603082675e+00,3.356088284786547860e+00,4.999857061723790075e+00
1.020884343178660083e-03,2.761687895724919795e+00,4.975280601279743919e+00,3.347757229104162846e+00,4.999912994628221696e+00
1.021884343178659999e-03,2.774140985485160193e+00,4.975373339533406991e+00,3.339283193424799290e+00,4.999944161910883977e+00
1.022884343178659915e-03,2.786583252628699992e+00,4.975506473966545329e+00,3.330980576110529778e+00,4.999966926643272025e+00
1.023884343178659831e-03,2.799014205956135370e+00,4.975596169453362805e+00,3.322540883805118916e+00,4.999977827631493454e+00
1.024884343178659746e-03,2.811433354714715449e+00,4.975725828842915810e+00,3.314254860488357046e+00,4.999987699181731138e+00
1.025884343178659662e-03,2.823840208617707237e+00,4.975812819199969539e+00,3.305841906099745042e+00,4.999990887015361096e+00
1.026884343178659578e-03,2.836234277863768138e+00,4.975939259935175052e+00,3.297569054041883607e+00,4.999995684187662270e+00
1.027884343178659494e-03,2.848615073156263833e+00,4.976023725250901641e+00,3.289180482388190718e+00,4.999995987097716643e+00
1.028884343178659410e-03,2.860982105722594593e+00,4.976147105490344558e+00,3.280920583791152811e+00,4.999998733459084299e+00
1.029884343178659326e-03,2.873334887333493182e+00,4.976229164537593341e+00,3.272556074105036128e+00,4.999998006045695220e+00
1.030884343178659242e-03,2.885672930322291663e+00,4.976349602893423985e+00,3.264310124470049868e+00,4.999999876939073218e+00
1.031884343178659158e-03,2.897995747604177108e+00,4.976429349107582389e+00,3.255970152321491007e+00,4.999998828157266040e+00
1.032884343178659074e-03,2.910302852695430431e+00,4.976546946739413890e+00,3.247739595190631601e+00,5.000000285402708577e+00
1.033884343178658989e-03,2.922593759732604823e+00,4.976624461828321522e+00,3.239424955270465478e+00,4.999999182631722938e+00
1.034884343178658905e-03,2.934867983491743271e+00,4.976739310874852329e+00,3.231211388408513852e+00,5.000000411643109821e+00
1.035884343178658821e-03,2.947125039407506808e+00,4.976814670055942358e+00,3.222923009448681597e+00,4.999999352290157795e+00
1.036884343178658737e-03,2.959364443592313432e+00,4.976926856941132016e+00,3.214728072679527759e+00,5.000000430989699929e+00
1.037884343178658653e-03,2.971585712855446815e+00,4.977000131023077145e+00,3.206466945770535037e+00,4.999999447157938981e+00
1.038884343178658569e-03,2.983788364722120612e+00,4.977109737819694679e+00,3.198292278739249372e+00,5.000000411386109178e+00
1.039884343178658485e-03,2.995971917452531663e+00,4.977180994091425781e+00,3.190059428562611377e+00,4.999999510291737614e+00
1.040884343178658401e-03,3.008135890060883444e+00,4.977288099154206336e+00,3.181906655069547618e+00,5.000000378970485215e+00
1.041884343178658317e-03,3.020279802334365549e+00,4.977357401820494687e+00,3.173703128499089310e+00,4.999999558698100977e+00
1.042884343178658232e-03,3.032403174852111416e+00,4.977462080130410804e+00,3.165573851633886271e+00,5.000000343690377491e+00
1.043884343178658148e-03,3.044505529004134292e+00,4.977529490565188119e+00,3.157400712434285772e+00,4.999999599206665479e+00
1.044884343178658064e-03,3.056586387010213013e+00,4.977631813961444607e+00,3.149296513245157580e+00,5.000000309352906847e+00
1.045884343178657980e-03,3.068645271938763130e+00,4.977697390891908213e+00,3.141154839680453392e+00,4.999999634720966313e+00
1.046884343178657896e-03,3.080681707725653862e+00,4.977797428252037193e+00,3.133077277695272223e+00,5.000000277176831709e+00
1.047884343178657812e-03,3.092695219193007716e+00,4.977861227905769681e+00,3.124968161045093673e+00,4.999999666492453976e+00
1.048884343178657728e-03,3.104685332067966819e+00,4.977959045303292918e+00,3.116918775199806646e+00,5.000000247538476827e+00
1.049884343178657644e-03,3.116651573001404607e+00,4.978021121540606941e+00,3.108843318625148733e+00,4.999999695255715970e+00
1.050884343178657560e-03,3.128593469586614884e+00,4.978116782386759809e+00,3.100823628354808736e+00,5.000000220359867242e+00
1.051884343178657475e-03,3.140510550377968890e+00,4.978177186819051414e+00,3.092782946385680187e+00,4.999999721330156355e+00
1.052884343178657391e-03,3.152402344909525311e+00,4.978270751992544874e+00,3.084794453119287905e+00,5.000000195610761367e+00
1.053884343178657307e-03,3.164268383713596755e+00,4.978329534092204689e+00,3.076789671037487128e+00,4.999999745049343858e+00
1.054884343178657223e-03,3.176108198339286925e+00,4.978421062059872781e+00,3.068833859856687774e+00,5.000000173019322425e+00
1.055884343178657139e-03,3.187921321370990935e+00,4.978478269259698941e+00,3.060866113947845690e+00,4.999999766650173427e+00
1.056884343178657055e-03,3.199707286446836996e+00,4.978567816184109596e+00,3.052944455796142709e+00,5.000000152437153567e+00
1.057884343178656971e-03,3.211465628277103690e+00,4.978623493964489555e+00,3.045014895183778325e+00,4.999999786293829906e+00
1.058884343178656887e-03,3.223195882662595046e+00,4.978711113792620324e+00,3.037128852626210129e+00,5.000000133683768944e+00
1.059884343178656802e-03,3.234897586512943679e+00,4.978765305734283331e+00,3.029238647460497980e+00,4.999999804202048814e+00
1.060884343178656718e-03,3.246570277864924581e+00,4.978851050224220920e+00,3.021389693244493913e+00,5.000000116591726496e+00
1.061884343178656634e-03,3.258213495900668555e+00,4.978903797945304355e+00,3.013540070823480299e+00,4.999999820495758307e+00
1.062884343178656550e-03,3.269826780965861879e+00,4.978987716455599788e+00,3.005729764262796699e+00,5.000000101048886592e+00
1.063884343178656466e-03,3.281409674587899339e+00,4.979039059064535699e+00,2.997922165207658640e+00,4.999999835322867625e+00
1.064884343178656382e-03,3.292961719493971540e+00,4.979121197353582495e+00,2.990152478369005884e+00,5.000000086913379604e+00
1.065884343178656298e-03,3.304482459629124680e+00,4.979171168867200237e+00,2.982389235375482173e+00,4.999999848859418172e+00
1.066884343178656214e-03,3.315971440174267482e+00,4.979251563693496863e+00,2.974663963080768081e+00,5.000000074015600759e+00
1.067884343178656130e-03,3.327428207564120832e+00,4.979300181825615290e+00,2.966951231951635570e+00,4.999999861143902713e+00
1.068884343178656045e-03,3.338852309505122129e+00,4.979378837850093831e+00,2.959282041549737841e+00,5.000000062319870153e+00
1.069884343178655961e-03,3.350243294993287879e+00,4.979426056986214100e+00,2.951642057498112148e+00,4.999999872327695272e+00
1.070884343178655877e-03,3.361600714332018569e+00,4.979502852350000452e+00,2.944073199568738808e+00,5.000000051631806386e+00
1.071884343178655793e-03,3.372924119149844024e+00,4.979548373538485784e+00,2.936595158560029617e+00,4.999999882504721604e+00
1.072884343178655709e-03,3.384213062418129248e+00,4.979622678135873670e+00,2.929303882059096864e+00,5.000000041880723778e+00
1.073884343178655625e-03,3.395467098468726963e+00,4.979665217779248643e+00,2.922326964511381853e+00,4.999999891778470484e+00
1.074884343178655541e-03,3.406685783011562663e+00,4.979734605707693440e+00,2.915919795195085484e+00,5.000000033014512901e+00
1.075884343178655457e-03,3.417868673152181458e+00,4.979769909221606561e+00,2.910415344958686479e+00,4.999999900167456879e+00
1.076884343178655373e-03,3.429015327409225211e+00,4.979827783864425150e+00,2.906202091387531716e+00,5.000000024887878425e+00
1.077884343178655288e-03,3.440125305731870586e+00,4.979847081783185025e+00,2.903594702140357420e+00,4.999999907752491701e+00
1.078884343178655204e-03,3.451198169517199599e+00,4.979884037686783671e+00,2.902685737149127032e+00,5.000000017564898869e+00
1.079884343178655120e-03,3.462233481627507992e+00,4.979879600378543714e+00,2.903400900017603536e+00,4.999999914762764064e+00
1.080884343178655036e-03,3.473230806407568316e+00,4.979891980979175514e+00,2.905535390023137321e+00,5.000000010979790410e+00
1.081884343178654952e-03,3.484189709701830839e+00,4.979864510294430779e+00,2.908909439945211783e+00,4.999999921120068969e+00
1.082884343178654868e-03,3.495109758871556949e+00,4.979856002238215673e+00,2.913322460502643541e+00,5.000000005001925096e+00
1.083884343178654784e-03,3.505990522811902377e+00,4.979810345433574703e+00,2.918558032296431293e+00,4.999999926891254276e+00
1.084884343178654700e-03,3.516831571968941805e+00,4.979786436247502834e+00,2.924454940110021273e+00,4.999999999610436063e+00
1.085884343178654616e-03,3.527632478356612644e+00,4.979728048018360553e+00,2.930883999028855769e+00,4.999999932125341218e+00
1.086884343178654531e-03,3.538392815573627281e+00,4.979693572769770427e+00,2.937744695687952934e+00,4.999999994652958080e+00
1.087884343178654447e-03,3.549112158820294738e+00,4.979626359208405795e+00,2.944956664780875144e+00,4.999999936857643767e+00
1.088884343178654363e-03,3.559790084915301023e+00,4.979584442894609886e+00,2.952456429793143045e+00,4.999999990183416010e+00
1.089884343178654279e-03,3.570426172312405555e+00,4.979510859067246997e+00,2.960192653124353868e+00,4.999999941160503170e+00
1.090884343178654195e-03,3.581020001117089624e+00,4.979463456437718705e+00,2.968124401257238532e+00,4.999999986066356428e+00
1.091884343178654111e-03,3.591571153103133796e+00,4.979385044869345300e+00,2.976217880342571842e+00,4.999999945066597284e+00
1.092884343178654027e-03,3.602079211729123820e+00,4.979333396533916378e+00,2.984445848389399636e+00,4.999999982382256292e+00
1.093884343178653943e-03,3.612543762154895255e+00,4.979251147546516876e+00,2.992785256572350061e+00,4.999999948608576439e+00
1.094884343178653859e-03,3.622964391257917249e+00,4.979196062461667793e+00,3.001217355904722162e+00,4.999999978969532854e+00
1.095884343178653774e-03,3.633340687649593725e+00,4.979110631306056689e+00,3.009725860346363913e+00,4.999999951858300484e+00
1.096884343178653690e-03,3.643672241691512603e+00,4.979052653985567289e+00,3.018297448991615894e+00,4.999999975919563688e+00
1.097884343178653606e-03,3.653958645511611092e+00,4.978964488366687036e+00,3.026920226301237804e+00,4.999999954761653598e+00
1.098884343178653522e-03,3.664199493020276588e+00,4.978903997119142666e+00,3.035584450330682138e+00,4.999999973119676255e+00
1.099884343178653438e-03,3.674394379926388066e+00,4.978813412542464789e+00,3.044281164819789609e+00,4.999999957428812536e+00
1.100884343178653354e-03,3.684542903753265097e+00,4.978750678123644136e+00,3.053003059127013863e+00,4.999999970543198557e+00
1.101884343178653270e-03,3.694644663854565803e+00,4.978657903413311381e+00,3.061743202290592603e+00,4.999999959882354794e+00
1.102884343178653186e-03,3.704699261430095536e+00,4.978593124975732032e+00,3.070495981569888233e+00,4.999999968250554261e+00
1.103884343178653102e-03,3.714706299541558288e+00,4.978498330562038277e+00,3.079255898814265091e+00,4.999999962062130265e+00
1.104884343178653017e-03,3.724665383128226370e+00,4.978431658341643029e+00,3.088018557109252438e+00,4.999999966177378852e+00
1.105884343178652933e-03,3.734576119022531948e+00,4.978334974366682708e+00,3.096779496413467836e+00,4.999999964073003511e+00
1.106884343178652849e-03,3.744438115965589731e+00,4.978266524429471040e+00,3.105535210326386686e+00,4.999999964261845342e+00
1.107884343178652765e-03,3.754250984622650389e+00,4.978168052676143596e+00,3.114282007256603979e+00,4.999999965891777975e+00
1.108884343178652681e-03,3.764014337598458049e+00,4.978097916775823251e+00,3.123017046419984233e+00,4.999999962528521635e+00
1.109884343178652597e-03,3.773727789452561154e+00,4.977997738743884071e+00,3.131737216147350455e+00,4.999999967534788148e+00
1.110884343178652513e-03,3.783390956714502984e+00,4.977925991088278046e+00,3.140440182354019782e+00,4.999999960960930245e+00
1.111884343178652429e-03,3.793003457898993069e+00,4.977824173605084113e+00,3.149123278703742645e+00,4.999999969018284141e+00
1.112884343178652344e-03,3.802564913520941836e+00,4.977750875617168447e+00,3.157784563252093335e+00,4.999999959543639960e+00
1.113884343178652260e-03,3.812074946110452167e+00,4.977647474829494989e+00,3.166421717079771270e+00,4.999999970357048795e+00
1.114884343178652176e-03,3.821533180227723037e+00,4.977572678575281628e+00,3.175033106294427476e+00,4.999999958262649535e+00
1.115884343178652092e-03,3.830939242477865658e+00,4.977467742854089217e+00,3.183616686918266492e+00,4.999999971564522028e+00
1.116884343178652008e-03,3.840292761525647247e+00,4.977391493566939218e+00,3.192171070383049702e+00,4.999999957105268678e+00
1.117884343178651924e-03,3.849593368110153957e+00,4.977285065668130670e+00,3.200694433169509079e+00,4.999999972693681016e+00
1.118884343178651840e-03,3.858840695059362780e+00,4.977207403644828609e+00,3.209185584529165247e+00,4.999999956020090508e+00
1.119884343178651756e-03,3.868034377304637506e+00,4.977099522348913396e+00,3.217642879861243532e+00,4.999999973712527357e+00
1.120884343178651672e-03,3.877174051895146079e+00,4.977020484405395351e+00,3.226065289778745626e+00,4.999999955080508762e+00
1.121884343178651587e-03,3.886259358012184251e+00,4.976911185787975533e+00,3.234451316512758190e+00,4.999999974630772392e+00
1.122884343178651503e-03,3.895289936983425960e+00,4.976830806397823714e+00,3.242800063707747427e+00,4.999999954194313645e+00
1.123884343178651419e-03,3.904265432297074234e+00,4.976720124833204473e+00,3.251110155354029807e+00,4.999999975416984377e+00
1.124884343178651335e-03,3.913185489615941925e+00,4.976638437035178164e+00,3.259380805863323793e+00,4.999999953434293154e+00
1.125884343178651251e-03,3.922049756791441855e+00,4.976526406004943226e+00,3.267610741177513933e+00,4.999999976162576409e+00
1.126884343178651167e-03,3.930857883877484138e+00,4.976443442141815332e+00,3.275799268799590269e+00,4.999999952709956119e+00
1.127884343178651083e-03,3.939609523144290915e+00,4.976330094898725243e+00,3.283945200819530008e+00,4.999999976833476190e+00
1.128884343178650999e-03,3.948304329092128917e+00,4.976245887230022369e+00,3.292047923659037867e+00,4.999999952097577527e+00
1.129884343178650915e-03,3.956941958464949671e+00,4.976131257353455517e+00,3.300106322835904216e+00,4.999999977436127452e+00
1.130884343178650830e-03,3.965522070263935106e+00,4.976045838571214297e+00,3.308119852235003044e+00,4.999999951508062423e+00
1.131884343178650746e-03,3.974044325760960561e+00,4.975929960441020761e+00,3.316087460471301096e+00,4.999999978017697799e+00
1.132884343178650662e-03,3.982508388511974307e+00,4.975843364114268752e+00,3.324008659550278022e+00,4.999999950978044616e+00
1.133884343178650578e-03,3.990913924370270927e+00,4.975726273321409820e+00,3.331882452732737754e+00,4.999999978500055065e+00
1.134884343178650494e-03,3.999260601499685208e+00,4.975638534284606784e+00,3.339708402473096971e+00,4.999999950502490798e+00
1.135884343178650410e-03,4.007548090387701656e+00,4.975520267993189805e+00,3.347485559718733850e+00,4.999999978930284250e+00
1.136884343178650326e-03,4.015776063858441880e+00,4.975431422690271610e+00,3.355213531025515117e+00,4.999999950116180258e+00
1.137884343178650242e-03,4.023944197085605801e+00,4.975312019962007781e+00,3.362891409250735819e+00,4.999999979355425062e+00
1.138884343178650158e-03,4.032052167605280069e+00,4.975222106757303031e+00,3.370518839771573294e+00,4.999999949732496951e+00
1.139884343178650073e-03,4.040099655328669215e+00,4.975101608845899470e+00,3.378094952532932016e+00,4.999999979696858610e+00
1.140884343178649989e-03,4.048086342554739758e+00,4.975010668307091599e+00,3.385619427310446738e+00,4.999999949389089871e+00
1.141884343178649905e-03,4.056011913982755956e+00,4.974889118927991127e+00,3.393091427091065260e+00,4.999999979999316224e+00
1.142884343178649821e-03,4.063876056724724961e+00,4.974797194088188768e+00,3.400510662323151134e+00,4.999999949081717077e+00
1.143884343178649737e-03,4.071678460317761150e+00,4.974674639669176557e+00,3.407876325623048874e+00,4.999999980307687331e+00
1.144884343178649653e-03,4.079418816736328779e+00,4.974581776269062949e+00,3.415188154957954136e+00,4.999999948807890782e+00
1.145884343178649569e-03,4.087096820404408248e+00,4.974458266185258992e+00,3.422445369678923210e+00,4.999999980542275679e+00
1.146884343178649485e-03,4.094712168207563785e+00,4.974364512901659374e+00,3.429647732590257014e+00,4.999999948564496144e+00
1.147884343178649401e-03,4.102264559504902763e+00,4.974240099694185346e+00,3.436794487310971036e+00,4.999999980788627951e+00
1.148884343178649316e-03,4.109753696140949764e+00,4.974145508354594014e+00,3.443885419188830177e+00,4.999999948348642143e+00
1.149884343178649232e-03,4.117179282457411382e+00,4.974020247939600736e+00,3.450919794001816143e+00,4.999999980966978619e+00
1.150884343178649148e-03,4.124541025304857556e+00,4.973924873725130702e+00,3.457897417673295948e+00,4.999999948157753060e+00
1.151884343178649064e-03,4.131838634054284753e+00,4.973798825589250683e+00,3.464817576329378923e+00,4.999999981162345897e+00
1.152884343178648980e-03,4.139071820608594798e+00,4.973702727225965070e+00,3.471680094771725233e+00,4.999999947989442362e+00
1.153884343178648896e-03,4.146240299413967101e+00,4.973575954612382333e+00,3.478484277915280032e+00,4.999999981335275123e+00
1.154884343178648812e-03,4.153343787471133197e+00,4.973479194552784755e+00,3.485229967969841525e+00,4.999999947842505676e+00
1.155884343178648728e-03,4.160382004346548257e+00,4.973351764635577155e+00,3.491916487289181248e+00,4.999999981446584307e+00
1.156884343178648644e-03,4.167354672183460451e+00,4.973254409228478501e+00,3.498543694219779177e+00,4.999999947714031556e+00
1.157884343178648559e-03,4.174261515712883508e+00,4.973126393277619073e+00,3.505110927379970764e+00,4.999999981581170871e+00
1.158884343178648475e-03,4.181102262264461800e+00,4.973028512928420852e+00,3.511618060142664532e+00,4.999999947602209893e+00
1.159884343178648391e-03,4.187876641777233289e+00,4.972899986461342792e+00,3.518064446372497933e+00,4.999999981699007279e+00
1.160884343178648307e-03,4.194584386810296550e+00,4.972801655778861907e+00,3.524449973496490696e+00,4.999999947506391429e+00
1.161884343178648223e-03,4.201225232553361444e+00,4.972672698702583105e+00,3.530774009738478547e+00,4.999999981760380408e+00
1.162884343178648139e-03,4.207798916837207415e+00,4.972573996635352600e+00,3.537036455727867512e+00,4.999999947424160318e+00
1.163884343178648055e-03,4.214305180144038765e+00,4.972444693373313740e+00,3.543236693270459092e+00,4.999999981849714281e+00
1.164884343178647971e-03,4.220743765617717358e+00,4.972345703331638056e+00,3.549374635449361381e+00,4.999999947354161201e+00
1.165884343178647886e-03,4.227114419073915386e+00,4.972216142937560868e+00,3.555449676969610007e+00,4.999999981926540826e+00
1.166884343178647802e-03,4.233416889010142015e+00,4.972116952900480946e+00,3.561461742708381006e+00,4.999999947296156932e+00
1.167884343178647718e-03,4.239650926615674109e+00,4.971987229156977328e+00,3.567410239670999683e+00,4.999999981950758787e+00
1.168884343178647634e-03,4.245816285781384813e+00,4.971887931764691793e+00,3.573295103945777207e+00,4.999999947248104704e+00
1.169884343178647550e-03,4.251912723109449566e+00,4.971758143263736329e+00,3.579115754314547093e+00,4.999999982006426258e+00
1.170884343178647466e-03,4.257939997922960629e+00,4.971658835889561701e+00,3.584872137556064153e+00,4.999999947208988438e+00
1.171884343178647382e-03,4.263897872275427936e+00,4.971529086095846317e+00,3.590563683763956515e+00,4.999999982052758973e+00
1.172884343178647298e-03,4.269786110960175129e+00,4.971429870902456472e+00,3.596190349948609644e+00,4.999999947178876525e+00
1.173884343178647214e-03,4.275604481519621025e+00,4.971300268194488226e+00,3.601751577106180768e+00,4.999999982090156614e+00
1.174884343178647129e-03,4.281352754254458048e+00,4.971201252165320383e+00,3.607247332069657197e+00,4.999999947156914537e+00
1.175884343178647045e-03,4.287030702232721424e+00,4.971071909855488968e+00,3.612677066376575041e+00,4.999999982119457620e+00
1.176884343178646961e-03,4.292638101298748232e+00,4.970973204806080403e+00,3.618040756313408934e+00,4.999999947142311996e+00
1.177884343178646877e-03,4.298174730082024553e+00,4.970844241135622177e+00,3.623337863641164613e+00,4.999999982100625573e+00
1.178884343178646793e-03,4.303640370005924254e+00,4.970745963697810410e+00,3.628568373772867339e+00,4.999999947133433764e+00
1.179884343178646709e-03,4.309034805296343862e+00,4.970617501806115612e+00,3.633731758408590640e+00,4.999999982117315334e+00
1.180884343178646625e-03,4.314357822990213087e+00,4.970519773385038143e+00,3.638828011796130024e+00,4.999999947088860530e+00
1.181884343178646541e-03,4.319609212943909426e+00,4.970391941250236201e+00,3.643856615325272053e+00,4.999999982127448561e+00
1.182884343178646457e-03,4.324788767841549308e+00,4.970294887953304652e+00,3.648817571810191840e+00,4.999999947091977148e+00
1.183884343178646372e-03,4.329896283203172658e+00,4.970167818300979867e+00,3.653710372110175797e+00,4.999999982131119403e+00
1.184884343178646288e-03,4.334931557392819101e+00,4.970071570834957875e+00,3.658535027369659964e+00,4.999999947100460140e+00
1.185884343178646204e-03,4.339894391626486936e+00,4.969945401016833131e+00,3.663291037719335286e+00,4.999999982129871512e+00
1.186884343178646120e-03,4.344784589979977518e+00,4.969850094551216735e+00,3.667978422418904927e+00,4.999999947113293430e+00
1.187884343178646036e-03,4.349601959396632189e+00,4.969724966386621645e+00,3.672596690696789068e+00,4.999999982124201381e+00
1.188884343178645952e-03,4.354346309694955508e+00,4.969630740381846046e+00,3.677145869733763117e+00,4.999999947130032929e+00
1.189884343178645868e-03,4.359017453576122136e+00,4.969506799964853450e+00,3.681625477703349247e+00,4.999999982073732419e+00
1.190884343178645784e-03,4.363615206631368260e+00,4.969413797963814439e+00,3.686035549529774968e+00,4.999999947149374790e+00
1.191884343178645700e-03,4.368139387349277314e+00,4.969291195431190467e+00,3.690375612195238020e+00,4.999999982061807735e+00
1.192884343178645615e-03,4.372589817122941369e+00,4.969199564811740188e+00,3.694645708208331492e+00,4.999999947170989500e+00
1.193884343178645531e-03,4.376966320257011489e+00,4.969078454070928075e+00,3.698845373239138201e+00,4.999999982046985814e+00
1.194884343178645447e-03,4.381268723974641510e+00,4.968988345758272196e+00,3.702974657235043932e+00,4.999999947195568062e+00
1.195884343178645363e-03,4.385496858424295041e+00,4.968868884175124734e+00,3.707033104448711036e+00,4.999999982029066814e+00
1.196884343178645279e-03,4.389650556686466309e+00,4.968780452313121820e+00,3.711020772131041756e+00,4.999999947222829810e+00
1.197884343178645195e-03,4.393729654780259786e+00,4.968662800357901865e+00,3.714937213025752971e+00,4.999999982008346500e+00
1.198884343178645111e-03,4.397733991669866782e+00,4.968576201938169845e+00,3.718782491568185744e+00,4.999999947252490529e+00
1.199884343178645027e-03,4.401663409270923921e+00,4.968460522787616185e+00,3.722556168908107033e+00,4.999999981985105535e+00
1.200884343178644943e-03,4.405517752456751701e+00,4.968375917236320660e+00,3.726258316553212158e+00,4.999999947284299751e+00
1.201884343178644858e-03,4.409296869064482038e+00,4.968262376333949959e+00,3.729888503990011817e+00,4.999999981959589945e+00
1.202884343178644774e-03,4.413000609901061466e+00,4.968179925055751234e+00,3.733446809695722290e+00,4.999999947318026550e+00
1.203884343178644690e-03,4.416628828749144198e+00,4.968068689629737023e+00,3.736932811428893331e+00,4.999999981932026216e+00
1.204884343178644606e-03,4.420181382372861734e+00,4.967988555509832871e+00,3.740346594544499137e+00,4.999999947353463092e+00
1.205884343178644522e-03,4.423658130523479670e+00,4.967879794047488140e+00,3.743687745019440349e+00,4.999999981861822818e+00
1.206884343178644438e-03,4.427058935944936380e+00,4.967802140912361608e+00,3.746956354998804084e+00,4.999999947348714002e+00
1.207884343178644354e-03,4.430383664379254682e+00,4.967696022595911920e+00,3.750152018630084516e+00,4.999999981831215301e+00
1.208884343178644270e-03,4.433632184571848711e+00,4.967621014634175047e+00,3.753274834770052859e+00,4.999999947386597476e+00
1.209884343178644186e-03,4.436804368276705546e+00,4.967517708735687876e+00,3.756324405697361257e+00,4.999999981798607607e+00
1.210884343178644101e-03,4.439900090261442500e+00,4.967445509882052690e+00,3.759300836904010179e+00,4.999999947426184477e+00
1.211884343178644017e-03,4.442919228312256941e+00,4.967345185123715368e+00,3.762203738765669048e+00,4.999999981764661428e+00
1.212884343178643933e-03,4.445861663238749983e+00,4.967275958407268988e+00,3.765033223342531876e+00,4.999999947466832850e+00
1.213884343178643849e-03,4.448727278878624958e+00,4.967178782286054251e+00,3.767788909076627668e+00,4.999999981729533083e+00
1.214884343178643765e-03,4.451515962102286394e+00,4.967112689148136084e+00,3.770470914534882034e+00,4.999999947508409370e+00
1.215884343178643681e-03,4.454227602817294240e+00,4.967018827232887013e+00,3.773078866201140968e+00,4.999999981693352247e+00
1.216884343178643597e-03,4.456862093972716821e+00,4.966956026815965153e+00,3.775612889089079438e+00,4.999999947550805679e+00
1.217884343178643513e-03,4.459419331563353239e+00,4.966865642017780580e+00,3.778072617704412828e+00,4.999999981656230830e+00
1.218884343178643428e-03,4.461899214633843869e+00,4.966806290432804083e+00,3.780458183453276888e+00,4.999999947593919636e+00
1.219884343178643344e-03,4.464301645282649389e+00,4.966719542254840469e+00,3.782769228846019072e+00,4.999999981618278966e+00
1.220884343178643260e-03,4.466626528665923246e+00,4.966663791830491448e+00,3.785005891631666231e+00,4.999999947637662423e+00
1.221884343178643176e-03,4.468873773001248217e+00,4.966580835604233357e+00,3.787167822312893950e+00,4.999999981579587249e+00
1.222884343178643092e-03,4.471043289571268176e+00,4.966528834124878777e+00,3.789255164931735198e+00,4.999999947681949664e+00
1.223884343178643008e-03,4.473134992727181292e+00,4.966449820235591339e+00,3.791267577975086844e+00,4.999999981540247163e+00
1.224884343178642924e-03,4.475148799892130214e+00,4.966401710173015793e+00,3.793205211735322546e+00,4.999999947726708527e+00
1.225884343178642840e-03,4.477084631564456352e+00,4.966326783285926361e+00,3.795067732673440108e+00,4.999999981500334201e+00
1.226884343178642756e-03,4.478942411320839589e+00,4.966282701032556979e+00,3.796855297291486409e+00,4.999999947771874176e+00
1.227884343178642671e-03,4.480722065819315425e+00,4.966211999321670234e+00,3.798567580021895651e+00,4.999999981459923859e+00
1.228884343178642587e-03,4.482423524802172210e+00,4.966172074434187955e+00,3.800204743536817809e+00,4.999999947817387991e+00
1.229884343178642503e-03,4.484046721098723154e+00,4.966105728823325904e+00,3.801766470237981643e+00,4.999999981419079198e+00
1.230884343178642419e-03,4.485591590627956649e+00,4.966070083280958336e+00,3.803252928930881183e+00,4.999999947863196681e+00
1.231884343178642335e-03,4.487058072401070241e+00,4.966008216707396450e+00,3.804663809988054979e+00,4.999999981337063915e+00
1.232884343178642251e-03,4.488446108523873157e+00,4.965976964194593890e+00,3.805999288314224849e+00,4.999999947908343678e+00
1.233884343178642167e-03,4.489755644199076912e+00,4.965919690898130234e+00,3.807259062251186599e+00,4.999999981296888052e+00
1.234884343178642083e-03,4.490986627728455360e+00,4.965892936118384782e+00,3.808443312773897915e+00,4.999999947952820101e+00
1.235884343178641999e-03,4.492139010514885733e+00,4.965840360967555434e+00,3.809551746199337785e+00,4.999999981256806336e+00
1.236884343178641914e-03,4.493212747064269763e+00,4.965818198998595889e+00,3.810584549540553034e+00,4.999999947997604721e+00
1.237884343178641830e-03,4.494207794987326032e+00,4.965770416858984682e+00,3.811541437094459361e+00,4.999999981216351586e+00
1.238884343178641746e-03,4.495124115001267739e+00,4.965752932552311094e+00,3.812422601884098317e+00,4.999999948042674447e+00
1.239884343178641662e-03,4.495961670931348131e+00,4.965710027707208596e+00,3.813227766193269197e+00,4.999999981175569985e+00
1.240884343178641578e-03,4.496720429712294020e+00,4.965697295144165579e+00,3.813957129030766335e+00,4.999999948047188170e+00
1.241884343178641494e-03,4.497400361389607859e+00,4.965659340770116614e+00,3.814610420672380542e+00,4.999999981133606219e+00
1.242884343178641410e-03,4.498001439120751677e+00,4.965651422776771184e+00,3.815187846089427293e+00,4.999999948094063562e+00
1.243884343178641326e-03,4.498523639176205791e+00,4.965618480486208242e+00,3.815689143560317742e+00,4.999999981090541112e+00
1.244884343178641242e-03,4.498966940940404946e+00,4.965615428216716865e+00,3.816114523994366348e+00,4.999999948141469197e+00
1.245884343178641157e-03,4.499331326912555440e+00,4.965587547668860680e+00,3.816463733682139647e+00,4.999999981047433373e+00
1.246884343178641073e-03,4.499616782707323459e+00,4.965589400259714736e+00,3.816736989453412221e+00,4.999999948188860621e+00
1.247884343178640989e-03,4.499823297055402627e+00,4.965566618845649316e+00,3.816934045619540861e+00,4.999999981004333627e+00
1.248884343178640905e-03,4.499950861803959867e+00,4.965573403147111264e+00,3.817055124910180286e+00,4.999999948236216518e+00
1.249884343178640821e-03,4.499999471916956928e+00,4.965555745755171557e+00,3.817099989670459159e+00,4.999999980961264079e+00
1.250884343178640737e-03,4.499969125475351106e+00,4.965567476142560110e+00,3.817068868514259528e+00,4.999999948283531559e+00
1.251884343178640653e-03,4.499859823677167192e+00,4.965554955004115811e+00,3.816961531832237409e+00,4.999999980918245157e+00
1.252884343178640569e-03,4.499671570837453061e+00,4.965571633272464425e+00,3.816778214105512212e+00,4.999999948330790644e+00
1.253884343178640485e-03,4.499404374388107364e+00,4.965564247892313432e+00,3.816518693783746308e+00,4.999999980875299066e+00
1.254884343178640400e-03,4.499058244877589985e+00,4.965585863234202257e+00,3.816183211202982761e+00,4.999999948377990222e+00
1.255884343178640316e-03,4.498633195970501930e+00,4.965583600404524844e+00,3.815771552884686724e+00,4.999999980832438240e+00
1.256884343178640232e-03,4.498129244447044428e+00,4.965610129473268408e+00,3.815283965007010725e+00,4.999999948425121410e+00
1.257884343178640148e-03,4.497546410202360789e+00,4.965612963374338662e+00,3.814720242179217014e+00,4.999999980789680443e+00
1.258884343178640064e-03,4.496884716245750369e+00,4.965644370429041388e+00,3.814080636411422809e+00,4.999999948472179767e+00
1.259884343178639980e-03,4.496144188699756405e+00,4.965652262810368534e+00,3.813364950414882326e+00,4.999999980747039885e+00
1.260884343178639896e-03,4.495324856799139290e+00,4.965688499944993062e+00,3.812573442023209136e+00,4.999999948519161741e+00
1.261884343178639812e-03,4.494426752889719268e+00,4.965701400388419451e+00,3.811705922065917296e+00,4.999999980704534330e+00
1.262884343178639728e-03,4.493449912427101012e+00,4.965742407837952399e+00,3.810762654194379540e+00,4.999999948566063779e+00
1.263884343178639643e-03,4.492394373975272082e+00,4.965760254098911197e+00,3.809743457373126585e+00,4.999999980662171772e+00
1.264884343178639559e-03,4.491260179205085024e+00,4.965805960620120807e+00,3.808648601064617001e+00,4.999999948612884992e+00
1.265884343178639475e-03,4.490047372892606248e+00,4.965828679039732130e+00,3.807477912386781682e+00,4.999999980619965534e+00
1.266884343178639391e-03,4.488756002917352106e+00,4.965879002362893146e+00,3.806231666612001519e+00,4.999999948659623605e+00
1.267884343178639307e-03,4.487386120260399736e+00,4.965906508349877235e+00,3.804909699029890735e+00,4.999999980537129574e+00
1.268884343178639223e-03,4.485937779002368231e+00,4.965961355694524570e+00,3.803512290723491951e+00,4.999999948705369235e+00
1.269884343178639139e-03,4.484411036321293231e+00,4.965993554265946130e+00,3.802039285171219252e+00,4.999999980496627749e+00
1.270884343178639055e-03,4.482805952490359402e+00,4.966052822913804121e+00,3.800490969266264507e+00,4.999999948750155632e+00
1.271884343178638970e-03,4.481122590875528999e+00,4.966089609293870666e+00,3.798867194700025429e+00,4.999999980456675708e+00
1.272884343178638886e-03,4.479361017933035427e+00,4.966153187213854459e+00,3.797168254181045643e+00,4.999999948795000648e+00
1.273884343178638802e-03,4.477521303206764003e+00,4.966194447478364360e+00,3.795394007633859257e+00,4.999999980416768963e+00
1.274884343178638718e-03,4.475603519325499491e+00,4.966262213993041463e+00,3.793544753588337759e+00,4.999999948839915831e+00
1.275884343178638634e-03,4.473607742000067944e+00,4.966307825754457284e+00,3.791620360226433117e+00,4.999999980376921727e+00
1.276884343178638550e-03,4.471534050020340878e+00,4.966379652246355469e+00,3.789621131908055052e+00,4.999999948884888745e+00
1.277884343178638466e-03,4.469382525252124871e+00,4.966429485372595209e+00,3.787546945095959572e+00,4.999999980337156202e+00
1.278884343178638382e-03,4.467153252633934812e+00,4.966505236014661762e+00,3.785398109993721061e+00,4.999999948889112922e+00
1.279884343178638298e-03,4.464846320173636585e+00,4.966559153370686985e+00,3.783174511373195603e+00,4.999999980296581548e+00
1.280884343178638213e-03,4.462461818944973402e+00,4.966638685880635506e+00,3.780876465294722433e+00,4.999999948935532679e+00
1.281884343178638129e-03,4.459999843083972237e+00,4.966696544089925780e+00,3.778503864866266770e+00,4.999999980255248389e+00
1.282884343178638045e-03,4.457460489785223245e+00,4.966779710494438227e+00,3.776057032025147198e+00,4.999999948982344122e+00
1.283884343178637961e-03,4.454843859298046382e+00,4.966841360707212161e+00,3.773535868246654879e+00,4.999999980214192341e+00
1.284884343178637877e-03,4.452150054922533684e+00,4.966928008114393833e+00,3.770940701365997239e+00,4.999999949029029445e+00
1.285884343178637793e-03,4.449379183005468086e+00,4.966993296779752320e+00,3.768271441258824073e+00,4.999999980173438274e+00
1.286884343178637709e-03,4.446531352936129444e+00,4.967083268147579389e+00,3.765528421683901339e+00,4.999999949075593086e+00
1.287884343178637625e-03,4.443606677141973549e+00,4.967152037780584450e+00,3.762711560954454804e+00,4.999999980132983524e+00
1.288884343178637541e-03,4.440605271084190342e+00,4.967245172679307430e+00,3.759821198780884277e+00,4.999999949122039489e+00
1.289884343178637456e-03,4.437527253253153781e+00,4.967317262615726037e+00,3.756857261952272875e+00,4.999999980092831642e+00
1.290884343178637372e-03,4.434372745163736695e+00,4.967413397973460043e+00,3.753820096167949316e+00,4.999999949168380198e+00
1.291884343178637288e-03,4.431141871350518180e+00,4.967488645111148848e+00,3.750709636735103825e+00,4.999999980052979076e+00
1.292884343178637204e-03,4.427834759362862194e+00,4.967587615941106982e+00,3.747526235378033643e+00,4.999999949214622319e+00
1.293884343178637120e-03,4.424451539759888696e+00,4.967665855453558876e+00,3.744269835969948890e+00,4.999999980013428491e+00
1.294884343178637036e-03,4.420992346105314219e+00,4.967767495554968882e+00,3.740940796306934324e+00,4.999999949260779175e+00
1.295884343178636952e-03,4.417457314962181414e+00,4.967848561583561029e+00,3.737539068877685278e+00,4.999999979974180775e+00
1.296884343178636868e-03,4.413846585887466922e+00,4.967952704214263271e+00,3.734065017599425218e+00,4.999999949306852542e+00
1.297884343178636784e-03,4.410160301426571117e+00,4.968036430524579217e+00,3.730518603632670516e+00,4.999999979894436564e+00
1.298884343178636699e-03,4.406398607107694154e+00,4.968142909039857003e+00,3.726900197072736898e+00,4.999999949351944473e+00
1.299884343178636615e-03,4.402561651436085022e+00,4.968229129646362097e+00,3.723209767814783966e+00,4.999999979857149945e+00
1.300884343178636531e-03,4.398649585888184887e+00,4.968337778100885949e+00,3.719447692195826161e+00,4.999999949396094934e+00
1.301884343178636447e-03,4.394662564905643443e+00,4.968426327854143842e+00,3.715613948911723696e+00,4.999999979820528573e+00
1.302884343178636363e-03,4.390600745889221557e+00,4.968536981567059918e+00,3.711708920612661888e+00,4.999999949399533961e+00
1.303884343178636279e-03,4.386464289192578470e+00,4.968627696699548402e+00,3.707732594871531173e+00,4.999999979783151360e+00
1.304884343178636195e-03,4.382253358115941744e+00,4.968740192776382791e+00,3.703685360731894249e+00,4.999999949445228964e+00
1.305884343178636111e-03,4.377968118899659977e+00,4.968832911409820419e+00,3.699567214726558362e+00,4.999999979745053835e+00
1.306884343178636027e-03,4.373608740717640941e+00,4.968947089224915459e+00,3.695378552381400894e+00,4.999999949491383155e+00
1.307884343178635942e-03,4.369175395670672479e+00,4.969041651833323137e+00,3.691119379281105672e+00,4.999999979707269837e+00
1.308884343178635858e-03,4.364668258779622612e+00,4.969157353468632188e+00,3.686790097534283994e+00,4.999999949537476951e+00
1.309884343178635774e-03,4.360087507978539278e+00,4.969253603300209932e+00,3.682390721877628614e+00,4.999999979669823347e+00
1.310884343178635690e-03,4.355433324107620408e+00,4.969370673941580385e+00,3.677921661115816310e+00,4.999999949583511238e+00
1.311884343178635606e-03,4.350705890906077400e+00,4.969468457397772099e+00,3.673382939251631729e+00,4.999999979632712588e+00
1.312884343178635522e-03,4.345905395004876937e+00,4.969586745688518548e+00,3.668774971907267979e+00,4.999999949629499341e+00
1.313884343178635438e-03,4.341032025919379755e+00,4.969685912660700033e+00,3.664097792479088067e+00,4.999999979595935784e+00
1.314884343178635354e-03,4.336085976041847978e+00,4.969805271013886028e+00,3.659351823546101556e+00,4.999999949675448363e+00
1.315884343178635269e-03,4.331067440633866283e+00,4.969905675178599935e+00,3.654537108037113846e+00,4.999999979559486718e+00
1.316884343178635185e-03,4.325976617818618308e+00,4.970025960047243174e+00,3.649654075644450657e+00,4.999999949721367187e+00
1.317884343178635101e-03,4.320813708573073342e+00,4.970127459122721802e+00,3.644702778985283054e+00,4.999999979482567802e+00
1.318884343178635017e-03,4.315578916720044234e+00,4.970248531231570510e+00,3.639683655035971022e+00,4.999999949766357865e+00
1.319884343178634933e-03,4.310272448920152044e+00,4.970350987192538206e+00,3.634596766278246349e+00,4.999999979448135790e+00
1.320884343178634849e-03,4.304894514663660132e+00,4.970472711731750870e+00,3.629442557166027594e+00,4.999999949810462141e+00
1.321884343178634765e-03,4.299445326262202549e+00,4.970575990989973825e+00,3.624221100237933868e+00,4.999999979414391227e+00
1.322884343178634681e-03,4.293925098840409404e+00,4.970698237771361327e+00,3.618932847643102413e+00,4.999999949813906497e+00
1.323884343178634597e-03,4.288334050327404334e+00,4.970802211319118591e+00,3.613577882196491231e+00,4.999999979379905923e+00
1.324884343178634512e-03,4.282672401448211374e+00,4.970924854898903789e+00,3.608156663981077816e+00,4.999999949859663673e+00
1.325884343178634428e-03,4.276940375715033937e+00,4.971029398419529954e+00,3.602669286332808696e+00,4.999999979344726952e+00
1.326884343178634344e-03,4.271138199418432535e+00,4.971152318187647801e+00,3.597116217538940397e+00,4.999999949905937768e+00
1.327884343178634260e-03,4.265266101618391481e+00,4.971257312134285122e+00,3.591497561730411903e+00,4.999999979309879272e+00
1.328884343178634176e-03,4.259324314135280787e+00,4.971380392374501689e+00,3.585813795702243123e+00,4.999999949952208311e+00
1.329884343178634092e-03,4.253313071540691936e+00,4.971485722020148046e+00,3.580065034688153958e+00,4.999999979275386863e+00
1.330884343178634008e-03,4.247232611148191062e+00,4.971608851941136109e+00,3.574251764328832515e+00,4.999999949998480631e+00
1.331884343178633924e-03,4.241083173003941553e+00,4.971714407399826285e+00,3.568374111309022823e+00,4.999999979241245285e+00
1.332884343178633840e-03,4.234864999877237857e+00,4.971837481139230519e+00,3.562432570496610662e+00,4.999999950044767161e+00
1.333884343178633755e-03,4.228578337250901598e+00,4.971943157364068000e+00,3.556427280417968184e+00,4.999999979166653397e+00
1.334884343178633671e-03,4.222223433311611096e+00,4.972066073970511368e+00,3.550358745597644639e+00,4.999999950090167289e+00
1.335884343178633587e-03,4.215800538940092324e+00,4.972171770727054962e+00,3.544227116846628167e+00,4.999999979134564398e+00
1.336884343178633503e-03,4.209309907701217490e+00,4.972294434117239703e+00,3.538032908829681134e+00,4.999999950093930501e+00
1.337884343178633419e-03,4.202751795833993498e+00,4.972400055935852770e+00,3.531776285141875693e+00,4.999999979102274672e+00
1.338884343178633335e-03,4.196126462241450916e+00,4.972522374833666881e+00,3.525457771134919760e+00,4.999999950140034954e+00
1.339884343178633251e-03,4.189434168480410392e+00,4.972627830942823124e+00,3.519077543754695725e+00,4.999999979069299272e+00
1.340884343178633167e-03,4.182675178751170009e+00,4.972749718799335028e+00,3.512636139659210510e+00,4.999999950186714948e+00
1.341884343178633083e-03,4.175849759887077184e+00,4.972854923041721165e+00,3.506133749791377152e+00,4.999999979036662268e+00
1.342884343178632998e-03,4.168958181343977998e+00,4.972976297937961476e+00,3.499570922817393015e+00,4.999999950233448232e+00
1.343884343178632914e-03,4.162000715189594580e+00,4.973081168668854524e+00,3.492947864410171022e+00,4.999999979004386752e+00
1.344884343178632830e-03,4.154977636092775484e+00,4.973201953204283932e+00,3.486265136041965640e+00,4.999999950280246352e+00
1.345884343178632746e-03,4.147889221312659025e+00,4.973306413178200991e+00,3.479522958955659107e+00,4.999999978931676914e+00
1.346884343178632662e-03,4.140735750687722927e+00,4.973426534345666283e+00,3.472721908342755182e+00,4.999999950326211362e+00
1.347884343178632578e-03,4.133517506624739823e+00,4.973530510587829134e+00,3.465862221971442558e+00,4.999999978901485953e+00
1.348884343178632494e-03,4.126234774087625290e+00,4.973649899634800420e+00,3.458944489796762056e+00,4.999999950330592746e+00
1.349884343178632410e-03,4.118887840586189064e+00,4.973753323301263407e+00,3.451968967214431583e+00,4.999999978871108475e+00
1.350884343178632326e-03,4.111476996164786790e+00,4.973871915581797865e+00,3.444936260136124861e+00,4.999999950377378433e+00
1.351884343178632241e-03,4.104002533390866958e+00,4.973974721809305777e+00,3.437846642854266666e+00,4.999999978840065751e+00
1.352884343178632157e-03,4.096464747343420143e+00,4.974092456624430447e+00,3.430700738615967360e+00,4.999999950424800943e+00
1.353884343178632073e-03,4.088863935601336763e+00,4.974194584368865968e+00,3.423498842070449744e+00,4.999999978809388068e+00
1.354884343178631989e-03,4.081200398231644044e+00,4.974311404797417957e+00,3.416241595392357056e+00,4.999999950472347798e+00
1.355884343178631905e-03,4.073474437777678148e+00,4.974412796664124947e+00,3.408929315284705552e+00,4.999999978738302708e+00
1.356884343178631821e-03,4.065686359247129289e+00,4.974528649383453960e+00,3.401562664692357796e+00,4.999999950519121938e+00
1.357884343178631737e-03,4.057836470099998039e+00,4.974629251446717859e+00,3.394141984343324925e+00,4.999999978709769977e+00
1.358884343178631653e-03,4.049925080236476127e+00,4.974744086546491140e+00,3.386667960101960695e+00,4.999999950524379067e+00
1.359884343178631569e-03,4.041952501984680701e+00,4.974843848161344617e+00,3.379140959024476309e+00,4.999999978681089807e+00
1.360884343178631484e-03,4.033919050088352165e+00,4.974957618945145654e+00,3.371561692401619403e+00,4.999999950572112439e+00
1.361884343178631400e-03,4.025825041694417017e+00,4.975056492546843678e+00,3.363930556317590970e+00,4.999999978651791466e+00
1.362884343178631316e-03,4.017670796340466310e+00,4.975169155326270243e+00,3.356248290436882886e+00,4.999999950620565237e+00
1.363884343178631232e-03,4.009456635942144409e+00,4.975267096221704044e+00,3.348515323055476500e+00,4.999999978622902574e+00
1.364884343178631148e-03,4.001182884780441817e+00,4.975378610097784815e+00,3.340732425684755924e+00,4.999999950669230309e+00
1.365884343178631064e-03,3.992849869488880543e+00,4.975475576243487019e+00,3.332900062598371349e+00,4.999999978553668178e+00
1.366884343178630980e-03,3.984457919040642615e+00,4.975585902875259592e+00,3.325019041278165499e+00,4.999999950676425442e+00
1.367884343178630896e-03,3.976007364735559602e+00,4.975681854641791801e+00,3.317089866455758873e+00,4.999999978526145306e+00
1.368884343178630811e-03,3.967498540187046174e+00,4.975790958002083819e+00,3.309113386499662912e+00,4.999999950725171338e+00
1.369884343178630727e-03,3.958931781308929310e+00,4.975885857921542588e+00,3.301090151964728658e+00,4.999999978498585129e+00
1.370884343178630643e-03,3.950307426302174463e+00,4.975993704031551168e+00,3.293021058002753687e+00,4.999999950774721924e+00
1.371884343178630559e-03,3.941625815641554009e+00,4.976087516525266707e+00,3.284906707450875984e+00,4.999999978471509898e+00
1.372884343178630475e-03,3.932887292062190454e+00,4.976194073169792453e+00,3.276748049365731941e+00,4.999999950824612682e+00
1.373884343178630391e-03,3.924092200546032139e+00,4.976286764250057892e+00,3.268545746695932674e+00,4.999999978404164658e+00
1.374884343178630307e-03,3.915240888308233025e+00,4.976392000661373771e+00,3.260300811060998782e+00,4.999999950833168505e+00
1.375884343178630223e-03,3.906333704783444105e+00,4.976483537602248042e+00,3.252013975080768837e+00,4.999999978378618870e+00
1.376884343178630139e-03,3.897371001612019104e+00,4.976587424110920921e+00,3.243686323544000771e+00,4.999999950883428745e+00
1.377884343178630054e-03,3.888353132626132691e+00,4.976677775075730281e+00,3.235318670504809813e+00,4.999999978353140584e+00
1.378884343178629970e-03,3.879280453835812104e+00,4.976780282714077686e+00,3.226912187019956413e+00,4.999999950934660653e+00
1.379884343178629886e-03,3.870153323414882607e+00,4.976869416332560192e+00,3.218467783167960672e+00,4.999999978287470448e+00
1.380884343178629802e-03,3.860972101686820590e+00,4.976970516377526188e+00,3.209986732600206949e+00,4.999999950944706839e+00
1.381884343178629718e-03,3.851737151110541824e+00,4.977058401252564046e+00,3.201470059694595083e+00,4.999999978263714340e+00
1.382884343178629634e-03,3.842448836266078693e+00,4.977158064690993200e+00,3.192919161231828173e+00,4.999999950996610210e+00
1.383884343178629550e-03,3.833107523840203257e+00,4.977244668814419626e+00,3.184335199002297223e+00,4.999999978240150966e+00
1.384884343178629466e-03,3.823713582611934836e+00,4.977342865703749730e+00,3.175719719029469257e+00,4.999999951049660218e+00
1.385884343178629382e-03,3.814267383437983217e+00,4.977428155750803107e+00,3.167074050076910119e+00,4.999999978176533411e+00
1.386884343178629297e-03,3.804769299238119462e+00,4.977524854439507429e+00,3.158399920993477661e+00,4.999999951061708359e+00
1.387884343178629213e-03,3.795219704980445030e+00,4.977608794901309253e+00,3.149698865777069035e+00,4.999999978154982649e+00
1.388884343178629129e-03,3.785618977666588947e+00,4.977703961060309545e+00,3.140972839856965848e+00,4.999999951115809083e+00
1.389884343178629045e-03,3.775967496316826821e+00,4.977786513151608361e+00,3.132223632656264467e+00,4.999999978133784495e+00
1.390884343178628961e-03,3.766265641955119037e+00,4.977880108544993298e+00,3.123453483993147817e+00,4.999999951171264279e+00
1.391884343178628877e-03,3.756513797594056125e+00,4.977961228805044769e+00,3.114664505542725337e+00,4.999999978072700912e+00
1.392884343178628793e-03,3.746712348219762845e+00,4.978053209698482640e+00,3.105859299084495095e+00,4.999999951185928992e+00
1.393884343178628709e-03,3.736861680776675243e+00,4.978132848157712509e+00,3.097040388993718807e+00,4.999999978053843996e+00
1.394884343178628625e-03,3.726962184152279534e+00,4.978223163209963609e+00,3.088210844962735901e+00,4.999999951242846130e+00
1.395884343178628540e-03,3.717014249161747053e+00,4.978301260938544637e+00,3.079373728776740204e+00,4.999999977994683320e+00
1.396884343178628456e-03,3.707018268532519478e+00,4.978389848348760971e+00,3.070532725592972412e+00,4.999999951259577635e+00
1.397884343178628372e-03,3.696974636888796795e+00,4.978466334096284918e+00,3.061691610171429101e+00,4.999999977977775067e+00
1.398884343178628288e-03,3.686883750735958643e+00,4.978553117651241422e+00,3.052854893241137013e+00,4.999999951318609526e+00
1.399884343178628204e-03,3.676746008444911507e+00,4.978627903134316135e+00,3.044027315598270444e+00,4.999999977920531080e+00
1.400884343178628120e-03,3.666561810236363073e+00,4.978712786587315975e+00,3.035214520347063960e+00,4.999999951337386506e+00
1.401884343178628036e-03,3.656331558165020645e+00,4.978785759698178381e+00,3.026422589040028921e+00,4.999999977905364545e+00
1.402884343178627952e-03,3.646055656103718068e+00,4.978868618552819925e+00,3.017658758313233935e+00,4.999999951398215181e+00
1.403884343178627868e-03,3.635734509727474251e+00,4.978939633281567190e+00,3.008931022797087351e+00,4.999999977849430621e+00
1.404884343178627783e-03,3.625368526497475763e+00,4.979020302399213449e+00,3.000248929250811436e+00,4.999999951418204525e+00
1.405884343178627699e-03,3.614958115644992809e+00,4.979089163377546257e+00,2.991623291476487978e+00,4.999999977834701959e+00
1.406884343178627615e-03,3.604503688155216157e+00,4.979167417615959046e+00,2.983067123932447995e+00,4.999999951438279133e+00
1.407884343178627531e-03,3.594005656751043887e+00,4.979233855492406491e+00,2.974595555475413988e+00,4.999999977776644400e+00
1.408884343178627447e-03,3.583464435876778431e+00,4.979309378197599223e+00,2.966227024972057258e+00,4.999999951498264039e+00
1.409884343178627363e-03,3.572880441681778318e+00,4.979373008655350041e+00,2.957983570483595503e+00,4.999999977715964938e+00
1.410884343178627279e-03,3.562254092004003336e+00,4.979445337895868740e+00,2.949892544175172659e+00,4.999999951511508556e+00
1.411884343178627195e-03,3.551585806353546371e+00,4.979505589843566504e+00,2.941987659845653802e+00,4.999999977690247732e+00
1.412884343178627111e-03,3.540876005896057777e+00,4.979574021412696894e+00,2.934311804578318750e+00,4.999999951556421074e+00
1.413884343178627026e-03,3.530125113436121786e+00,4.979630003339305944e+00,2.926919732705431709e+00,4.999999977650110949e+00
1.414884343178626942e-03,3.519333553400564085e+00,4.979693403981277910e+00,2.919883355956981230e+00,4.999999951582266178e+00
1.415884343178626858e-03,3.508501751821699877e+00,4.979743637287453062e+00,2.913298257111854195e+00,4.999999977581779831e+00
1.416884343178626774e-03,3.497630136320498906e+00,4.979800057815288561e+00,2.907294854072407730e+00,4.999999951608753435e+00
1.417884343178626690e-03,3.486719136089735827e+00,4.979841904186188550e+00,2.902053847121176755e+00,4.999999977537616047e+00
1.418884343178626606e-03,3.475769181877013114e+00,4.979887722966820363e+00,2.897829956371667404e+00,4.999999951591960645e+00
1.419884343178626522e-03,3.464780705967774654e+00,4.979916058601253859e+00,2.895011823363216052e+00,4.999999977394487871e+00
1.420884343178626438e-03,3.453754142168237173e+00,4.979943925753856249e+00,2.894078642947181201e+00,4.999999951567036582e+00
1.421884343178626353e-03,3.442689925788251948e+00,4.979948586505275721e+00,2.895508483724485327e+00,4.999999977230470627e+00
1.422884343178626269e-03,3.431588493624140757e+00,4.979946324265481117e+00,2.899524520065105637e+00,4.999999951562170253e+00
1.423884343178626185e-03,3.420450283941436354e+00,4.979916438960104941e+00,2.905468347733023649e+00,4.999999977184660160e+00
1.424884343178626101e-03,3.409275736457584749e+00,4.979881605144607981e+00,2.912264482479824945e+00,4.999999951798097975e+00
1.425884343178626017e-03,3.398065292324587539e+00,4.979828185555359887e+00,2.919482402929953313e+00,4.999999977228776871e+00
1.426884343178625933e-03,3.386819394111583392e+00,4.979779306700228503e+00,2.926900706706974109e+00,4.999999951931420661e+00
1.427884343178625849e-03,3.375538485787378029e+00,4.979717820058975342e+00,2.934430615152434196e+00,4.999999977155770381e+00
1.428884343178625765e-03,3.364223012702915572e+00,4.979664206696448936e+00,2.942023261708648807e+00,4.999999952055320662e+00
1.429884343178625681e-03,3.352873421573698387e+00,4.979599654387938834e+00,2.949660231692162071e+00,4.999999977070813451e+00
1.430884343178625596e-03,3.341490160462154080e+00,4.979543818901746022e+00,2.957327748001917556e+00,4.999999952119060787e+00
1.431884343178625512e-03,3.330073678759933209e+00,4.979477438829434277e+00,2.965023464123315744e+00,4.999999977021545305e+00
1.432884343178625428e-03,3.318624427170188795e+00,4.979419973607245531e+00,2.972741640183746537e+00,4.999999952172274220e+00
1.433884343178625344e-03,3.307142857689766124e+00,4.979352039340878555e+00,2.980483436536871089e+00,4.999999976927311351e+00
1.434884343178625260e-03,3.295629423591374785e+00,4.979293060649739644e+00,2.988245584163281343e+00,4.999999952258368019e+00
1.435884343178625176e-03,3.284084579405678994e+00,4.979223608466043061e+00,2.996029845490600696e+00,4.999999976872011587e+00
1.436884343178625092e-03,3.272508780903353287e+00,4.979163112548869563e+00,3.003833620662950565e+00,4.999999952335492104e+00
1.437884343178625008e-03,3.260902485077104007e+00,4.979092118433248615e+00,3.011658628277575911e+00,4.999999976814418545e+00
1.438884343178624924e-03,3.249266150123617969e+00,4.979030071954396952e+00,3.019502577492998885e+00,4.999999952363216593e+00
1.439884343178624839e-03,3.237600235425474260e+00,4.978957496908053670e+00,3.027367023045981487e+00,4.999999976752303787e+00
1.440884343178624755e-03,3.225905201533009414e+00,4.978893858555407448e+00,3.035249880113195076e+00,4.999999952424005301e+00
1.441884343178624671e-03,3.214181510146140397e+00,4.978819658902112977e+00,3.043152533281644256e+00,4.999999976684391001e+00
1.442884343178624587e-03,3.202429624096119198e+00,4.978754384259818977e+00,3.051073062508299572e+00,4.999999952474774467e+00
1.443884343178624503e-03,3.190650007327293647e+00,4.978678513931338756e+00,3.059012698368317018e+00,4.999999976609513119e+00
1.444884343178624419e-03,3.178843124878761195e+00,4.978611556515123659e+00,3.066969661333873720e+00,4.999999952553430660e+00
1.445884343178624335e-03,3.167009442866024038e+00,4.978533967492603018e+00,3.074945045973431323e+00,4.999999976524616585e+00
1.446884343178624251e-03,3.155149428462589167e+00,4.978465278905281899e+00,3.082937195197171132e+00,4.999999952571451800e+00
1.447884343178624167e-03,3.143263549881510688e+00,4.978385921239298462e+00,3.090947084209004547e+00,4.999999976461447559e+00
1.448884343178624082e-03,3.131352276356926367e+00,4.978315451121107849e+00,3.098973163052167745e+00,4.999999952598925823e+00
1.449884343178623998e-03,3.119416078125520020e+00,4.978234272849568320e+00,3.107016302213987835e+00,4.999999976356386711e+00
1.450884343178623914e-03,3.107455426407959020e+00,4.978161968780272062e+00,3.115075045718009861e+00,4.999999952521282154e+00
1.451884343178623830e-03,3.095470793390294073e+00,4.978078915822066186e+00,3.123150171846946321e+00,4.999999976115840461e+00
1.452884343178623746e-03,3.083462652205315457e+00,4.978004723208370841e+00,3.131240307731333772e+00,4.999999952337730313e+00
1.453884343178623662e-03,3.071431476913875969e+00,4.977919739245771247e+00,3.139346149938248232e+00,4.999999975692035470e+00
1.454884343178623578e-03,3.059377742486174778e+00,4.977843601200136803e+00,3.147466399179147611e+00,4.999999951799356523e+00
1.455884343178623494e-03,3.047301924783008875e+00,4.977756627554358104e+00,3.155601679798340609e+00,4.999999974673844605e+00
1.456884343178623410e-03,3.035204500536986760e+00,4.977678484764877176e+00,3.163750757740954267e+00,4.999999950300109575e+00
1.457884343178623325e-03,3.023085947333696843e+00,4.977589460261917509e+00,3.171914193144234506e+00,4.999999972225201539e+00
1.458884343178623241e-03,3.010946743592873176e+00,4.977509250854797784e+00,3.180090810029330584e+00,4.999999946509776194e+00
1.459884343178623157e-03,2.998787368549489241e+00,4.977418111684605684e+00,3.188281111726248174e+00,4.999999966015778341e+00
1.460884343178623073e-03,2.986608302234859735e+00,4.977335771074962167e+00,3.196483974155690966e+00,4.999999936747695273e+00
1.461884343178622989e-03,2.974410025457668194e+00,4.977242450631776727e+00,3.204699850263755145e+00,4.999999950378136049e+00
1.462884343178622905e-03,2.962193019784988390e+00,4.977157911358025544e+00,3.212927663066269979e+00,4.999999911892874849e+00
1.463884343178622821e-03,2.949957767523288421e+00,4.977062340064570378e+00,3.221167821382472152e+00,4.999999910495099620e+00
1.464884343178622737e-03,2.937704751699377947e+00,4.976975531593486934e+00,3.229419291869170205e+00,4.999999848297359328e+00
1.465884343178622653e-03,2.925434456041340781e+00,4.976877636683719075e+00,3.237682446386355384e+00,4.999999808652481725e+00
1.466884343178622568e-03,2.913147364959439933e+00,4.976788485159328701e+00,3.245956294429249489e+00,4.999999685441572694e+00
1.467884343178622484e-03,2.900843963526995140e+00,4.976688190374130905e+00,3.254241180900343533e+00,4.999999547768131158e+00
1.468884343178622400e-03,2.888524737461218184e+00,4.976596618234988334e+00,3.262536163948853485e+00,4.999999267512729162e+00
1.469884343178622316e-03,2.876190173104070880e+00,4.976493843310967335e+00,3.270841580054707265e+00,4.999998877707888312e+00
1.470884343178622232e-03,2.863840757403029791e+00,4.976399768571523552e+00,3.279156556399521083e+00,4.999998192885249715e+00
1.471884343178622148e-03,2.851476977891885589e+00,4.976294428197235220e+00,3.287481462965660572e+00,4.999997153112192727e+00
1.472884343178622064e-03,2.839099322671475356e+00,4.976197762878348918e+00,3.295815554975155326e+00,4.999995424215196493e+00
1.473884343178621980e-03,2.826708280390437089e+00,4.976089764260890114e+00,3.304159338400668222e+00,4.999992705925691006e+00
1.474884343178621895e-03,2.814304340225903367e+00,4.975990410556887511e+00,3.312512353826367661e+00,4.999988278113822737e+00
1.475884343178621811e-03,2.801887991864192795e+00,4.975879647312837939e+00,3.320875504178753879e+00,4.999981217813401102e+00
1.476884343178621727e-03,2.789459725481478358e+00,4.975777487769823537e+00,3.329249028611558359e+00,4.999969802888212023e+00
1.477884343178621643e-03,2.777020031724436677e+00,4.975663824027063420e+00,3.337634899341303640e+00,4.999951494410159292e+00
1.478884343178621559e-03,2.764569401690876393e+00,4.975558695739249693e+00,3.346035132033375437e+00,4.999921966641038829e+00
1.479884343178621475e-03,2.752108326910352787e+00,4.975441924144339723e+00,3.354454499555940661e+00,4.999874481789354341e+00
1.480884343178621391e-03,2.739637299324761521e+00,4.975333550914926128e+00,3.362899412778470598e+00,4.999797945716775160e+00
1.481884343178621307e-03,2.727156811268917291e+00,4.975213283319122048e+00,3.371381999630292281e+00,4.999674703783319352e+00
1.482884343178621223e-03,2.714667355451122699e+00,4.975101095490607861e+00,3.379920700991666305e+00,4.999476062297571133e+00
1.483884343178621138e-03,2.702169424933700714e+00,4.974976461492213176e+00,3.388546756552701655e+00,4.999155988851035737e+00
1.484884343178621054e-03,2.689663513113552007e+00,4.974859100705128157e+00,3.397309435354041618e+00,4.998640068564996319e+00
1.485884343178620970e-03,2.677150113702658096e+00,4.974727943448702838e+00,3.406289574194383718e+00,4.997808644121940702e+00
1.486884343178620886e-03,2.664629720708611593e+00,4.974601951009103296e+00,3.415616203170371179e+00,4.996468952336202918e+00
1.487884343178620802e-03,2.652102828415079383e+00,4.974458676279660096e+00,3.425498040119738352e+00,4.994311513473119746e+00
1.488884343178620718e-03,2.639569931362323096e+00,4.974314967563077339e+00,3.436268343844465001e+00,4.990840443565319084e+00
1.489884343178620634e-03,2.627031524327658296e+00,4.974144762134137032e+00,3.448459755226512158e+00,4.985265369326686624e+00
1.490884343178620550e-03,2.614488102305926098e+00,4.973959150549299046e+00,3.462913495263391983e+00,4.976336219308850950e+00
1.491884343178620466e-03,2.601940160489950138e+00,4.973722435886177351e+00,3.480944121401508440e+00,4.962101305193611367e+00
1.492884343178620381e-03,2.589388194250990871e+00,4.973430134325655061e+00,3.504559051834656547e+00,4.939577824082227231e+00
1.493884343178620297e-03,2.576832699119172343e+00,4.973020676315705657e+00,3.536721143610842777e+00,4.904363020958563801e+00
1.494884343178620213e-03,2.564274170763955141e+00,4.972447394770192375e+00,3.581549887247842179e+00,4.850328435417813999e+00
1.495884343178620129e-03,2.551713104974531188e+00,4.971578361455722295e+00,3.644223428302273859e+00,4.769757844310885453e+00
1.496884343178620045e-03,2.539149997640269607e+00,4.970250046122990817e+00,3.730114485221931453e+00,4.654607240288944681e+00
1.497884343178619961e-03,2.526585344731140381e+00,4.968128298206097249e+00,3.842691298029857538e+00,4.499587483321434433e+00
1.498884343178619877e-03,2.514019642278118916e+00,4.964620937516242449e+00,3.980362063893892355e+00,4.306781740497357625e+00
1.499884343178619793e-03,2.501453386353626129e+00,4.958559383592121783e+00,4.134119774348600451e+00,4.089242373297894417e+00
1.500884343178619709e-03,2.488887073051928134e+00,4.947109656966627966e+00,4.288743941289841821e+00,3.869104621457001070e+00
1.501884343178619624e-03,2.476321198469558116e+00,4.916070490243985347e+00,4.428385558822066415e+00,3.669666224662256226e+00
1.502884343178619540e-03,2.463756258685728007e+00,2.328143303250227891e+00,4.548459758251855334e+00,3.506422505261944433e+00
1.503884343178619456e-03,2.451192749742745480e+00,-2.951916045371449221e-02,4.726312388549773758e+00,3.383886165814320446e+00
1.504676225915669999e-03,2.441245266530804425e+00,3.411479240564576493e-02,4.822399284165130418e+00,3.312693378543949851e+00
1.505443977868896289e-03,2.431602296058191115e+00,-2.852903327617681284e-02,4.865912270615539548e+00,3.261755632896857104e+00
1.506314766610196681e-03,2.420667121251524279e+00,2.874809697633242886e-02,4.914713468762295534e+00,3.220647826416514814e+00
1.507151068937941053e-03,2.410167250865963062e+00,-2.479967316189512008e-02,4.938471266891466982e+00,3.193516253176049702e+00
1.508151068937940969e-03,2.397615418678032295e+00,2.413779389528135366e-02,4.964645336578854540e+00,3.172082088010164558e+00
1.509151068937940885e-03,2.385067628458061861e+00,-2.174886212277567579e-02,4.975313432477387998e+00,3.158630905495961372e+00
1.510151068937940801e-03,2.372524375571324118e+00,2.063559384650351727e-02,4.987093464381909591e+00,3.150247072018592220e+00
1.511151068937940717e-03,2.359986155203965374e+00,-1.890535400305071168e-02,4.989779933970670989e+00,3.145050867848728338e+00
1.512151068937940632e-03,2.347453462343457087e+00,1.773579140715736413e-02,4.995618099567048276e+00,3.141836879967023322e+00
1.513151068937940548e-03,2.334926791759054154e+00,-1.637394839532092111e-02,4.995448702109080763e+00,3.139856072913564500e+00
1.514151068937940464e-03,2.322406637982262101e+00,1.528423729109330831e-02,4.998753707581458094e+00,3.138635016639593101e+00
1.515151068937940380e-03,2.309893495287313581e+00,-1.415990047276820436e-02,4.997720065280844892e+00,3.137885521652095999e+00
1.516151068937940296e-03,2.297387857671660427e+00,1.318822868295892702e-02,4.999844864574358283e+00,3.137425378190773717e+00
1.517151068937940212e-03,2.284890218836455489e+00,-1.223748399570172632e-02,4.998679476195820648e+00,3.137144302057045309e+00
1.518151068937940128e-03,2.272401072167083758e+00,1.138647323057534813e-02,5.000173538126452044e+00,3.136974074527819401e+00
1.519151068937940044e-03,2.259920910713670850e+00,-1.057345767049126459e-02,4.999125101643704383e+00,3.136870569499690564e+00
1.520151068937939959e-03,2.247450227171618575e+00,9.833822248887369791e-03,5.000225995420348291e+00,3.136811074125330556e+00
1.521151068937939875e-03,2.234989513862169819e+00,-9.135019732374767901e-03,4.999362594414575867e+00,3.136774534608904208e+00
1.522151068937939791e-03,2.222539262712939667e+00,8.494340251495736960e-03,5.000185116372998451e+00,3.136757326693311754e+00
1.523151068937939707e-03,2.210099965238528696e+00,-7.892303320689303056e-03,4.999509971831061605e+00,3.136745274418126783e+00
1.524151068937939623e-03,2.197672112521102061e+00,7.338169983028977952e-03,5.000118699642228215e+00,3.136744316583896186e+00
1.525151068937939539e-03,2.185256195191004558e+00,-6.818934190771133719e-03,4.999613711906070179e+00,3.136740888095571389e+00
1.526151068937939455e-03,2.172852703407393449e+00,6.339979861407675152e-03,5.000051064971553494e+00,3.136746346299457588e+00
1.527151068937939371e-03,2.160462126838889052e+00,-5.891917242877585219e-03,4.999692883523942477e+00,3.136745580436715919e+00
1.528151068937939287e-03,2.148084954644228439e+00,5.478070994139968945e-03,4.999990215763965296e+00,3.136753689154275548e+00
1.529151068937939202e-03,2.135721675452986634e+00,-5.091313691636316884e-03,4.999755936168565285e+00,3.136753389817090287e+00
1.530151068937939118e-03,2.123372777346253848e+00,4.733776530996954175e-03,4.999938126709044361e+00,3.136762684574605942e+00
1.531151068937939034e-03,2.111038747837381990e+00,-4.399876633124876792e-03,4.999807106876180463e+00,3.136762087321062875e+00
1.532151068937938950e-03,2.098720073852740953e+00,4.091007540948292907e-03,4.999894629346655073e+00,3.136771975735914264e+00
1.533151068937938866e-03,2.086417241712479331e+00,-3.802703592462674566e-03,4.999848881447912952e+00,3.136770858682022212e+00
1.534151068937938782e-03,2.074130737111347322e+00,3.535885285773083045e-03,4.999858869002939521e+00,3.136781079253102344e+00
1.535151068937938698e-03,2.061861045099509848e+00,-3.286923934129586371e-03,4.999882952205195963e+00,3.136779423558227808e+00
1.536151068937938614e-03,2.049608650063397430e+00,3.056433020270051589e-03,4.999829841871870961e+00,3.136789840810230601e+00
1.537151068937938530e-03,2.037374035706587261e+00,-2.841424166511117774e-03,4.999910600888815893e+00,3.136787700374215948e+00
1.538151068937938445e-03,2.025157685030704702e+00,2.642313477257221457e-03,4.999806584014236499e+00,3.136798228412821743e+00
1.539151068937938361e-03,2.012960080316356759e+00,-2.456608904087183905e-03,4.999932860363211162e+00,3.136795680047597124e+00
1.540151068937938277e-03,2.000781703104092202e+00,2.284603610601198577e-03,4.999788230080341123e+00,3.136806253663636301e+00
1.541151068937938193e-03,1.988623034175390103e+00,-2.124193787866135094e-03,4.999950589247307953e+00,3.136803377749343369e+00
1.542151068937938109e-03,1.976484553533684796e+00,1.975600719600062363e-03,4.999774024212813472e+00,3.136813942263694699e+00
1.543151068937938025e-03,1.964366740385400600e+00,-1.837026436480713835e-03,4.999964511949364976e+00,3.136810815415076892e+00
1.544151068937937941e-03,1.952270073121054939e+00,1.708655303028097303e-03,4.999763313977430457e+00,3.136821322982444205e+00
1.545151068937937857e-03,1.940195029296355234e+00,-1.588931757130695836e-03,4.999975243395614832e+00,3.136818015442659924e+00
1.546151068937937773e-03,1.928142085613362422e+00,1.478026903338255016e-03,4.999755539739273225e+00,3.136828423657987752e+00
1.547151068937937688e-03,1.916111717901655798e+00,-1.374578382918742936e-03,4.999983306896102597e+00,3.136824998370831619e+00
1.548151068937937604e-03,1.904104401099545818e+00,1.278759703922475186e-03,4.999750222694891555e+00,3.136835270228661710e+00
1.549151068937937520e-03,1.892120609235343753e+00,-1.189363325980076838e-03,4.999989148043172627e+00,3.136831782888428677e+00
1.550151068937937436e-03,1.880160815408632891e+00,1.106575179497719255e-03,4.999746954245483543e+00,3.136841885942148522e+00
1.551151068937937352e-03,1.868225491771595026e+00,-1.029312415659210068e-03,4.999993146212147188e+00,3.136838385375728233e+00
1.552151068937937268e-03,1.856315109510370709e+00,9.577794414222637245e-04,4.999745386123324309e+00,3.136848291990218751e+00
1.553151068937937184e-03,1.844430138826461452e+00,-8.909943391828363188e-04,4.999995623961861035e+00,3.136844820446207827e+00
1.554151068937937100e-03,1.832571048918148815e+00,8.291832841293750225e-04,4.999745222021099167e+00,3.136854507391194868e+00
1.555151068937937016e-03,1.820738307962006974e+00,-7.714464416377381662e-04,4.999996855344162938e+00,3.136851101003348408e+00
1.556151068937936931e-03,1.808932383094384644e+00,7.180331591345012320e-04,4.999746210114957456e+00,3.136860549162483913e+00
1.557151068937936847e-03,1.797153740392983590e+00,-6.681106586720590322e-04,4.999997072864068137e+00,3.136857238694146233e+00
1.558151068937936763e-03,1.785402844858443139e+00,6.219516007011648443e-04,4.999748136764397444e+00,3.136866432803975702e+00
1.559151068937936679e-03,1.773680160396001293e+00,-5.787782179350625276e-04,4.999996473461643554e+00,3.136863243856380823e+00
1.560151068937936595e-03,1.761986149797168277e+00,5.388858112847900138e-04,4.999750821187147309e+00,3.136872172145308557e+00
1.561151068937936511e-03,1.750321274721458931e+00,-5.015419103437524081e-04,4.999995223596703120e+00,3.136869126011875064e+00
1.562151068937936427e-03,1.738685995678168172e+00,4.670632720471451027e-04,4.999754110419134534e+00,3.136877779701247704e+00
1.563151068937936343e-03,1.727080772008189546e+00,-4.347548622523150991e-04,4.999993463711643216e+00,3.136874893472850534e+00
1.564151068937936259e-03,1.715506061865882392e+00,4.049534324749103184e-04,4.999757875648319860e+00,3.136883266904849421e+00
1.565151068937936174e-03,1.703962322200984092e+00,-3.769949745147692984e-04,4.999991311998500443e+00,3.136880554102360108e+00
1.566151068937936090e-03,1.692450008740570500e+00,3.512346380779513889e-04,4.999762008447933503e+00,3.136888643953592570e+00
1.567151068937936006e-03,1.680969575971064334e+00,-3.270341973704354518e-04,4.999988867706307794e+00,3.136886115041434664e+00
1.568151068937935922e-03,1.669521477120297748e+00,3.047655781413724767e-04,4.999766417937735241e+00,3.136893920158103199e+00
1.569151068937935838e-03,1.658106164139604211e+00,-2.838120285045700551e-04,4.999986213692922732e+00,3.136891582669929956e+00
1.570151068937935754e-03,1.646724087685996984e+00,2.645606556645617078e-04,4.999771028175648446e+00,3.136899103891565233e+00
1.571151068937935670e-03,1.635375697104362702e+00,-2.464126170208873440e-04,4.999983419188443357e+00,3.136896963028580565e+00
1.572151068937935586e-03,1.624061440409739099e+00,2.297686952237517634e-04,4.999775775925844989e+00,3.136904202873932679e+00
1.573151068937935501e-03,1.612781764269597851e+00,-2.140450059746315710e-04,4.999980541474071671e+00,3.136902261702589012e+00
1.574151068937935417e-03,1.601537113986242211e+00,1.996545938853606309e-04,4.999780608790286962e+00,3.136909223980767436e+00
1.575151068937935333e-03,1.590327933479211531e+00,-1.860260706531758799e-04,4.999977627992070239e+00,3.136907483785173589e+00
1.576151068937935249e-03,1.579154665267759050e+00,1.735834542699247584e-04,4.999785483611519865e+00,3.136914173594455679e+00
1.577151068937935165e-03,1.568017750453381876e+00,-1.617657990476757571e-04,4.999974717474896302e+00,3.136912634022374302e+00
1.578151068937935081e-03,1.556917628702410905e+00,1.510069155231026931e-04,4.999790365074201048e+00,3.136919057558418711e+00
1.579151068937934997e-03,1.545854738228639835e+00,-1.407545734861444654e-04,4.999971841611460022e+00,3.136917716826212565e+00
1.580151068937934913e-03,1.534829515776042097e+00,1.314513209772187477e-04,4.999795224480405587e+00,3.136923880914859186e+00
1.581151068937934829e-03,1.523842396601528204e+00,-1.225521957554683147e-04,4.999969025825172331e+00,3.136922736445316051e+00
1.582151068937934744e-03,1.512893814457746622e+00,1.145075296568547589e-04,4.999800038709441452e+00,3.136928648635296302e+00
1.583151068937934660e-03,1.501984201575977007e+00,-1.067784067163604194e-04,4.999966290495202692e+00,3.136927696690970269e+00
1.584151068937934576e-03,1.491113988649049205e+00,9.982210373384526518e-05,4.999804789502508839e+00,3.136933365026024045e+00
1.585151068937934492e-03,1.480283604814360165e+00,-9.310471407186111123e-05,4.999963651573997581e+00,3.136932601160959511e+00
1.586151068937934408e-03,1.469493477636918621e+00,8.708970646551363135e-05,4.999809462403473681e+00,3.136938034063980307e+00
1.587151068937934324e-03,1.458744033092470360e+00,-8.124731419858395609e-05,4.999961121390332330e+00,3.136937453318921154e+00
1.588151068937934240e-03,1.448035695550679902e+00,7.604654199049180375e-05,4.999814046553349378e+00,3.136942659476762429e+00
1.589151068937934156e-03,1.437368887758377678e+00,-7.096101703565856945e-05,4.999958709078914154e+00,3.136942256291332942e+00
1.590151068937934072e-03,1.426744030822870712e+00,6.646469060607782366e-05,4.999818533703571433e+00,3.136947244601435258e+00
1.591151068937933987e-03,1.416161544195318367e+00,-6.203395573090436383e-05,4.999956421372157678e+00,3.136947013109377291e+00
1.592151068937933903e-03,1.405621845654172475e+00,5.814720222886669978e-05,4.999822918030683461e+00,3.136951792548688278e+00
1.593151068937933819e-03,1.395125351288687421e+00,-5.428305360809176314e-05,4.999954262744643607e+00,3.136951726562926535e+00
1.594151068937933735e-03,1.384672475482482179e+00,5.092388882255245768e-05,4.999827195728427931e+00,3.136956306100890934e+00
1.595151068937933651e-03,1.374263630897198496e+00,-4.755010227371867263e-05,4.999952235931091060e+00,3.136956399305459442e+00
1.596151068937933567e-03,1.363899228456197266e+00,4.464766508085933085e-05,4.999831364443338977e+00,3.136960787933932959e+00
1.597151068937933483e-03,1.353579677328337727e+00,-4.169836007578965972e-05,4.999950342175877083e+00,3.136961033873645999e+00
1.598151068937933399e-03,1.343305384911837042e+00,3.919140694322945784e-05,4.999835423337617435e+00,3.136965240319555370e+00
1.599151068937933315e-03,1.333076756818158737e+00,-3.660964096807925314e-05,4.999948581547286608e+00,3.136965632540406723e+00
1.600151068937933230e-03,1.322894196856028604e+00,3.444522716039099506e-05,4.999839372520336056e+00,3.136969665657565631e+00
1.601151068937933146e-03,1.312758107015478570e+00,-3.218177368928406911e-05,4.999946953139102312e+00,3.136970197583551112e+00
1.602151068937933062e-03,1.302668887451979840e+00,3.031412752190485501e-05,4.999843213047436841e+00,3.136974065802113909e+00
1.603151068937932978e-03,1.292626936470645305e+00,-2.832643001270908811e-05,4.999945455204751532e+00,3.136974731099846370e+00
1.604151068937932894e-03,1.282632650510507899e+00,2.671597691321161858e-05,4.999846946685534199e+00,3.136978442791263699e+00
1.605151068937932810e-03,1.272686424128855798e+00,-2.496723750557530266e-05,4.999944085409468997e+00,3.136979234993221510e+00
1.606151068937932726e-03,1.262788649985684630e+00,2.357975153914121440e-05,4.999850575664977370e+00,3.136982798249635884e+00
1.607151068937932642e-03,1.252939718828166793e+00,-2.203814413453226975e-05,4.999942840983110592e+00,3.136983711161581923e+00
1.608151068937932558e-03,1.243140019475240443e+00,2.084402645030036704e-05,4.999854102794471622e+00,3.136987133812851436e+00
1.609151068937932473e-03,1.233389938802258889e+00,-1.948203031902885033e-05,4.999941718637523458e+00,3.136988161326592639e+00
1.610151068937932389e-03,1.223689861725706818e+00,1.845567540228903018e-05,4.999857531052217752e+00,3.136991451033966705e+00
1.611151068937932305e-03,1.214040171188020878e+00,-1.724947894098083199e-05,4.999940714914531625e+00,3.136992587191643977e+00
1.612151068937932221e-03,1.204441248142460452e+00,1.636873717669721129e-05,4.999860863843410996e+00,3.136995751276513200e+00
1.613151068937932137e-03,1.194893471538071461e+00,-1.529774073235110705e-05,4.999939826138202648e+00,3.136996990322227230e+00
1.614151068937932053e-03,1.185397218304725886e+00,1.454344190142628354e-05,4.999864104597732783e+00,3.137000035808597431e+00
1.615151068937931969e-03,1.175952863338241228e+00,-1.358981854321834553e-05,4.999939048457022750e+00,3.137001372076814398e+00
1.616151068937931885e-03,1.166560779485579902e+00,1.294537091096954473e-05,4.999867256874229504e+00,3.137004305767362222e+00
1.617151068937931800e-03,1.157221337530131011e+00,-1.209369305202792978e-05,4.999938377877368723e+00,3.137005733923611928e+00
1.618151068937931716e-03,1.147934906177070946e+00,1.154473587915980463e-05,4.999870324335342175e+00,3.137008562317022076e+00
1.619151068937931632e-03,1.138701852038811468e+00,-1.078164253423310236e-05,4.999937810550783901e+00,3.137010077200272029e+00
1.620151068937931548e-03,1.129522539620515076e+00,1.031573977286751170e-05,4.999873310699885387e+00,3.137012806544540844e+00
1.621151068937931464e-03,1.120397331305721167e+00,-9.629666292393043205e-06,4.999937342454603417e+00,3.137014403097768245e+00
1.622151068937931380e-03,1.111326587342026606e+00,9.236045521260336020e-06,4.999876219554205470e+00,3.137017039341446711e+00
1.623151068937931296e-03,1.102310665826876424e+00,-8.616972782837430545e-06,4.999936969651223251e+00,3.137018712803320231e+00
1.624151068937931212e-03,1.093349922693414689e+00,8.286302139513988064e-06,4.999879054510461884e+00,3.137021261556464768e+00
1.625151068937931128e-03,1.084444711696431751e+00,-7.725550181731585537e-06,4.999936688249736250e+00,3.137023007388418439e+00
1.626151068937931043e-03,1.075595384398412069e+00,7.449743310984203785e-06,4.999881819134239791e+00,3.137025474111703627e+00
1.627151068937930959e-03,1.066802290155644872e+00,-6.939788010461689232e-06,4.999936494497568162e+00,3.137027287904487149e+00
1.628151068937930875e-03,1.058065776104434974e+00,6.711833609679896510e-06,4.999884516899816944e+00,3.137029677746069112e+00
1.629151068937930791e-03,1.049386187147397509e+00,-6.246154168701741587e-06,4.999936384640569109e+00,3.137031555341319500e+00
1.630151068937930707e-03,1.040763865939845045e+00,6.059973721823716107e-06,4.999887151201725111e+00,3.137033873195085310e+00
1.631151068937930623e-03,1.032199152876248194e+00,-5.632916304308622123e-06,4.999936355022325252e+00,3.137035810576019657e+00
1.632151068937930539e-03,1.023692386076820560e+00,5.483233549819878674e-06,4.999889725233009230e+00,3.137038061136467881e+00
1.633151068937930455e-03,1.015243901374146995e+00,-5.089888325817524930e-06,4.999936402188509987e+00,3.137040054553986934e+00
1.634151068937930371e-03,1.006854032299939750e+00,4.972126764141536984e-06,4.999892242234436068e+00,3.137042242131192538e+00
1.635151068937930286e-03,9.985231100718596764e-01,-4.608237523738312925e-06,4.999936522689373497e+00,3.137044288021929361e+00
1.636151068937930202e-03,9.902514635804537946e-01,4.518421203721375351e-06,4.999894705182192922e+00,3.137046416901467794e+00
1.637151068937930118e-03,9.820394193761621260e-01,-4.180290657583900376e-06,4.999936713215642925e+00,3.137048511789635175e+00
1.638151068937930034e-03,9.738873016564286722e-01,4.114968197270823676e-06,4.999897117040995376e+00,3.137050585887522836e+00
1.639151068937929950e-03,9.657954322529023194e-01,-3.799382964254833704e-06,4.999936970660614932e+00,3.137052726594120156e+00
1.640151068937929866e-03,9.577641306187314463e-01,3.755553663259036051e-06,4.999899480649225403e+00,3.137054749638552131e+00
1.641151068937929782e-03,9.497937138159531223e-01,-3.459721951778350642e-06,4.999937291991144228e+00,3.137056933076053156e+00
1.642151068937929698e-03,9.418844965029751215e-01,3.434773668969179660e-06,4.999901798633047179e+00,3.137058908635057097e+00
1.643151068937929614e-03,9.340367909221538589e-01,-3.156269392863725528e-06,4.999937674205563454e+00,3.137061131868187136e+00
1.644151068937929529e-03,9.262509068874686946e-01,3.147931848992022414e-06,4.999904073557514650e+00,3.137063063352324654e+00
1.645151068937929445e-03,9.185271517722917167e-01,-2.884641783344266732e-06,4.999938114542292311e+00,3.137065323675550577e+00
1.646151068937929361e-03,9.108658304972452324e-01,2.890938174456094544e-06,4.999906307905805924e+00,3.137067214142690741e+00
1.647151068937929277e-03,9.032672455181771642e-01,-2.641024880189602225e-06,4.999938610280712403e+00,3.137069508951886299e+00
1.648151068937929193e-03,8.957316968142094993e-01,2.660233363266668804e-06,4.999908504024155320e+00,3.137071361434319527e+00
1.649151068937929109e-03,8.882594818759084188e-01,-2.422093850276270802e-06,4.999939158891706370e+00,3.137073688281872830e+00
1.650151068937929025e-03,8.808508956935192646e-01,2.452709152973387808e-06,4.999910664069571631e+00,3.137075505601345959e+00
1.651151068937928941e-03,8.735062307453405062e-01,-2.224947090196130909e-06,4.999939757863844036e+00,3.137077862202414025e+00
1.652151068937928857e-03,8.662257769861685386e-01,2.265659453024228902e-06,4.999912790189051215e+00,3.137079647011070893e+00
1.653151068937928772e-03,8.590098218358517279e-01,-2.047055637232013511e-06,4.999940404885578005e+00,3.137082031091623868e+00
1.654151068937928688e-03,8.518586501679434875e-01,2.096717945002356400e-06,4.999914884342958388e+00,3.137083785864146712e+00
1.655151068937928604e-03,8.447725442984586053e-01,-1.886209172595844335e-06,4.999941097660960843e+00,3.137086195487542195e+00
1.656151068937928520e-03,8.377517839747175010e-01,1.943822445976777563e-06,4.999916948486843538e+00,3.137087922612497248e+00
1.657151068937928436e-03,8.307966463643221555e-01,-1.740478708704518969e-06,4.999941834086675030e+00,3.137090355729261315e+00
1.658151068937928352e-03,8.239074060441944347e-01,1.805165753937825201e-06,4.999918984397113242e+00,3.137092057419487823e+00
1.659151068937928268e-03,8.170843349897458641e-01,-1.608173619846112255e-06,4.999942612106471174e+00,3.137094512284052783e+00
1.660151068937928184e-03,8.103277025641406617e-01,1.679164165110367629e-06,4.999920993708807160e+00,3.137096190587830957e+00
1.661151068937928100e-03,8.036377755076540286e-01,-1.487810694881405977e-06,4.999943429750612900e+00,3.137098665401780728e+00
1.662151068937928015e-03,7.970148179271527855e-01,1.564433899240628345e-06,4.999922978114109462e+00,3.137100322306129563e+00
1.663151068937927931e-03,7.904590912856621632e-01,-1.378096422028690200e-06,4.999944285157211787e+00,3.137102815520314447e+00
1.664151068937927847e-03,7.839708543920445027e-01,1.459759983769890673e-06,4.999924939086104025e+00,3.137104452895513429e+00
1.665151068937927763e-03,7.775503633907832057e-01,-1.277890843449158918e-06,4.999945176538192371e+00,3.137106962886434758e+00
1.666151068937927679e-03,7.711978717518688242e-01,1.364074417874632080e-06,4.999926878051208945e+00,3.137108582456934247e+00
1.667151068937927595e-03,7.649136302607943971e-01,-1.186191488369259150e-06,4.999946102226780376e+00,3.137111107847106339e+00
1.668151068937927511e-03,7.586978870086533711e-01,1.276437585024398402e-06,4.999928796391522212e+00,3.137112711187833636e+00
1.669151068937927427e-03,7.525508873823467670e-01,-1.102118427521557609e-06,4.999947060599047255e+00,3.137115250671676403e+00
1.670151068937927342e-03,7.464728740548938202e-01,1.196022879597028155e-06,4.999930695362342803e+00,3.137116839336043572e+00
1.671151068937927258e-03,7.404640869758556398e-01,-1.024894033277948336e-06,4.999948050139760625e+00,3.137119391603713225e+00
1.672151068937927174e-03,7.345247633618539052e-01,1.122099111731763490e-06,4.999932576146850494e+00,3.137120966985605275e+00
1.673151068937927090e-03,7.286551376872152375e-01,-9.538349702048109665e-07,4.999949069287766612e+00,3.137123530852382380e+00
1.674151068937927006e-03,7.228554416747141609e-01,1.054028088608558678e-06,4.999934439913089612e+00,3.137125094308608197e+00
1.675151068937926922e-03,7.171259042864184252e-01,-8.883362753167209842e-07,4.999950116755825569e+00,3.137127668663682645e+00
1.676151068937926838e-03,7.114667517146502362e-01,9.912358177837326340e-07,4.999936287701561177e+00,3.137129221462704454e+00
1.677151068937926754e-03,7.058782073730649476e-01,-8.278610947238520700e-07,4.999951191148823249e+00,3.137131805259213202e+00
1.678151068937926670e-03,7.003604918878241214e-01,9.332208165288042936e-07,4.999938120547209763e+00,3.137133348607777261e+00
1.679151068937926585e-03,6.949138230888871615e-01,-7.719376377111488714e-07,4.999952291185671527e+00,3.137135940806701218e+00
1.680151068937926501e-03,6.895384160014119690e-01,8.795346600175427453e-07,4.999939939304057113e+00,3.137137475702487688e+00
1.681151068937926417e-03,6.842344828372677323e-01,-7.201401418542339155e-07,4.999953415665431500e+00,3.137140075493072722e+00
1.682151068937926333e-03,6.790022329866496342e-01,8.297797324849326523e-07,4.999941744928616316e+00,3.137141603013667623e+00
1.683151068937926249e-03,6.738418730098270082e-01,-6.720952717104110735e-07,4.999954563456526557e+00,3.137144209405835493e+00
1.684151068937926165e-03,6.687536066289745396e-01,7.836003046321775807e-07,4.999943538198277970e+00,3.137145730517670650e+00
1.685151068937926081e-03,6.637376347201360272e-01,-6.274671985722407882e-07,4.999955733426588722e+00,3.137148342778441457e+00
1.686151068937925997e-03,6.587941553052956145e-01,7.406830288327447834e-07,4.999945319947566524e+00,3.137149858360566590e+00
1.687151068937925913e-03,6.539233635445529380e-01,-5.859601090666879750e-07,4.999956924546215653e+00,3.137152475715067279e+00
1.688151068937925828e-03,6.491254517284277270e-01,7.007441775224543405e-07,4.999947090842499442e+00,3.137153986586082244e+00
1.689151068937925744e-03,6.444006092702636579e-01,-5.473051693182752179e-07,4.999958135778680202e+00,3.137156608309872752e+00
1.690151068937925660e-03,6.397490226987505579e-01,6.635329534647523451e-07,4.999948851613291723e+00,3.137158115294074179e+00
1.691151068937925576e-03,6.351708756505614062e-01,-5.112654303407083528e-07,4.999959366181511378e+00,3.137160740742280129e+00
1.692151068937925492e-03,6.306663488631025771e-01,6.288210761684730806e-07,4.999950602826930712e+00,3.137162244471724648e+00
1.693151068937925408e-03,6.262356201673786593e-01,-4.776228319666485152e-07,4.999960614838412809e+00,3.137164873019593347e+00
1.694151068937925324e-03,6.218788644809720711e-01,5.964061165603031602e-07,4.999952345161958078e+00,3.137166374264066970e+00
1.695151068937925240e-03,6.175962538011374736e-01,-4.461886722179726535e-07,4.999961880850971596e+00,3.137169005286987389e+00
1.696151068937925156e-03,6.133879571980123124e-01,5.661049686904368731e-07,4.999954079088218428e+00,3.137170504616319189e+00
1.697151068937925071e-03,6.092541408079383825e-01,-4.167859885690818055e-07,4.999963163379863573e+00,3.137173137580330007e+00
1.698151068937924987e-03,6.051949678269101796e-01,5.377533237375335487e-07,4.999955805196928615e+00,3.137174635662387523e+00
1.699151068937924903e-03,6.012105985041249490e-01,-3.892590413571252850e-07,4.999964461672358418e+00,3.137177270002406093e+00
1.700151068937924819e-03,5.973011901356637399e-01,5.111977480540590804e-07,4.999957523886703115e+00,3.137178767327936324e+00
1.701151068937924735e-03,5.934668970582750447e-01,-3.634637698958803982e-07,4.999965774871832025e+00,3.137181402629824589e+00
1.702151068937924651e-03,5.897078706432816730e-01,4.863085767783633388e-07,4.999959235700093707e+00,3.137182899664806346e+00
1.703151068937924567e-03,5.860242592906110826e-01,-3.392744531836672361e-07,4.999967102334709423e+00,3.137185535471055164e+00
1.704151068937924483e-03,5.824162084229325131e-01,4.629580414798536924e-07,4.999960940961500455e+00,3.137187032703989686e+00
1.705151068937924399e-03,5.788838604799160237e-01,-3.165687304552260327e-07,4.999968443336920032e+00,3.137189668622985650e+00
1.706151068937924314e-03,5.754273549126098786e-01,4.410331687053295000e-07,4.999962640078599918e+00,3.137191166490506333e+00
1.707151068937924230e-03,5.720468281779367281e-01,-2.952431986149637032e-07,4.999969797119148573e+00,3.137193802069414783e+00
1.708151068937924146e-03,5.687424137333005891e-01,4.204383362629609786e-07,4.999964333445345410e+00,3.137195300972032364e+00
1.709151068937924062e-03,5.655142420313283846e-01,-2.752012748026537066e-07,4.999971163149503184e+00,3.137197935852435560e+00
1.710151068937923978e-03,5.623624405147107375e-01,4.010759848448134355e-07,4.999966021367782787e+00,3.137199436154010979e+00
1.711151068937923894e-03,5.592871336111755465e-01,-2.563541115913342140e-07,4.999972540709642033e+00,3.137202070023276779e+00
1.712151068937923810e-03,5.562884427285716971e-01,3.828642538246008655e-07,4.999967704142628477e+00,3.137203572092388537e+00
1.713151068937923726e-03,5.533664862500815573e-01,-2.386182358715064870e-07,4.999973929303370035e+00,3.137206204580402780e+00
1.714151068937923642e-03,5.505213795295440526e-01,3.657196615327205765e-07,4.999969382021654418e+00,3.137207708691002850e+00
1.715151068937923557e-03,5.477532348869005308e-01,-2.219189739542584492e-07,4.999975328250521933e+00,3.137210339531388836e+00
1.716151068937923473e-03,5.450621616037616413e-01,3.495765840380613003e-07,4.999971055320235003e+00,3.137211845978089997e+00
1.717151068937923389e-03,5.424482659190930089e-01,-2.061893729687583783e-07,4.999976737103071223e+00,3.137214474924024721e+00
1.718151068937923305e-03,5.399116510250205891e-01,3.343649950800999867e-07,4.999972724229980514e+00,3.137215983942551745e+00
1.719151068937923221e-03,5.374524170627565933e-01,-1.913652464653285203e-07,4.999978155255791812e+00,3.137218610650892803e+00
1.720151068937923137e-03,5.350706611186475392e-01,3.200270120221601303e-07,4.999974388980891860e+00,3.137220122532376809e+00
1.721151068937923053e-03,5.327664772203393184e-01,-1.773900533471189550e-07,4.999979582210112738e+00,3.137222746834118059e+00
1.722151068937922969e-03,5.305399563330677193e-01,3.065064385866992296e-07,4.999976049744236484e+00,3.137224261789131941e+00
1.723151068937922884e-03,5.283911863560639688e-01,-1.642077610096281345e-07,4.999981017512931558e+00,3.137226883389944376e+00
1.724151068937922800e-03,5.263202521190875061e-01,2.937496185100677665e-07,4.999977706713809589e+00,3.137228401603381123e+00
1.725151068937922716e-03,5.243272353790759954e-01,-1.517697494493838849e-07,4.999982460649177618e+00,3.137231020379462887e+00
1.726151068937922632e-03,5.224122148169185742e-01,2.817096620075069262e-07,4.999979360012353879e+00,3.137232542018338677e+00
1.727151068937922548e-03,5.205752660343481164e-01,-1.400282620118315538e-07,4.999983911192017239e+00,3.137235157685720033e+00
1.728151068937922464e-03,5.188164615509560651e-01,2.703432040580886193e-07,4.999981009863996739e+00,3.137236682935951926e+00
1.729151068937922380e-03,5.171358708013322758e-01,-1.289441418480400182e-07,4.999985368699175758e+00,3.137239295380962467e+00
1.730151068937922296e-03,5.155335601323220995e-01,2.596081105706047571e-07,4.999982656310460349e+00,3.137240824362885760e+00
1.731151068937922212e-03,5.140095928004071446e-01,-1.184737819833730304e-07,4.999986832758952282e+00,3.137243433340024090e+00
1.732151068937922127e-03,5.125640289692086071e-01,2.494635910132437985e-07,4.999984299462073345e+00,3.137244966237764388e+00
1.733151068937922043e-03,5.111969257071098394e-01,-1.085811222947267457e-07,4.999988302898511705e+00,3.137247571698089210e+00
1.734151068937921959e-03,5.099083369850085923e-01,2.398800740554012537e-07,4.999985939509965505e+00,3.137249108590444369e+00
1.735151068937921875e-03,5.086983136741800582e-01,-9.923609596256411514e-08,4.999989778788759942e+00,3.137251710264751470e+00
1.736151068937921791e-03,5.075669035442733623e-01,2.308196150803517734e-07,4.999987576404891776e+00,3.137253251241915564e+00
1.737151068937921707e-03,5.065141512614228514e-01,-9.039964702890415773e-08,4.999991260035896445e+00,3.137255849110508699e+00
1.738151068937921623e-03,5.055400983864859477e-01,2.222527208897305167e-07,4.999989210355891167e+00,3.137257394329764359e+00
1.739151068937921539e-03,5.046447833734022392e-01,-8.204969644287061321e-08,4.999992746209763972e+00,3.137259988154574408e+00
1.740151068937921455e-03,5.038282415676755832e-01,2.141524621695131891e-07,4.999990841300717470e+00,3.137261537609285167e+00
1.741151068937921370e-03,5.030905052049783333e-01,-7.415260918051918537e-08,4.999994237017309828e+00,3.137264127384656209e+00
1.742151068937921286e-03,5.024316034098788020e-01,2.064883687303412951e-07,4.999992469343243151e+00,3.137265681233667447e+00
1.743151068937921202e-03,5.018515621946917360e-01,-6.668274653390226463e-08,4.999995732101803370e+00,3.137268266748430623e+00
1.744151068937921118e-03,5.013504044584511377e-01,1.992356561708662069e-07,4.999994094518639187e+00,3.137269824972771737e+00
1.745151068937921034e-03,5.009281499860060993e-01,-5.961756999718925364e-08,4.999997231075256288e+00,3.137272406219182574e+00
1.746151068937920950e-03,5.005848154472405387e-01,1.923744209264515645e-07,4.999995716878903984e+00,3.137273968932366763e+00
1.747151068937920866e-03,5.003204143964137263e-01,-5.293474581073000052e-08,4.999998733676387808e+00,3.137276545815072204e+00
1.748151068937920782e-03,5.001349572716267122e-01,1.858786042422352358e-07,4.999997336395688663e+00,3.137278113034167148e+00
1.749151068937920698e-03,5.000284513944093234e-01,-4.661139843498503579e-08,5.000000239516483980e+00,3.137280685406812708e+00
1.750151068937920613e-03,5.000009009694308393e-01,1.797297520717968774e-07,4.999998953094641152e+00,3.137282257166605248e+00
1.751151068937920529e-03,5.000523070843352347e-01,-4.062739342772448696e-08,5.000001748338388730e+00,3.137284824963282315e+00
1.752151068937920445e-03,5.001826677096969931e-01,1.739058369441209849e-07,5.000000566958302528e+00,3.137286401281990322e+00
1.753151068937920361e-03,5.003919776991017088e-01,-3.496315767009964344e-08,5.000003259802574540e+00,3.137288964522011447e+00
1.754151068937920277e-03,5.006802287893494796e-01,1.683911347103685208e-07,5.000002178024709032e+00,3.137290545441457024e+00
1.755151068937920193e-03,5.010474096007810907e-01,-2.960368091139552545e-08,5.000004773623238030e+00,3.137293103972427666e+00
1.756151068937920109e-03,5.014935056377263223e-01,1.631669018825985962e-07,5.000003786203469858e+00,3.137294689480503607e+00
1.757151068937920025e-03,5.020184992890779352e-01,-2.452918895228622860e-08,5.000006289500413814e+00,3.137297243327619167e+00
1.758151068937919941e-03,5.026223698289851161e-01,1.582185401304095047e-07,5.000005391550198297e+00,3.137298833425504530e+00
1.759151068937919856e-03,5.033050934176732660e-01,-1.972623419327022989e-08,5.000007807192321962e+00,3.137301382484744217e+00
1.760151068937919772e-03,5.040666431023841376e-01,1.535303950047033118e-07,5.000006994029308593e+00,3.137302977249914360e+00
1.761151068937919688e-03,5.049069888184396504e-01,-1.518008020946949420e-08,5.000009326410988386e+00,3.137305521455483248e+00
1.762151068937919604e-03,5.058260973904304958e-01,1.490854852478105799e-07,5.000008593516383826e+00,3.137307120830585383e+00
1.763151068937919520e-03,5.068239325335233136e-01,-1.087338715445563251e-08,5.000010846857593449e+00,3.137309660205418904e+00
1.764151068937919436e-03,5.079004548548957665e-01,1.448732442410352835e-07,5.000010190069280824e+00,3.137311264165655089e+00
1.765151068937919352e-03,5.090556218552899637e-01,-6.797230205411427323e-09,5.000012368298189180e+00,3.137313798641045537e+00
1.766151068937919268e-03,5.102893879306904523e-01,1.408812384342405121e-07,5.000011783614442429e+00,3.137315407224798403e+00
1.767151068937919184e-03,5.116017043741249992e-01,-2.938207825454584612e-09,5.000013890484854784e+00,3.137317936806045982e+00
1.768151068937919099e-03,5.129925193775877190e-01,1.370957776320181175e-07,5.000013374073671635e+00,3.137319549943542452e+00
1.769151068937919015e-03,5.144617780340836610e-01,7.157678001363144249e-10,5.000015413129169417e+00,3.137322074610269684e+00
1.770151068937918931e-03,5.160094223397968527e-01,1.335067161931450396e-07,5.000014961391215706e+00,3.137323692341341008e+00
1.771151068937918847e-03,5.176353911963800236e-01,4.176391323993713172e-09,5.000016936024880287e+00,3.137326212047149898e+00
1.772151068937918763e-03,5.193396204133668981e-01,1.301018584965284608e-07,5.000016545509530452e+00,3.137327834317896080e+00
1.773151068937918679e-03,5.211220427107055020e-01,7.454318802636920261e-09,5.000018458924177622e+00,3.137330349067860347e+00
1.774151068937918595e-03,5.229825877214167029e-01,1.268724597522913031e-07,5.000018126394372153e+00,3.137331975879901425e+00
1.775151068937918511e-03,5.249211819943684354e-01,1.055722811491832122e-08,5.000019981585936080e+00,3.137334485664371453e+00
1.776151068937918426e-03,5.269377489971789341e-01,1.238085669990430493e-07,5.000019703923042513e+00,3.137336116964119181e+00
1.777151068937918342e-03,5.290322091192349863e-01,1.349437495096677182e-08,5.000021503721590932e+00,3.137338621772295610e+00
1.778151068937918258e-03,5.312044796748367492e-01,1.209025214761665761e-07,5.000021277999843861e+00,3.137340257605905514e+00
1.779151068937918174e-03,5.334544749064638047e-01,1.627775347025124113e-08,5.000023025197576132e+00,3.137342757437603158e+00
1.780151068937918090e-03,5.357821059881562320e-01,1.181446030395201545e-07,5.000022848652167617e+00,3.137344397743728752e+00
1.781151068937918006e-03,5.381872810290244669e-01,1.891054344518705683e-08,5.000024545736700965e+00,3.137346892606707183e+00
1.782151068937917922e-03,5.406699050768761783e-01,1.155274480557069052e-07,5.000024415684633183e+00,3.137348537313613406e+00
1.783151068937917838e-03,5.432298801219650475e-01,2.140422400719941234e-08,5.000026065120157348e+00,3.137351027235326661e+00
1.784151068937917754e-03,5.458671051008596731e-01,1.130420306067186791e-07,5.000025979025083167e+00,3.137352676420958719e+00
1.785151068937917669e-03,5.485814759004332686e-01,2.376646573135099597e-08,5.000027583135343789e+00,3.137355161357965549e+00
1.786151068937917585e-03,5.513728853619748183e-01,1.106838384352271359e-07,5.000027538664656213e+00,3.137356814919409764e+00
1.787151068937917501e-03,5.542412232854179166e-01,2.600168196143058772e-08,5.000029099619381689e+00,3.137359294969422230e+00
1.788151068937917417e-03,5.571863764336923985e-01,1.084417487914312809e-07,5.000029094398088070e+00,3.137360952880261955e+00
1.789151068937917333e-03,5.602082285371963177e-01,2.811920006798674822e-08,5.000030614266157691e+00,3.137363428076063165e+00
1.790151068937917249e-03,5.633066602983820559e-01,1.063151489960902619e-07,5.000030646233635245e+00,3.137365090278731561e+00
1.791151068937917165e-03,5.664815493964689974e-01,3.012019882256486331e-08,5.000032126917638209e+00,3.137367560582279946e+00
1.792151068937917081e-03,5.697327704922718894e-01,1.042957908562944077e-07,5.000032193984544016e+00,3.137369227148682160e+00
1.793151068937916997e-03,5.730601952331486615e-01,3.201548491262877473e-08,5.000033637386429142e+00,3.137371692592648031e+00
1.794151068937916912e-03,5.764636922580685940e-01,1.023758878044539014e-07,5.000033737582968207e+00,3.137373363439538210e+00
1.795151068937916828e-03,5.799431272027961715e-01,3.380988234315816521e-08,5.000035145454742924e+00,3.137375824085893772e+00
1.796151068937916744e-03,5.834983627051979482e-01,1.005505202625176564e-07,5.000035276906820592e+00,3.137377499212306464e+00
1.797151068937916660e-03,5.871292584106635459e-01,3.550816944237494784e-08,5.000036650903197710e+00,3.137379955086601946e+00
1.798151068937916576e-03,5.908356709776478866e-01,9.881745420842064560e-08,5.000036811901759748e+00,3.137381634459695867e+00
1.799151068937916492e-03,5.946174540833280009e-01,3.711276910419279361e-08,5.000038153559481557e+00,3.137384085633808883e+00
1.800151068937916408e-03,5.984744584293844039e-01,9.717007866743969569e-08,5.000038342394514501e+00,3.137385769263616897e+00
1.801151068937916324e-03,6.024065317478897175e-01,3.863182258930452602e-08,5.000039653233339543e+00,3.137388215724757679e+00
1.802151068937916240e-03,6.064135188073203064e-01,9.560242387539240165e-08,5.000039868289976930e+00,3.137389903546493830e+00
1.803151068937916155e-03,6.104952614186889281e-01,4.006999869575189027e-08,5.000041149738543744e+00,3.137392345408588135e+00
1.804151068937916071e-03,6.146515984417852962e-01,9.411158557541272748e-08,5.000041389520455404e+00,3.137394037450787376e+00
1.805151068937915987e-03,6.188823657915425436e-01,4.142813546224792746e-08,5.000042642857921216e+00,3.137396474725431261e+00
1.806151068937915903e-03,6.231873964445093783e-01,9.269340688058932078e-08,5.000042905890697220e+00,3.137398170986246182e+00
1.807151068937915819e-03,6.275665204454463630e-01,4.271288009378112699e-08,5.000044132397525765e+00,3.137400603760308382e+00
1.808151068937915735e-03,6.320195649140367689e-01,9.134420490296848787e-08,5.000044417323897150e+00,3.137402304177283607e+00
1.809151068937915651e-03,6.365463540517080077e-01,4.392652024292505835e-08,5.000045618172555884e+00,3.137404732521533290e+00
1.810151068937915567e-03,6.411467091485802960e-01,9.006221240736543879e-08,5.000045923732998610e+00,3.137406437121824876e+00
1.811151068937915483e-03,6.458204485905072456e-01,4.507181112819498640e-08,5.000047100037079417e+00,3.137408861077500610e+00
1.812151068937915398e-03,6.505673878662601162e-01,8.884020658225264453e-08,5.000047424916949979e+00,3.137410569881074807e+00
1.813151068937915314e-03,6.553873395748042174e-01,4.615624468375030497e-08,5.000048577787188364e+00,3.137412989606624514e+00
1.814151068937915230e-03,6.602801134326976573e-01,8.767591246882475117e-08,5.000048920823643606e+00,3.137414702566316382e+00
1.815151068937915146e-03,6.652455162816091061e-01,4.717972741285586116e-08,5.000050051236337723e+00,3.137417118031073038e+00
1.816151068937915062e-03,6.702833520959348146e-01,8.656761428905667757e-08,5.000050411311093512e+00,3.137418835182849364e+00
1.817151068937914978e-03,6.753934219905430858e-01,4.814473541827674457e-08,5.000051520191418852e+00,3.137421246572389411e+00
1.818151068937914894e-03,6.805755242286242179e-01,8.551121219378896748e-08,5.000051896198700163e+00,3.137422967973277466e+00
1.819151068937914810e-03,6.858294542296552443e-01,4.905845654798333440e-08,5.000052984525348521e+00,3.137425375257687055e+00
1.820151068937914726e-03,6.911550045774756956e-01,8.450340590502493798e-08,5.000053375464596606e+00,3.137427100896829746e+00
1.821151068937914641e-03,6.965519650284766051e-01,4.991832711460777876e-08,5.000054444009879973e+00,3.137429504299200644e+00
1.822151068937914557e-03,7.020201225199007578e-01,8.354393454972752837e-08,5.000054848910092886e+00,3.137431234143941872e+00
1.823151068937914473e-03,7.075592611782528518e-01,5.072860778882712709e-08,5.000055898482788308e+00,3.137433633741366634e+00
1.824151068937914389e-03,7.131691623278235692e-01,8.262786916749310734e-08,5.000056316383407307e+00,3.137435367914073847e+00
1.825151068937914305e-03,7.188496044993195611e-01,5.149408803508105336e-08,5.000057347774512273e+00,3.137437763743854635e+00
1.826151068937914221e-03,7.246003634386135595e-01,8.175346112446979318e-08,5.000057777807414894e+00,3.137439502186321061e+00
1.827151068937914137e-03,7.304212121155895243e-01,5.221388735369447636e-08,5.000058791688162252e+00,3.137441894509164886e+00
1.828151068937914053e-03,7.363119207331054739e-01,8.092099061375781430e-08,5.000059233050714091e+00,3.137443637331807089e+00
1.829151068937913968e-03,7.422722567360713342e-01,5.289063007233515267e-08,5.000060230099800940e+00,3.137446026152602485e+00
1.830151068937913884e-03,7.483019848206309277e-01,8.012393278197430683e-08,5.000060681914071381e+00,3.137447773343255530e+00
1.831151068937913800e-03,7.544008669434423275e-01,5.352937958031695707e-08,5.000061662790194816e+00,3.137450158840600523e+00
1.832151068937913716e-03,7.605686623310823347e-01,7.936325669074195779e-08,5.000062124341960512e+00,3.137451910523123999e+00
1.833151068937913632e-03,7.668051274895499869e-01,5.412947025136216102e-08,5.000063089638342007e+00,3.137454292812294820e+00
1.834151068937913548e-03,7.731100162138795362e-01,7.863531165098708451e-08,5.000063560161637000e+00,3.137456048963993993e+00
1.835151068937913464e-03,7.794830795978577864e-01,5.469333939329726727e-08,5.000064510428113174e+00,3.137458428272942079e+00
1.836151068937913380e-03,7.859240660438602255e-01,7.794075916752834238e-08,5.000064989267642090e+00,3.137460189030125246e+00
1.837151068937913296e-03,7.924327212727653169e-01,5.522173031707343283e-08,5.000065925029466563e+00,3.137462565427260319e+00
1.838151068937913211e-03,7.990087883340111219e-01,7.727544979006636475e-08,5.000066411479815898e+00,3.137464330911782451e+00
1.839151068937913127e-03,8.056520076157300814e-01,5.571868047617606999e-08,5.000067333258599866e+00,3.137466704581258536e+00
1.840151068937913043e-03,8.123621168549979288e-01,7.663815147096894637e-08,5.000067826691120487e+00,3.137468474786639927e+00
1.841151068937912959e-03,8.191388511481954016e-01,5.618400223319128986e-08,5.000068734938615478e+00,3.137470845939938968e+00
1.842151068937912875e-03,8.259819429614541075e-01,7.602804990354766377e-08,5.000069234745942559e+00,3.137472621020932717e+00
1.843151068937912791e-03,8.328911221412267363e-01,5.662032894147760273e-08,5.000070129925620499e+00,3.137474989815904891e+00
1.844151068937912707e-03,8.398661159249496411e-01,7.544309003598111741e-08,5.000070635529952234e+00,3.137476769869199433e+00
1.845151068937912623e-03,8.469066489518111140e-01,5.702910800628328578e-08,5.000071518073044174e+00,3.137479136520154643e+00
1.846151068937912539e-03,8.540124432736229121e-01,7.488070041982742441e-08,5.000072028885368169e+00,3.137480921623055252e+00
1.847151068937912454e-03,8.611832183657921469e-01,5.741063575417389967e-08,5.000072899151820849e+00,3.137483286377129144e+00
1.848151068937912370e-03,8.684186911383966478e-01,7.434387478388825576e-08,5.000073414714906406e+00,3.137485076698755204e+00
1.849151068937912286e-03,8.757185759473600228e-01,5.776324532683780178e-08,5.000074273019609272e+00,3.137487439680858525e+00
1.850151068937912202e-03,8.830825846057277495e-01,7.382951298592360973e-08,5.000074792806875834e+00,3.137489235449816061e+00
1.851151068937912118e-03,8.905104263950514021e-01,5.809436385944051468e-08,5.000075639586307297e+00,3.137491596948167150e+00
1.852151068937912034e-03,8.980018080768532585e-01,7.333131186568637286e-08,5.000076163040985122e+00,3.137493398197978234e+00
1.853151068937911950e-03,9.055564339042139199e-01,5.840413441663973848e-08,5.000076998608013135e+00,3.137495758442063298e+00
1.854151068937911866e-03,9.131740056334374245e-01,7.285270327455067374e-08,5.000077525305253623e+00,3.137497565360833018e+00
1.855151068937911782e-03,9.208542225358351541e-01,5.869026386126148536e-08,5.000078349927514765e+00,3.137499924650224870e+00
1.856151068937911697e-03,9.285967814095983375e-01,7.239525206915627796e-08,5.000078879484108896e+00,3.137501737464640339e+00
1.857151068937911613e-03,9.364013765917584831e-01,5.895282793030190384e-08,5.000079693420177662e+00,3.137504096068543635e+00
1.858151068937911529e-03,9.442676999702608320e-01,7.195390064137941406e-08,5.000080225348217056e+00,3.137505914969338505e+00
1.859151068937911445e-03,9.521954409961281840e-01,5.919843344513470078e-08,5.000081028933943905e+00,3.137508273103014833e+00
1.860151068937911361e-03,9.601842866957190914e-01,7.152685416108159458e-08,5.000081562822336068e+00,3.137510098321849572e+00
1.861151068937911277e-03,9.682339216830844197e-01,5.942406596692858239e-08,5.000082356253527927e+00,3.137512456349358825e+00
1.862151068937911193e-03,9.763440281724180547e-01,7.111737122440704264e-08,5.000082891766155946e+00,3.137514288065471391e+00
1.863151068937911109e-03,9.845142859906024224e-01,5.963017822725673854e-08,5.000083675273209849e+00,3.137516646352251914e+00
1.864151068937911025e-03,9.927443725898488225e-01,7.072189372914428989e-08,5.000084212007693374e+00,3.137518484853491163e+00
1.865151068937910940e-03,1.001033963060430132e+00,5.982000268945706181e-08,5.000084985830091533e+00,3.137520843660093650e+00
1.866151068937910856e-03,1.009382730143506768e+00,7.033846502081125235e-08,5.000085523404919741e+00,3.137522689223863903e+00
1.867151068937910772e-03,1.017790344244053902e+00,5.999454175361997485e-08,5.000086287756809966e+00,3.137525048922136239e+00
1.868151068937910688e-03,1.026256473443861061e+00,6.996757792133133797e-08,5.000086825841608018e+00,3.137526901886946717e+00
1.869151068937910604e-03,1.034780783514643199e+00,6.015107412410497534e-08,5.000087580846409807e+00,3.137529262899936278e+00
1.870151068937910520e-03,1.043362937931235246e+00,6.960969464336392904e-08,5.000088119105967621e+00,3.137531123491024587e+00
1.871151068937910436e-03,1.052002597884875712e+00,6.029513552888099134e-08,5.000088865025775320e+00,3.137533486198665234e+00
1.872151068937910352e-03,1.060699422296582872e+00,6.926203532607832606e-08,5.000089403152010448e+00,3.137535354781896046e+00
1.873151068937910268e-03,1.069453067830620441e+00,6.042259807372877393e-08,5.000090140070305722e+00,3.137537719640744349e+00
1.874151068937910183e-03,1.078263188908051173e+00,6.892703075285021105e-08,5.000090677781693138e+00,3.137539596611597759e+00
1.875151068937910099e-03,1.087129437720380620e+00,6.053679167447902582e-08,5.000091405890805696e+00,3.137541964074586520e+00
1.876151068937910015e-03,1.096051464243284590e+00,6.859993009108566452e-08,5.000091942844756332e+00,3.137543849790130235e+00
1.877151068937909931e-03,1.105028916250437643e+00,6.063839406739096363e-08,5.000092662264963295e+00,3.137546220285878373e+00
1.878151068937909847e-03,1.114061439327406644e+00,6.828271145442670491e-08,5.000093198201484235e+00,3.137548115178113939e+00
1.879151068937909763e-03,1.123148676885641351e+00,6.072797975356361871e-08,5.000093909081874344e+00,3.137550489257820097e+00
1.880151068937909679e-03,1.132290270176565805e+00,6.797461929455514412e-08,5.000094443745089379e+00,3.137552393783701543e+00
1.881151068937909595e-03,1.141485858305726797e+00,6.080320274604037196e-08,5.000095146140808744e+00,3.137554771957524746e+00
1.882151068937909510e-03,1.150735078247055565e+00,6.767587413296071670e-08,5.000095679264572546e+00,3.137556686582618326e+00
1.883151068937909426e-03,1.160037564857183678e+00,6.086815633455069364e-08,5.000096373330843669e+00,3.137559069502567244e+00
1.884151068937909342e-03,1.169392950889867944e+00,6.738419361042103171e-08,5.000096904663497099e+00,3.137560994703480599e+00
1.885151068937909258e-03,1.178800867010486808e+00,6.092245258260832565e-08,5.000097590492869060e+00,3.137563382946546131e+00
1.886151068937909174e-03,1.188260941810620919e+00,6.709921144303095660e-08,5.000098119780797212e+00,3.137565319295311461e+00
1.887151068937909090e-03,1.197772801822715394e+00,6.096598624568196619e-08,5.000098797446206333e+00,3.137567713463210506e+00
1.888151068937909006e-03,1.207336071534823807e+00,6.682173703770058940e-08,5.000099324470610007e+00,3.137569661625250639e+00
1.889151068937908922e-03,1.216950373405432773e+00,6.099848849494691895e-08,5.000099994032654926e+00,3.137572062431709163e+00
1.890151068937908838e-03,1.226615327878366690e+00,6.655114943643152512e-08,5.000100518568444841e+00,3.137574022964475073e+00
1.891151068937908753e-03,1.236330553397769538e+00,6.102265209105003134e-08,5.000101180143293078e+00,3.137576431166531510e+00
1.892151068937908669e-03,1.246095666423178372e+00,6.628447802596440533e-08,5.000101701933802545e+00,3.137578404757416894e+00
1.893151068937908585e-03,1.255910281444648557e+00,6.103817168605577024e-08,5.000102355569784329e+00,3.137580821079752003e+00
1.894151068937908501e-03,1.265774010997984700e+00,6.602522990796261539e-08,5.000102874465154557e+00,3.137582808468401652e+00
1.895151068937908417e-03,1.275686465680035964e+00,6.104334026494273604e-08,5.000103520205183116e+00,3.137585233791359673e+00
1.896151068937908333e-03,1.285647254164055786e+00,6.577067709939250707e-08,5.000104035964650251e+00,3.137587235792322460e+00
1.897151068937908249e-03,1.295655983215179274e+00,6.104172927165206347e-08,5.000104673898541741e+00,3.137589670959029853e+00
1.898151068937908165e-03,1.305712257705918145e+00,6.552003051528363604e-08,5.000105186324448781e+00,3.137591688358390751e+00
1.899151068937908081e-03,1.315815680631774676e+00,6.103058364815348421e-08,5.000105816442155238e+00,3.137594134328798301e+00
1.900151068937907996e-03,1.325965853126911398e+00,6.527502408179766886e-08,5.000106325354106929e+00,3.137596168064467950e+00
1.901151068937907912e-03,1.336162374479898274e+00,6.101157155040605525e-08,5.000106947707893212e+00,3.137598625867334956e+00
1.902151068937907828e-03,1.346404842149528713e+00,6.503416387336523709e-08,5.000107452919101192e+00,3.137600676883093076e+00
1.903151068937907744e-03,1.356692851780722409e+00,6.098617687402930753e-08,5.000108067571368942e+00,3.137603147560265260e+00
1.904151068937907660e-03,1.367025997220475464e+00,6.479609786237622231e-08,5.000108568888450122e+00,3.137605216862034752e+00
1.905151068937907576e-03,1.377403870533893127e+00,6.095305856105626934e-08,5.000109175834672293e+00,3.137607701625857448e+00
1.906151068937907492e-03,1.387826062020306672e+00,6.456326796444898154e-08,5.000109673120561204e+00,3.137609790371342910e+00
1.907151068937907408e-03,1.398292160229447800e+00,6.091211305612308891e-08,5.000110272380354992e+00,3.137612290387962855e+00
1.908151068937907324e-03,1.408801751977677208e+00,6.433199418010457721e-08,5.000110765403908530e+00,3.137614399813581922e+00
1.909151068937907239e-03,1.419354422364307755e+00,6.086550689059469226e-08,5.000111356994946021e+00,3.137616916429633029e+00
1.910151068937907155e-03,1.429949754787981586e+00,6.410595027578611479e-08,5.000111845667547072e+00,3.137619047752306489e+00
1.911151068937907071e-03,1.440587330963116974e+00,6.081250447827105640e-08,5.000112429633082556e+00,3.137621582368168127e+00
1.912151068937906987e-03,1.451266730936421112e+00,6.388171741987806511e-08,5.000112913767284617e+00,3.137623737007615432e+00
1.913151068937906903e-03,1.461987533103468628e+00,6.075239156548850224e-08,5.000113490071923295e+00,3.137626291168556847e+00
1.914151068937906819e-03,1.472749314225347383e+00,6.365985855509649403e-08,5.000113969493343191e+00,3.137628470637193079e+00
1.915151068937906735e-03,1.483551649445365328e+00,6.068688574849066856e-08,5.000114538150077337e+00,3.137631045970976640e+00
1.916151068937906651e-03,1.494394112305825084e+00,6.343998970854563201e-08,5.000115012705435902e+00,3.137633251904464071e+00
1.917151068937906567e-03,1.505276274764854705e+00,6.061648326041212370e-08,5.000115573731151564e+00,3.137635850154809614e+00
1.918151068937906482e-03,1.516197707213319923e+00,6.322350062996770192e-08,5.000116043319675185e+00,3.137638084287348139e+00
1.919151068937906398e-03,1.527157978491765045e+00,6.053840748908838100e-08,5.000116596666610569e+00,3.137640707393683392e+00
1.920151068937906314e-03,1.538156655907446879e+00,6.300885035588245825e-08,5.000117061109771832e+00,3.137642971612518927e+00
1.921151068937906230e-03,1.549193305251416852e+00,6.045505090981889762e-08,5.000117606766623979e+00,3.137645621549428832e+00
1.922151068937906146e-03,1.560267490815647751e+00,6.279636887286807432e-08,5.000118065939233247e+00,3.137647917957495647e+00
1.923151068937906062e-03,1.571378775410264383e+00,6.036918744068354797e-08,5.000118603972084408e+00,3.137650596990795737e+00
1.924151068937905978e-03,1.582526720380773799e+00,6.258379336523303977e-08,5.000119057729507155e+00,3.137652927789678525e+00
1.925151068937905894e-03,1.593710885625396312e+00,6.027635394103581663e-08,5.000119588041575192e+00,3.137655638291621418e+00
1.926151068937905809e-03,1.604930829612439158e+00,6.237286785499694229e-08,5.000120036225661480e+00,3.137658005869914835e+00
1.927151068937905725e-03,1.616186109397721449e+00,6.018000131502828583e-08,5.000120558837308771e+00,3.137660750503188822e+00
1.928151068937905641e-03,1.627476280642076389e+00,6.216460029394027776e-08,5.000121001377634933e+00,3.137663157570333539e+00
1.929151068937905557e-03,1.638800897628875042e+00,6.007702591821112486e-08,5.000121516232261420e+00,3.137665939092680656e+00
1.930151068937905473e-03,1.650159513281622692e+00,6.195725944857033512e-08,5.000121952967817585e+00,3.137668388470395087e+00
1.931151068937905389e-03,1.661551679181626273e+00,5.997077568128055642e-08,5.000122460070760333e+00,3.137671210012258349e+00
1.932151068937905305e-03,1.672976945585678887e+00,6.174922943157975359e-08,5.000122890848686552e+00,3.137673704827403931e+00
1.933151068937905221e-03,1.684434861443832698e+00,5.986150878546868578e-08,5.000123390185879479e+00,3.137676569693816475e+00
1.934151068937905137e-03,1.695924974417185371e+00,6.154271215657136496e-08,5.000123814923233212e+00,3.137679113385702045e+00
1.935151068937905052e-03,1.707446830895751333e+00,5.974530997137123551e-08,5.000124306399403196e+00,3.137682025258007545e+00
1.936151068937904968e-03,1.718999976016365228e+00,6.133866899052616933e-08,5.000124724985507640e+00,3.137684621622754744e+00
1.937151068937904884e-03,1.730583953680639553e+00,5.962552496511638221e-08,5.000125208608108274e+00,3.137687584504420535e+00
1.938151068937904800e-03,1.742198306572971145e+00,6.113358962018241110e-08,5.000125620890609746e+00,3.137690237656041603e+00
1.939151068937904716e-03,1.753842576178595181e+00,5.950292051375144389e-08,5.000126096632754091e+00,3.137693255988333707e+00
1.940151068937904632e-03,1.765516302801685367e+00,6.092924114874865022e-08,5.000126502521830218e+00,3.137695970432881065e+00
1.941151068937904548e-03,1.777219025583503420e+00,5.937606791207432421e-08,5.000126970339191068e+00,3.137699048973237481e+00
1.942151068937904464e-03,1.788950282520592072e+00,6.072395016212937101e-08,5.000127369679969291e+00,3.137701829739910409e+00
1.943151068937904380e-03,1.800709610483011591e+00,5.924606672112467052e-08,5.000127829531773926e+00,3.137704973949246856e+00
1.944151068937904295e-03,1.812496545232635370e+00,6.052030842667345231e-08,5.000128222261453814e+00,3.137707826590023341e+00
1.945151068937904211e-03,1.824310621441459279e+00,5.911085461964262359e-08,5.000128674085604352e+00,3.137711042290133534e+00
1.946151068937904127e-03,1.836151372709986074e+00,6.031655932403614495e-08,5.000129060064439024e+00,3.137713972901524873e+00
1.947151068937904043e-03,1.848018331585620899e+00,5.897411556465609411e-08,5.000129503870739178e+00,3.137717266693437868e+00
1.948151068937903959e-03,1.859911029581156505e+00,6.011119984074318033e-08,5.000129882975329565e+00,3.137720282102420821e+00
1.949151068937903875e-03,1.871828997193236699e+00,5.883222861079449895e-08,5.000130318647864947e+00,3.137723661343664538e+00
1.950151068937903791e-03,1.883771763920906395e+00,5.990667585332843426e-08,5.000130690772720321e+00,3.137726769207566768e+00
1.951151068937903707e-03,1.895738858284184758e+00,5.868656003590718914e-08,5.000131118266683217e+00,3.137730241921901531e+00
1.952151068937903623e-03,1.907729807842677205e+00,5.970169428692604745e-08,5.000131483290848777e+00,3.137733450798360746e+00
1.953151068937903755e-03,1.919744139214226930e+00,5.853648878645657762e-08,5.000131902522403138e+00,3.137737026240480009e+00
1.954151068937903888e-03,1.931781378093607060e+00,5.949324479500791938e-08,5.000132260235304216e+00,3.137740345744071124e+00
1.955151068937904021e-03,1.943841049271230137e+00,5.838051996605946687e-08,5.000132671030676157e+00,3.137744034256443548e+00
1.956151068937904153e-03,1.955922676651938419e+00,5.928046239446850487e-08,5.000133021176409898e+00,3.137747475397318464e+00
1.957151068937904286e-03,1.968025783273755991e+00,5.821270838846845994e-08,5.000133423177071990e+00,3.137751288852974163e+00
1.958151068937904419e-03,1.980149891326767442e+00,5.905444771790166352e-08,5.000133765159112009e+00,3.137754864344333150e+00
1.959151068937904552e-03,1.992294522171943694e+00,5.802101780064750004e-08,5.000134157530307988e+00,3.137758816610426216e+00
1.960151068937904684e-03,2.004459196360049766e+00,5.879523948990523336e-08,5.000134490008817600e+00,3.137762541522119975e+00
1.961151068937904817e-03,2.016643433650585404e+00,5.777443122195065057e-08,5.000134870731060666e+00,3.137766649645515660e+00
1.962151068937904950e-03,2.028846753030721928e+00,5.845013647674053097e-08,5.000135190406219898e+00,3.137770543127655465e+00
1.963151068937905083e-03,2.041068672734301259e+00,5.738600927751237355e-08,5.000135554201739829e+00,3.137774829313435987e+00
1.964151068937905215e-03,2.053308710260868253e+00,5.788675706876832802e-08,5.000135852714584495e+00,3.137778918013720553e+00
1.965151068937905348e-03,2.065566382394692813e+00,5.664063315564435835e-08,5.000136186206750821e+00,3.137783415474064252e+00
1.966151068937905481e-03,2.077841205223877719e+00,5.674959431735556942e-08,5.000136441882796490e+00,3.137787742046831418e+00
1.967151068937905613e-03,2.090132694159422044e+00,5.497468578309699104e-08,5.000136710362965253e+00,3.137792508631305211e+00
1.968151068937905746e-03,2.102440363954398705e+00,5.412507555741252101e-08,5.000136867136729890e+00,3.137797154126355181e+00
1.969151068937905879e-03,2.114763728723075609e+00,5.090555212822773413e-08,5.000136980104528561e+00,3.137802307430747284e+00
1.970151068937906012e-03,2.127102301960109187e+00,4.762924154345068428e-08,5.000136891995564881e+00,3.137807447589894938e+00
1.971151068937906144e-03,2.139455596559761474e+00,4.057848424662654981e-08,5.000136613755365111e+00,3.137813256714120591e+00
1.972151068937906277e-03,2.151823124835107404e+00,3.101670283368103129e-08,5.000135899673109563e+00,3.137819309549177316e+00
1.973151068937906410e-03,2.164204398537313612e+00,1.388967544875817417e-08,5.000134614022195834e+00,3.137826432700614010e+00
1.974151068937906543e-03,2.176598928874891925e+00,-1.206288330029018265e-08,5.000132277161313255e+00,3.137834443703928500e+00
1.975151068937906675e-03,2.189006226533003030e+00,-5.564437687502567150e-08,5.000128370829175495e+00,3.137844552007424515e+00
1.976151068937906808e-03,2.201425801692787676e+00,-1.245122471101071556e-07,5.000121799218972818e+00,3.137857203619732083e+00
1.977151068937906941e-03,2.213857164050680559e+00,-2.375470855647004217e-07,5.000111041772607123e+00,3.137874617032303970e+00
1.978151068937907073e-03,2.226299822837781495e+00,-4.190427108006724079e-07,5.000093380980621838e+00,3.137898881004579366e+00
1.979151068937907206e-03,2.238753286839227030e+00,-7.145838760583573557e-07,5.000064663045129976e+00,3.137934869378729896e+00
1.980151068937907339e-03,2.251217064413578939e+00,-1.192082465542539862e-06,5.000017902302978712e+00,3.137988965045208634e+00
1.981151068937907472e-03,2.263690663512246459e+00,-1.967654596235947238e-06,4.999942016612691553e+00,3.138072748919527477e+00
1.982151068937907604e-03,2.276173591698888998e+00,-3.223871496592201499e-06,4.999818782889334123e+00,3.138203958204848654e+00
1.983151068937907737e-03,2.288665356168882337e+00,-5.262738950188200209e-06,4.999618881430393458e+00,3.138412801940961394e+00
1.984151068937907870e-03,2.301165463768751085e+00,-8.568273754911419376e-06,4.999294510302335404e+00,3.138746858818077801e+00
1.985151068937908003e-03,2.313673421015647769e+00,-1.393089033098574409e-05,4.998768383056240161e+00,3.139284721989456628e+00
1.986151068937908135e-03,2.326188734116843904e+00,-2.262398811428790863e-05,4.997915005118719556e+00,3.140152334877196694e+00
1.987151068937908268e-03,2.338710908989204640e+00,-3.671128693315334543e-05,4.996531420752732267e+00,3.141555046722079858e+00
1.988151068937908401e-03,2.351239451278706927e+00,-5.950737236028951182e-05,4.994289461729851887e+00,3.143823212113950216e+00
1.989151068937908533e-03,2.363773866379954125e+00,-9.632538573461934574e-05,4.990660725620948313e+00,3.147490391595617609e+00
1.990151068937908666e-03,2.376313659455696836e+00,-1.555743246156099846e-04,4.984798478947923606e+00,3.153409817572033980e+00
1.991151068937908799e-03,2.388858335456382598e+00,-2.503814517296734567e-04,4.975358103473776161e+00,3.162937841228253166e+00
1.992151068937908932e-03,2.401407399139676269e+00,-4.006462901952952561e-04,4.960234719515058011e+00,3.178195366975920422e+00
1.993151068937909064e-03,2.413960355090037702e+00,-6.352163458772625655e-04,4.936210349157122756e+00,3.202424802571984142e+00
1.994151068937909197e-03,2.426516707738256340e+00,-9.924460342563160096e-04,4.898554296796818086e+00,3.240386828334637315e+00
1.995151068937909330e-03,2.439075961381027113e+00,-1.515476474958602155e-03,4.840751950141537918e+00,3.298629042096311359e+00
1.996151068937909463e-03,2.451637620200526779e+00,-2.234006150341736642e-03,4.754800104256490023e+00,3.385173390475387567e+00
1.997151068937909595e-03,2.464201188283968058e+00,-3.055305497114294954e-03,4.632842224723721536e+00,3.507901711866886263e+00
1.998151068937909728e-03,2.476766169643205728e+00,2.073731770982937053e-02,4.471055521868152915e+00,3.670994815058166605e+00
1.999151068937909861e-03,2.489332068234275663e+00,1.560879604880827110e+00,4.297646611029310115e+00,3.870314722710741506e+00
2.000151068937909993e-03,2.501898387977025795e+00,4.880507315387987433e+00,4.134103283003812912e+00,4.090441730675252074e+00
2.001151068937910126e-03,2.514464632774675579e+00,4.949201134727756468e+00,3.979783938001433263e+00,4.308012884093263217e+00
2.002151068937910259e-03,2.527030306533384341e+00,4.964144110665709597e+00,3.841766446615754393e+00,4.500760643424944085e+00
2.003151068937910392e-03,2.539594913181877800e+00,4.969976379502368147e+00,3.728839755339847795e+00,4.655654486915769219e+00
2.004151068937910524e-03,2.552157956690996432e+00,4.971339831759848948e+00,3.642964764410777434e+00,4.770587416424669769e+00
2.005151068937910657e-03,2.564718941093289573e+00,4.971468043506464873e+00,3.580472095707419644e+00,4.850936592783799739e+00
2.006151068937910790e-03,2.577277370502612186e+00,4.971845381448400047e+00,3.535864056562892266e+00,4.904784383567114325e+00
2.007151068937910923e-03,2.589832749133657241e+00,4.972396809131827133e+00,3.503764197783346024e+00,4.939857577930019339e+00
2.008151068937911055e-03,2.602384581321595114e+00,4.972930363814425547e+00,3.480224273107522137e+00,4.962284013473388988e+00
2.009151068937911188e-03,2.614932371541565548e+00,4.973331281360816369e+00,3.462192276454491235e+00,4.976451658931710043e+00
2.010151068937911321e-03,2.627475624428307288e+00,4.973656600283081985e+00,3.447784866246717872e+00,4.985339600767243695e+00
2.011151068937911453e-03,2.640013844795666031e+00,4.973892953391983340e+00,3.435582626274787277e+00,4.990885761192950909e+00
2.012151068937911586e-03,2.652546537656177872e+00,4.974104155201509947e+00,3.424850784013816707e+00,4.994341117005357766e+00
2.013151068937911719e-03,2.665073208240580804e+00,4.974266167845446951e+00,3.414957029769337460e+00,4.996486185725632190e+00
2.014151068937911852e-03,2.677593362017376855e+00,4.974429235711038899e+00,3.405665153035489556e+00,4.997820568479605541e+00
2.015151068937911984e-03,2.690106504712332480e+00,4.974560334536079154e+00,3.396673921831261822e+00,4.998646344551455734e+00
2.016151068937912117e-03,2.702612142327989186e+00,4.974702809851128116e+00,3.387943631060754246e+00,4.999160991251436315e+00
2.017151068937912250e-03,2.715109781163198122e+00,4.974820213412571412e+00,3.379307884451154820e+00,4.999478121799514341e+00
2.018151068937912383e-03,2.727598927832570297e+00,4.974952805068705963e+00,3.370799762273091194e+00,4.999676990878656468e+00
2.019151068937912515e-03,2.740079089285986758e+00,4.975063160640132764e+00,3.362309025777146854e+00,4.999798406322505606e+00
2.020151068937912648e-03,2.752549772828035923e+00,4.975190005213871558e+00,3.353893155420752059e+00,4.999875687621101683e+00
2.021151068937912781e-03,2.765010486137495338e+00,4.975295891696476680e+00,3.345467156460567359e+00,4.999921838697236609e+00
2.022151068937912913e-03,2.777460737286722381e+00,4.975418618077458000e+00,3.337094274756340351e+00,4.999952253734308627e+00
2.023151068937913046e-03,2.789900034761140457e+00,4.975521071549769303e+00,3.328702571251165754e+00,4.999969474274678305e+00
2.024151068937913179e-03,2.802327887478567536e+00,4.975640361178078841e+00,3.320354511709637801e+00,4.999981778525695475e+00
2.025151068937913312e-03,2.814743804808668592e+00,4.975739832622255499e+00,3.311986320057515254e+00,4.999987896422254607e+00
2.026151068937913444e-03,2.827147296592284142e+00,4.975856003658058135e+00,3.303657073662053634e+00,4.999993166162306046e+00
2.027151068937913577e-03,2.839537873160792092e+00,4.975952719299046478e+00,3.295309037759706072e+00,4.999995044384512255e+00
2.028151068937913710e-03,2.851915045355456702e+00,4.976065951042199842e+00,3.286997183769008402e+00,4.999997552987670346e+00
2.029151068937913843e-03,2.864278324546698506e+00,4.976160050715208172e+00,3.278668800738732791e+00,4.999997834231124649e+00
2.030151068937913975e-03,2.876627222653435290e+00,4.976270467864021718e+00,3.270374677611334935e+00,4.999999234631495426e+00
2.031151068937914108e-03,2.888961252162307591e+00,4.976362056528350841e+00,3.262066542822417148e+00,4.999998935668393152e+00
2.032151068937914241e-03,2.901279926146956178e+00,4.976469760745144910e+00,3.253791159962158730e+00,4.999999870269880020e+00
2.033151068937914373e-03,2.913582758287218244e+00,4.976558927900031293e+00,3.245504291304553757e+00,4.999999380963701334e+00
2.034151068937914506e-03,2.925869262888353806e+00,4.976664009786915699e+00,3.237248910447927841e+00,5.000000101583273349e+00
2.035151068937914639e-03,2.938138954900191724e+00,4.976750836888967022e+00,3.228984488240190576e+00,4.999999569930248633e+00
2.036151068937914772e-03,2.950391349936311691e+00,4.976853380616467426e+00,3.220750462325797425e+00,5.000000177181136429e+00
2.037151068937914904e-03,2.962625964293125858e+00,4.976937943991201152e+00,3.212509728800050812e+00,4.999999657761622807e+00
2.038151068937915037e-03,2.974842314969008861e+00,4.977038029162964783e+00,3.204298440136989612e+00,5.000000193366059165e+00
2.039151068937915170e-03,2.987039919683360356e+00,4.977120401213753098e+00,3.196082660687812993e+00,4.999999704917145849e+00
2.040151068937915303e-03,2.999218296895625357e+00,4.977218103681461336e+00,3.187895497396221245e+00,5.000000187531094653e+00
2.041151068937915435e-03,3.011376965824331453e+00,4.977298353451572233e+00,3.179705945646920995e+00,4.999999735031178894e+00
2.042151068937915568e-03,3.023515446466040757e+00,4.977393745727867191e+00,3.171544292707007440e+00,5.000000174190655677e+00
2.043151068937915701e-03,3.035633259614332058e+00,4.977471939210132312e+00,3.163382244689066702e+00,4.999999757468930994e+00
2.044151068937915833e-03,3.047729926878678164e+00,4.977565090724320740e+00,3.155247480806523619e+00,5.000000158866466649e+00
2.045151068937915966e-03,3.059804970703378757e+00,4.977641291070613150e+00,3.147114212751702222e+00,4.999999775902556287e+00
2.046151068937916099e-03,3.071857914386375121e+00,4.977732268355849143e+00,3.139007709409527003e+00,5.000000143640822792e+00
2.047151068937916232e-03,3.083888282098085742e+00,4.977806536042671759e+00,3.130904496802953130e+00,4.999999791973635865e+00
2.048151068937916364e-03,3.095895598900202828e+00,4.977895402894622734e+00,3.122827618148009687e+00,5.000000129283265871e+00
2.049151068937916497e-03,3.107879390764402228e+00,4.977967795865452239e+00,3.114755735584497032e+00,4.999999806258172974e+00
2.050151068937916630e-03,3.119839184591120418e+00,4.978054613482632007e+00,3.106709838737238716e+00,5.000000116029616137e+00
2.051151068937916763e-03,3.131774508228158727e+00,4.978125187276448926e+00,3.098670559856505857e+00,4.999999819211434549e+00
2.052151068937916895e-03,3.143684890489386596e+00,4.978210014388486648e+00,3.090656995353314063e+00,5.000000103805928298e+00
2.053151068937917028e-03,3.155569861173300072e+00,4.978278822259761149e+00,3.082651593080661723e+00,4.999999830944737766e+00
2.054151068937917161e-03,3.167428951081613153e+00,4.978361715245807950e+00,3.074671705714031589e+00,5.000000092678605235e+00
2.055151068937917293e-03,3.179261692037755438e+00,4.978428808271332606e+00,3.066701453047766535e+00,4.999999841634569009e+00
2.056151068937917426e-03,3.191067616905384874e+00,4.978509821267957491e+00,3.058756582967328885e+00,5.000000082525802192e+00
2.057151068937917559e-03,3.202846259606793033e+00,4.978575248446166057e+00,3.050822754369634460e+00,4.999999851389202554e+00
2.058151068937917692e-03,3.214597155141334373e+00,4.978654433440270033e+00,3.042914240488427069e+00,5.000000073223597852e+00
2.059151068937917824e-03,3.226319839603779993e+00,4.978718241764148011e+00,3.035018117512449098e+00,4.999999860257318574e+00
2.060151068937917957e-03,3.238013850202613675e+00,4.978795648647035499e+00,3.027147308325097264e+00,5.000000064774832609e+00
2.061151068937918090e-03,3.249678725278326574e+00,4.978857883108198656e+00,3.019290201159292586e+00,4.999999868319716434e+00
2.062151068937918223e-03,3.261314004321618221e+00,4.978933559587458646e+00,3.011458499478159023e+00,5.000000057021761535e+00
2.063151068937918355e-03,3.272919227991603730e+00,4.978994262891945688e+00,3.003641838669893094e+00,4.999999875731094612e+00
2.064151068937918488e-03,3.284493938133908220e+00,4.979068253820085665e+00,2.995850892149835687e+00,5.000000050020458886e+00
2.065151068937918621e-03,3.296037677798813625e+00,4.979127464905557687e+00,2.988076625027833000e+00,4.999999882432936360e+00
2.066151068937918753e-03,3.307549991259227884e+00,4.979199809135351096e+00,2.980329150736996002e+00,5.000000043583918696e+00
2.067151068937918886e-03,3.319030424028737603e+00,4.979257556600829027e+00,2.972601456877524750e+00,4.999999888567653095e+00
2.068151068937919019e-03,3.330478522879511516e+00,4.979328273384983738e+00,2.964904796677219068e+00,5.000000037736151981e+00
2.069151068937919152e-03,3.341893835860205719e+00,4.979384547528703742e+00,2.957237421999281413e+00,4.999999894187248550e+00
2.070151068937919284e-03,3.353275912313819607e+00,4.979453579804812513e+00,2.949618269139113735e+00,5.000000032382789783e+00
2.071151068937919417e-03,3.364624302895451002e+00,4.979508219017218629e+00,2.942064496720947275e+00,4.999999899294403249e+00
2.072151068937919550e-03,3.375938559590081933e+00,4.979575204083130480e+00,2.934630279791312635e+00,5.000000027508185951e+00
2.073151068937919683e-03,3.387218235730223626e+00,4.979627437903321407e+00,2.927401875355520211e+00,4.999999903916057420e+00
2.074151068937919815e-03,3.398462886013582818e+00,4.979690848798162151e+00,2.920551691145139905e+00,5.000000023035082286e+00
2.075151068937919948e-03,3.409672066520614386e+00,4.979737828901079411e+00,2.914345833592348001e+00,4.999999908123645476e+00
2.076151068937920081e-03,3.420845334732070420e+00,4.979792823458478068e+00,2.909151599883482930e+00,5.000000018897339693e+00
2.077151068937920213e-03,3.431982249546448038e+00,4.979827279818563213e+00,2.905352186302385675e+00,4.999999911950831155e+00
2.078151068937920346e-03,3.443082371297429223e+00,4.979864700661865484e+00,2.903189896770353329e+00,5.000000015163835521e+00
2.079151068937920479e-03,3.454145261771203845e+00,4.979877430119080017e+00,2.902722052479025816e+00,4.999999915454043986e+00
2.080151068937920612e-03,3.465170484223798919e+00,4.979890644531020705e+00,2.903846165718859229e+00,5.000000011800147526e+00
2.081151068937920744e-03,3.476157603398316809e+00,4.979879092520454797e+00,2.906331916754204325e+00,4.999999918755936079e+00
2.082151068937920877e-03,3.487106185542098835e+00,4.979869646960757734e+00,2.909997056656234538e+00,5.000000008763677783e+00
2.083151068937921010e-03,3.498015798423875111e+00,4.979838025330015405e+00,2.914645996524289018e+00,4.999999921784050727e+00
2.084151068937921143e-03,3.508886011350803358e+00,4.979811135800989774e+00,2.920071950461553989e+00,5.000000005939379655e+00
2.085151068937921275e-03,3.519716395185499280e+00,4.979764856193429345e+00,2.926122175746966203e+00,4.999999924516583150e+00
2.086151068937921408e-03,3.530506522362941269e+00,4.979725833116293465e+00,2.932675357245704273e+00,5.000000003367733648e+00
2.087151068937921541e-03,3.541255966907392860e+00,4.979669487529407412e+00,2.939636827851421330e+00,4.999999927043796255e+00
2.088151068937921673e-03,3.551964304449183985e+00,4.979622040511963554e+00,2.946931236387301922e+00,5.000000001016505102e+00
2.089151068937921806e-03,3.562631112241489539e+00,4.979558559034383158e+00,2.954498591257315621e+00,4.999999929324564718e+00
2.090151068937921939e-03,3.573255969177003166e+00,4.979505005805204831e+00,2.962290664995187228e+00,4.999999998812588053e+00
2.091151068937922072e-03,3.583838455804553291e+00,4.979436217889950278e+00,2.970268533306412273e+00,4.999999931408718012e+00
2.092151068937922204e-03,3.594378154345705401e+00,4.979378017448979676e+00,2.978400380278983572e+00,4.999999996854342044e+00
2.093151068937922337e-03,3.604874648711193785e+00,4.979305086747888964e+00,2.986660107765502392e+00,4.999999933309686284e+00
2.094151068937922470e-03,3.615327524517402580e+00,4.979243179932271168e+00,2.995025984422956089e+00,4.999999995038065137e+00
2.095151068937922603e-03,3.625736369102686929e+00,4.979166867762185866e+00,3.003479898370159606e+00,4.999999935042014343e+00
2.096151068937922735e-03,3.636100771543691046e+00,4.979101880236101785e+00,3.012006491075687631e+00,4.999999993387004515e+00
2.097151068937922868e-03,3.646420322671548586e+00,4.979022700853098726e+00,3.020592776141693303e+00,4.999999936618888086e+00
2.098151068937923001e-03,3.656694615088058598e+00,4.978955062239040608e+00,3.029227549598636493e+00,4.999999991885496264e+00
2.099151068937923133e-03,3.666923243181734016e+00,4.978873374143145902e+00,3.037901218353175281e+00,4.999999938053717230e+00
2.100151068937923266e-03,3.677105803143870588e+00,4.978803388602688784e+00,3.046605370833259663e+00,4.999999990519231829e+00
2.101151068937923399e-03,3.687241892984423952e+00,4.978719449200006864e+00,3.055332727959057415e+00,4.999999939399811133e+00
2.102151068937923532e-03,3.697331112547923126e+00,4.978647338243048281e+00,3.064076809306401028e+00,4.999999989235558218e+00
2.103151068937923664e-03,3.707373063529260993e+00,4.978561337459863623e+00,3.072831957439170925e+00,4.999999940584848090e+00
2.104151068937923797e-03,3.717367349489401729e+00,4.978487266667661615e+00,3.081593062687766782e+00,4.999999988105941817e+00
2.105151068937923930e-03,3.727313575871057161e+00,4.978399348239046951e+00,3.090355632504651062e+00,4.999999941702055750e+00
2.106151068937924063e-03,3.737211350014225886e+00,4.978323444442939838e+00,3.099115553346621699e+00,4.999999987037364590e+00
2.107151068937924195e-03,3.747060281171749718e+00,4.978233719794944001e+00,3.107869188284981821e+00,4.999999942678801546e+00
2.108151068937924328e-03,3.756859980524676512e+00,4.978156082444640695e+00,3.116613163142418763e+00,4.999999986102908522e+00
2.109151068937924461e-03,3.766610061197663839e+00,4.978064640003816876e+00,3.125344482159719828e+00,4.999999943606564301e+00
2.110151068937924593e-03,3.776310138274219241e+00,4.977985348893421147e+00,3.134060330486112544e+00,4.999999985211467823e+00
2.111151068937924726e-03,3.785959828811905403e+00,4.977892260495809573e+00,3.142758201571033361e+00,4.999999944451856138e+00
2.112151068937924859e-03,3.795558751857471602e+00,4.977811381152468684e+00,3.151435711027580133e+00,4.999999984397943464e+00
2.113151068937924992e-03,3.805106528461861259e+00,4.977716706564137006e+00,3.160090731696064470e+00,4.999999945220761965e+00
2.114151068937925124e-03,3.814602781695209721e+00,4.977634294094761991e+00,3.168721215674990876e+00,4.999999983655682989e+00
2.115151068937925257e-03,3.824047136661694601e+00,4.977538084277769670e+00,3.177325334406603918e+00,4.999999945920208688e+00
2.116151068937925390e-03,3.833439220514359036e+00,4.977454186177516782e+00,3.185901306765476448e+00,4.999999983018954985e+00
2.117151068937925523e-03,3.842778662469808371e+00,4.977356485697673527e+00,3.194447542397676809e+00,4.999999946557438513e+00
2.118151068937925655e-03,3.852065093822871322e+00,4.977271143946241594e+00,3.202962474448397323e+00,4.999999982398864340e+00
2.119151068937925788e-03,3.861298147961133687e+00,4.977171992788886001e+00,3.211444704951276208e+00,4.999999947138169532e+00
2.120151068937925921e-03,3.870477460379435630e+00,4.977085245444938799e+00,3.219892841211476231e+00,4.999999981831826368e+00
2.121151068937926053e-03,3.879602668694232648e+00,4.976984680411151274e+00,3.228305642423669131e+00,4.999999947666617039e+00
2.122151068937926186e-03,3.888673412657924544e+00,4.976896562851845118e+00,3.236681859024101549e+00,4.999999981313454356e+00
2.123151068937926319e-03,3.897689334173077391e+00,4.976794618652557567e+00,3.245020379953581280e+00,4.999999948188317056e+00
2.124151068937926452e-03,3.906650077306542457e+00,4.976705164554906524e+00,3.253320074494267189e+00,4.999999980840216018e+00
2.125151068937926584e-03,3.915555288303528059e+00,4.976601874687772487e+00,3.261579939760672620e+00,4.999999948624642698e+00
2.126151068937926717e-03,3.924404615601547963e+00,4.976511116821253466e+00,3.269798944666381768e+00,4.999999980408027511e+00
2.127151068937926850e-03,3.933197709844320045e+00,4.976406514284080096e+00,3.277976177351087816e+00,4.999999949021324497e+00
2.128151068937926983e-03,3.941934223895530387e+00,4.976314485163658041e+00,3.286110691008097273e+00,4.999999980012195699e+00
2.129151068937927115e-03,3.950613812852570739e+00,4.976208603048303480e+00,3.294201651039112555e+00,4.999999949423245660e+00
2.130151068937927248e-03,3.959236134060125423e+00,4.976115335480733037e+00,3.302248182549746947e+00,4.999999979650279869e+00
2.131151068937927381e-03,3.967800847123722718e+00,4.976008207474725609e+00,3.310249517062213265e+00,4.999999949750687733e+00
2.132151068937927513e-03,3.976307613923155238e+00,4.975913735026472828e+00,3.318204841532751193e+00,4.999999979319225574e+00
2.133151068937927646e-03,3.984756098625826581e+00,4.975805395847236134e+00,3.326113444517170947e+00,4.999999950089179634e+00
2.134151068937927779e-03,3.993145967700041155e+00,4.975709753250518119e+00,3.333974566584954058e+00,4.999999979016181761e+00
2.135151068937927912e-03,4.001476889928120784e+00,4.975600239023960647e+00,3.341787545854767671e+00,4.999999950358944290e+00
2.136151068937928044e-03,4.009748536419529330e+00,4.975503462534740073e+00,3.349551669713001889e+00,4.999999978738614459e+00
2.137151068937928177e-03,4.017960580623821443e+00,4.975392811132986814e+00,3.357266319661583509e+00,4.999999950644985702e+00
2.138151068937928310e-03,4.026112698343557561e+00,4.975294938852847793e+00,3.364930824255408570e+00,4.999999978484162888e+00
2.139151068937928443e-03,4.034204567747083914e+00,4.975183190200152872e+00,3.372544603230079208e+00,4.999999950867049847e+00
2.140151068937928575e-03,4.042235869381259228e+00,4.975084262368776322e+00,3.380107021597239747e+00,4.999999978250739829e+00
2.141151068937928708e-03,4.050206286184035775e+00,4.974971458719283035e+00,3.387617533012786453e+00,4.999999951109705520e+00
2.142151068937928841e-03,4.058115503497018217e+00,4.974871517982396796e+00,3.395075534979444143e+00,4.999999978036393067e+00
2.143151068937928973e-03,4.065963209077841256e+00,4.974757704178640161e+00,3.402480511443588540e+00,4.999999951292300793e+00
2.144151068937929106e-03,4.073749093112526865e+00,4.974656795836680523e+00,3.409831889050014553e+00,4.999999977839403975e+00
2.145151068937929239e-03,4.081472848227708283e+00,4.974542019549694771e+00,3.417129178957808211e+00,4.999999951499046524e+00
2.146151068937929372e-03,4.089134169502754546e+00,4.974440191791892119e+00,3.424371834110166546e+00,4.999999977658157846e+00
2.147151068937929504e-03,4.096732754481827499e+00,4.974324503745719994e+00,3.431559390267245657e+00,4.999999951689764188e+00
2.148151068937929637e-03,4.104268303185790501e+00,4.974221807868294931e+00,3.438691324245249703e+00,4.999999977492147529e+00
2.149151068937929770e-03,4.111740518124097576e+00,4.974105262053510224e+00,3.445767194168083858e+00,4.999999951824612765e+00
2.150151068937929903e-03,4.119149104306487175e+00,4.974001752666818099e+00,3.452786498645727065e+00,4.999999977339093071e+00
2.151151068937930035e-03,4.126493769254667932e+00,4.973884406540583392e+00,3.459748816250606485e+00,4.999999951987896374e+00
2.152151068937930168e-03,4.133774223013839233e+00,4.973780141764295060e+00,3.466653665599781942e+00,4.999999977197759904e+00
2.153151068937930301e-03,4.140990178164158486e+00,4.973662056439460244e+00,3.473500644063641118e+00,4.999999952139045689e+00
2.154151068937930433e-03,4.148141349832070723e+00,4.973557098087763251e+00,3.480289288718046770e+00,4.999999977068008583e+00
2.155151068937930566e-03,4.155227455701557382e+00,4.973438338513378909e+00,3.487019214306916748e+00,4.999999952237867085e+00
2.156151068937930699e-03,4.162248216025298042e+00,4.973332752268397883e+00,3.493689975028941852e+00,4.999999976907091970e+00
2.157151068937930832e-03,4.169203353635693610e+00,4.973213387396437923e+00,3.500301201764180359e+00,4.999999952367429223e+00
2.158151068937930964e-03,4.176092593955822885e+00,4.973107242972047537e+00,3.506852464667216562e+00,4.999999976797036005e+00
2.159151068937931097e-03,4.182915665010271233e+00,4.972987345915978352e+00,3.513343409678006068e+00,4.999999952486906096e+00
2.160151068937931230e-03,4.189672297435880211e+00,4.972880717209585910e+00,3.519773621894171090e+00,4.999999976696184234e+00
2.161151068937931363e-03,4.196362224492366622e+00,4.972760365389225612e+00,3.526142761379183366e+00,4.999999952597647734e+00
2.162151068937931495e-03,4.202985182072871417e+00,4.972653330621611190e+00,3.532450427279174132e+00,4.999999976603231922e+00
2.163151068937931628e-03,4.209540908714359375e+00,4.972532605895783497e+00,3.538696292962240975e+00,4.999999952659652358e+00
2.164151068937931761e-03,4.216029145607980588e+00,4.972425247738184950e+00,3.544879970846853023e+00,4.999999976516541267e+00
2.165151068937931893e-03,4.222449636609243662e+00,4.972304236525642018e+00,3.551001146883881798e+00,4.999999952756572164e+00
2.166151068937932026e-03,4.228802128248157821e+00,4.972196642211337725e+00,3.557059446073955744e+00,4.999999976435490545e+00
2.167151068937932159e-03,4.235086369739235579e+00,4.972075435593399817e+00,3.563054566323138772e+00,4.999999952847250739e+00
2.168151068937932292e-03,4.241302112991374607e+00,4.971967697016741461e+00,3.568986144608288225e+00,4.999999976360495424e+00
2.169151068937932424e-03,4.247449112617684541e+00,4.971846390826128115e+00,3.574853890231266984e+00,4.999999952931754699e+00
2.170151068937932557e-03,4.253527125945137044e+00,4.971738604620595581e+00,3.580657451611030329e+00,4.999999976291024772e+00
2.171151068937932690e-03,4.259535913024177667e+00,4.971617299511151167e+00,3.586396548955780528e+00,4.999999952969822026e+00
2.172151068937932823e-03,4.265475236638179624e+00,4.971509567111472627e+00,3.592070841649120716e+00,4.999999976225661058e+00
2.173151068937932955e-03,4.271344862312817625e+00,4.971388368608694819e+00,3.597680060373586119e+00,4.999999953044897083e+00
2.174151068937933088e-03,4.277144558325321810e+00,4.971280796290890258e+00,3.603223875053733760e+00,4.999999976163978843e+00
2.175151068937933221e-03,4.282874095713617102e+00,4.971159814820313549e+00,3.608702026461843015e+00,4.999999953115634277e+00
2.176151068937933353e-03,4.288533248285387955e+00,4.971052513719927290e+00,3.614114194690650983e+00,4.999999976065777396e+00
2.177151068937933486e-03,4.294121792626972578e+00,4.970931864612770035e+00,3.619460130262918796e+00,4.999999953181017531e+00
2.178151068937933619e-03,4.299639508112214514e+00,4.970824950718628621e+00,3.624739523100900751e+00,4.999999976013642211e+00
2.179151068937933752e-03,4.305086176911150808e+00,4.970704754190260921e+00,3.629952133175278206e+00,4.999999953241459849e+00
2.180151068937933884e-03,4.310461583998627333e+00,4.970598348311312087e+00,3.635097659940252690e+00,4.999999975965419452e+00
2.181151068937934017e-03,4.315765517162772014e+00,4.970478729413478902e+00,3.640175872547719571e+00,4.999999953298327249e+00
2.182151068937934150e-03,4.320997767013391666e+00,4.970372957117314527e+00,3.645186479713026007e+00,4.999999975920268902e+00
2.183151068937934283e-03,4.326158126990211628e+00,4.970254045660872144e+00,3.650129259531964543e+00,4.999999953311151657e+00
2.184151068937934415e-03,4.331246393371066539e+00,4.970149037181849749e+00,3.655003929740967994e+00,4.999999975876992409e+00
2.185151068937934548e-03,4.336262365279905495e+00,4.970030967626179574e+00,3.659810277166776871e+00,4.999999953363168714e+00
2.186151068937934681e-03,4.341205844694747462e+00,4.969926857740039061e+00,3.664548028351752862e+00,4.999999975835367927e+00
2.187151068937934813e-03,4.346076636455491027e+00,4.969809769050073101e+00,3.669216978663936146e+00,4.999999953412828546e+00
2.188151068937934946e-03,4.350874548271614906e+00,4.969706696915371147e+00,3.673816863255224163e+00,4.999999975796179719e+00
2.189151068937935079e-03,4.355599390729780751e+00,4.969590732382656917e+00,3.678347485869321254e+00,4.999999953459853153e+00
2.190151068937935212e-03,4.360250977301292963e+00,4.969488841343320473e+00,3.682808590093150425e+00,4.999999975759226167e+00
2.191151068937935344e-03,4.364829124349483891e+00,4.969374148368962629e+00,3.687199987895435793e+00,4.999999953504457473e+00
2.192151068937935477e-03,4.369333651136941832e+00,4.969273585721431630e+00,3.691521431137796849e+00,4.999999975724303880e+00
2.193151068937935610e-03,4.373764379832666194e+00,4.969160315560892549e+00,3.695772739881947100e+00,4.999999953546844011e+00
2.194151068937935743e-03,4.378121135519071672e+00,4.969061232279669227e+00,3.699953674122394620e+00,4.999999975691226339e+00
2.195151068937935875e-03,4.382403746198907157e+00,4.968949539745835864e+00,3.704064061894044357e+00,4.999999953587200174e+00
2.196151068937936008e-03,4.386612042802035205e+00,4.968852090169002089e+00,3.708103671193957673e+00,4.999999975659824791e+00
2.197151068937936141e-03,4.390745859192107581e+00,4.968742133295104502e+00,3.712072337924749554e+00,4.999999953625695603e+00
2.198151068937936273e-03,4.394805032173136894e+00,4.968646474767163923e+00,3.715969837969676615e+00,4.999999975589142664e+00
2.199151068937936406e-03,4.398789401495919904e+00,4.968538414426633132e+00,3.719796015004675827e+00,4.999999953620775095e+00
2.200151068937936539e-03,4.402698809864380891e+00,4.968444706899862062e+00,3.723550652691610896e+00,4.999999975561091325e+00
2.201151068937936672e-03,4.406533102941770252e+00,4.968338706383246262e+00,3.727233602396434975e+00,4.999999953655573037e+00
2.202151068937936804e-03,4.410292129356763624e+00,4.968247111975761854e+00,3.730844655462827841e+00,4.999999975533780727e+00
2.203151068937936937e-03,4.413975740709433104e+00,4.968143336525312037e+00,3.734383670872247762e+00,4.999999953689436616e+00
2.204151068937937070e-03,4.417583791577112784e+00,4.968054019036300062e+00,3.737850447562232503e+00,4.999999975507599004e+00
2.205151068937937203e-03,4.421116139520127497e+00,4.967952635338835243e+00,3.741244852063975390e+00,4.999999953721983026e+00
2.206151068937937335e-03,4.424572645087434530e+00,4.967865759723548713e+00,3.744566690828545319e+00,4.999999975482460002e+00
2.207151068937937468e-03,4.427953171822109013e+00,4.967766935360399927e+00,3.747815837877221501e+00,4.999999953753313520e+00
2.208151068937937601e-03,4.431257586266743154e+00,4.967682667162877763e+00,3.750992107101425166e+00,4.999999975458269574e+00
2.209151068937937733e-03,4.434485757968715802e+00,4.967586570022445080e+00,3.754095379963398926e+00,4.999999953783528461e+00
2.210151068937937866e-03,4.437637559485331451e+00,4.967505074772025964e+00,3.757125477726408480e+00,4.999999975434942456e+00
2.211151068937937999e-03,4.440712866388867752e+00,4.967411872423954655e+00,3.760082289245729292e+00,4.999999953812716669e+00
2.212151068937938132e-03,4.443711557271471158e+00,4.967333314993225279e+00,3.762965643097361035e+00,4.999999975412397824e+00
2.213151068937938264e-03,4.446633513749960187e+00,4.967243174026805264e+00,3.765775435490487322e+00,4.999999953840963407e+00
2.214151068937938397e-03,4.449478620470497248e+00,4.967167717959696915e+00,3.768511502257071655e+00,4.999999975390569062e+00
2.215151068937938530e-03,4.452246765113140547e+00,4.967080803293737468e+00,3.771173746924274095e+00,4.999999953868343283e+00
2.216151068937938663e-03,4.454937838396277883e+00,4.967008610101244948e+00,3.773762012528603993e+00,4.999999975369386895e+00
2.217151068937938795e-03,4.457551734080945849e+00,4.966925084264248724e+00,3.776276209885204516e+00,4.999999953894930016e+00
2.218151068937938928e-03,4.460088348975018491e+00,4.966856312698547882e+00,3.778716189186937413e+00,4.999999975348798920e+00
2.219151068937939061e-03,4.462547582937281376e+00,4.966776335088597172e+00,3.781081868511616761e+00,4.999999953920784890e+00
2.220151068937939193e-03,4.464929338881390208e+00,4.966711140395148938e+00,3.783373105166591088e+00,4.999999975328750068e+00
2.221151068937939326e-03,4.467233522779697097e+00,4.966634866521886238e+00,3.785589824467072706e+00,4.999999953945972742e+00
2.222151068937939459e-03,4.469460043666968474e+00,4.966573399679157674e+00,3.787731890793841316e+00,4.999999975309193267e+00
2.223151068937939592e-03,4.471608813643971558e+00,4.966500980394961573e+00,3.789799236680748695e+00,4.999999953929743057e+00
2.224151068937939724e-03,4.473679747880947133e+00,4.966443387345791827e+00,3.791791733547725141e+00,4.999999975289175502e+00
2.225151068937939857e-03,4.475672764620956201e+00,4.966374968071829876e+00,3.793709321130375400e+00,4.999999953955104992e+00
2.226151068937939990e-03,4.477587785183113844e+00,4.966321388953307547e+00,3.795551877852218592e+00,4.999999975227892079e+00
2.227151068937940123e-03,4.479424733965683636e+00,4.966257108909510443e+00,3.797319350635014246e+00,4.999999953979401113e+00
2.228151068937940255e-03,4.481183538449074355e+00,4.966207677289491862e+00,3.799011624878867455e+00,4.999999975209282965e+00
2.229151068937940388e-03,4.482864129198697256e+00,4.966147668732787679e+00,3.800628654679389484e+00,4.999999954002193547e+00
2.230151068937940521e-03,4.484466439867706100e+00,4.966102510859405683e+00,3.802170332382146523e+00,4.999999975191530943e+00
2.231151068937940653e-03,4.485990407199620833e+00,4.966046898340086280e+00,3.803636619249363804e+00,4.999999954024546334e+00
2.232151068937940786e-03,4.487435971030818038e+00,4.966006132412890572e+00,3.805027414546684028e+00,4.999999975174081790e+00
2.233151068937940919e-03,4.488803074292915696e+00,4.965955032054404583e+00,3.806342686693137356e+00,4.999999954046519868e+00
2.234151068937941052e-03,4.490091663015014944e+00,4.965918767524856392e+00,3.807582341850665131e+00,4.999999975156901755e+00
2.235151068937941184e-03,4.491301686325842368e+00,4.965872286338247399e+00,3.808746355592097732e+00,4.999999954068148789e+00
2.236151068937941317e-03,4.492433096455747510e+00,4.965840623245017404e+00,3.809834640953616347e+00,4.999999975139973074e+00
2.237151068937941450e-03,4.493485848738597355e+00,4.965798858484421707e+00,3.810847180656057098e+00,4.999999954089460630e+00
2.238151068937941583e-03,4.494459901613533148e+00,4.965771886833791449e+00,3.811783894589912070e+00,4.999999975123275320e+00
2.239151068937941715e-03,4.495355216626615302e+00,4.965734925396951382e+00,3.812644772621237799e+00,4.999999954110485589e+00
2.240151068937941848e-03,4.496171758432340404e+00,4.965712724596966332e+00,3.813429741477620372e+00,4.999999975106793393e+00
2.241151068937941981e-03,4.496909494795035656e+00,4.965680642483161655e+00,3.814138798168941857e+00,4.999999954131251201e+00
2.242151068937942113e-03,4.497568396590134299e+00,4.965663280832547599e+00,3.814771876245106608e+00,4.999999975090508642e+00
2.243151068937942246e-03,4.498148437805319588e+00,4.965636142662202879e+00,3.815328979859724967e+00,4.999999954151780557e+00
2.244151068937942379e-03,4.498649595541558632e+00,4.965623676906660400e+00,3.815810049366652468e+00,4.999999975074410408e+00
2.245151068937942512e-03,4.499071850014002116e+00,4.965601535507258468e+00,3.816215096066776002e+00,4.999999954172094974e+00
2.246151068937942644e-03,4.499415184552765901e+00,4.965594010464701391e+00,3.816544067105605897e+00,4.999999975058487145e+00
2.247151068937942777e-03,4.499679585603590937e+00,4.965576906531868673e+00,3.816796980932727568e+00,4.999999954192218432e+00
2.248151068937942910e-03,4.499865042728376174e+00,4.965574354794075163e+00,3.816973791473866839e+00,4.999999975042725531e+00
2.249151068937943043e-03,4.499971548605592453e+00,4.965562316627268657e+00,3.817074524331017571e+00,4.999999954212169584e+00
2.250151068937943175e-03,4.499999099030569383e+00,4.965564758338921081e+00,3.817099140201149599e+00,4.999999975027119348e+00
2.251151068937943308e-03,4.499947692915662323e+00,4.965557801660037462e+00,3.817047671840561485e+00,4.999999954231971522e+00
2.252151068937943441e-03,4.499817332290299454e+00,4.965565244381455301e+00,3.816920086708462279e+00,4.999999975011657050e+00
2.253151068937943573e-03,4.499608022300892074e+00,4.965563372236185380e+00,3.816716424725336232e+00,4.999999954251636680e+00
2.254151068937943706e-03,4.499319771210642749e+00,4.965575810888571695e+00,3.816436660103411427e+00,4.999999974996335972e+00
2.255151068937943839e-03,4.498952590399209583e+00,4.965579013629698224e+00,3.816080839931033974e+00,4.999999954271188152e+00
2.256151068937943972e-03,4.498506494362262131e+00,4.965596430525633487e+00,3.815648945170278861e+00,4.999999974981147233e+00
2.257151068937944104e-03,4.497981500710908520e+00,4.965604685885311120e+00,3.815141030085197116e+00,4.999999954290638371e+00
2.258151068937944237e-03,4.497377630170999119e+00,4.965627050842671864e+00,3.814557082381465403e+00,4.999999974966083727e+00
2.259151068937944370e-03,4.496694906582309414e+00,4.965640324084258594e+00,3.813897163508758847e+00,4.999999954269205737e+00
2.260151068937944503e-03,4.495933356897595878e+00,4.965667594622934722e+00,3.813161267913512731e+00,4.999999974950233295e+00
2.261151068937944635e-03,4.495093011181538145e+00,4.965685838777513794e+00,3.812349464241045816e+00,4.999999954289857662e+00
2.262151068937944768e-03,4.494173902609545301e+00,4.965717960396220931e+00,3.811461753676741893e+00,4.999999974933627023e+00
2.263151068937944901e-03,4.493176067466450263e+00,4.965741116575293823e+00,3.810498212070908330e+00,4.999999954310816896e+00
2.264151068937945033e-03,4.492099545145075368e+00,4.965778023105344552e+00,3.809458847350582378e+00,4.999999974876474518e+00
2.265151068937945166e-03,4.490944378144678950e+00,4.965806020889045769e+00,3.808343742582180891e+00,4.999999954330672125e+00
2.266151068937945299e-03,4.489710612069275797e+00,4.965847634918977960e+00,3.807152912434828895e+00,4.999999974861744079e+00
2.267151068937945432e-03,4.488398295625840362e+00,4.965880392813787125e+00,3.805886447205369727e+00,4.999999954349475750e+00
2.268151068937945564e-03,4.487007480622374089e+00,4.965926626182245229e+00,3.804544368309347391e+00,4.999999974847624706e+00
2.269151068937945697e-03,4.485538221965875927e+00,4.965964052142640917e+00,3.803126773287409002e+00,4.999999954368269606e+00
2.270151068937945830e-03,4.483990577660160071e+00,4.966014806488697531e+00,3.801633690306550406e+00,4.999999974833586158e+00
2.271151068937945963e-03,4.482364608803575123e+00,4.966056798495044333e+00,3.800065224168241329e+00,4.999999954387090995e+00
2.272151068937946095e-03,4.480660379586585584e+00,4.966111965865541933e+00,3.798421409797732906e+00,4.999999974819622217e+00
2.273151068937946228e-03,4.478877957289243206e+00,4.966158412554388946e+00,3.796702359274568117e+00,4.999999954405947911e+00
2.274151068937946361e-03,4.477017412278531339e+00,4.966217876055001312e+00,3.794908114292485202e+00,4.999999974805735548e+00
2.275151068937946493e-03,4.475078818005576053e+00,4.966268657389888652e+00,3.793038794227427513e+00,4.999999954424846571e+00
2.276151068937946626e-03,4.473062251002764000e+00,4.966332291878350347e+00,3.791094447553180036e+00,4.999999974791928814e+00
2.277151068937946759e-03,4.470967790880704840e+00,4.966387279857694459e+00,3.789075200963714085e+00,4.999999954443794969e+00
2.278151068937946892e-03,4.468795520325100412e+00,4.966454952664108191e+00,3.786981109727982187e+00,4.999999974778204681e+00
2.279151068937947024e-03,4.466545525093470026e+00,4.966514012055723626e+00,3.784812307877048809e+00,4.999999954462801988e+00
2.280151068937947157e-03,4.464217894011775378e+00,4.966585583729980158e+00,3.782568857494487791e+00,4.999999974764562261e+00
2.281151068937947290e-03,4.461812718970903369e+00,4.966648572826256824e+00,3.780250899974595402e+00,4.999999954481876507e+00
2.282151068937947423e-03,4.459330094923048549e+00,4.966723897899422369e+00,3.777858504233155390e+00,4.999999974751005105e+00
2.283151068937947555e-03,4.456770119877957903e+00,4.966790669284081972e+00,3.775391819057054565e+00,4.999999954501022970e+00
2.284151068937947688e-03,4.454132894899060169e+00,4.966869597038865436e+00,3.772850920216239690e+00,4.999999974737537656e+00
2.285151068937947821e-03,4.451418524099484131e+00,4.966939998357667641e+00,3.770235963917800248e+00,4.999999954520251144e+00
2.286151068937947953e-03,4.448627114637940139e+00,4.967022373598658724e+00,3.767547032814759778e+00,4.999999974724158136e+00
2.287151068937948086e-03,4.445758776714494154e+00,4.967096248329587738e+00,3.764784290567980474e+00,4.999999954539565472e+00
2.288151068937948219e-03,4.442813623566214787e+00,4.967181912149632339e+00,3.761947826742230383e+00,4.999999974710870099e+00
2.289151068937948352e-03,4.439791771462709313e+00,4.967259100363137669e+00,3.759037812488439378e+00,4.999999954558975723e+00
2.290151068937948484e-03,4.436693339701519356e+00,4.967347890895316809e+00,3.756054344318513927e+00,4.999999974697675320e+00
2.291151068937948617e-03,4.433518450603430416e+00,4.967428229999038436e+00,3.752997600912108656e+00,4.999999954537687863e+00
2.292151068937948750e-03,4.430267229507624194e+00,4.967519983151863272e+00,3.749867685765188696e+00,4.999999974683667858e+00
2.293151068937948883e-03,4.426939804766742981e+00,4.967603308616856062e+00,3.746664785131793796e+00,4.999999954558667525e+00
2.294151068937949015e-03,4.423536307741821716e+00,4.967697858786658927e+00,3.743389009537684498e+00,4.999999974668881464e+00
2.295151068937949148e-03,4.420056872797089476e+00,4.967784004845028356e+00,3.740040552857308853e+00,4.999999954580122363e+00
2.296151068937949281e-03,4.416501637294685700e+00,4.967881185598990612e+00,3.736619532693893131e+00,4.999999974613536402e+00
2.297151068937949413e-03,4.412870741589216550e+00,4.967969985914809428e+00,3.733126150596540516e+00,4.999999954600637508e+00
2.298151068937949546e-03,4.409164329022229545e+00,4.968069630644376566e+00,3.729560531302324122e+00,4.999999974600603636e+00
2.299151068937949679e-03,4.405382545916545212e+00,4.968160918948727911e+00,3.725922884095313581e+00,4.999999954620258258e+00
2.300151068937949812e-03,4.401525541570485700e+00,4.968262861485465365e+00,3.722213340905260459e+00,4.999999974588271279e+00
2.301151068937949944e-03,4.397593468251978166e+00,4.968356472177094751e+00,3.718432118814440912e+00,4.999999954640024669e+00
2.302151068937950077e-03,4.393586481192542692e+00,4.968460547372207436e+00,3.714579357017053773e+00,4.999999974576021522e+00
2.303151068937950210e-03,4.389504738581171850e+00,4.968556316078017510e+00,3.710655280467736628e+00,4.999999954659964274e+00
2.304151068937950343e-03,4.385348401558069931e+00,4.968662360341663309e+00,3.706660035697149524e+00,4.999999974563848149e+00
2.305151068937950475e-03,4.381117634208310463e+00,4.968760124436942149e+00,3.702593855613756091e+00,4.999999954680077074e+00
2.306151068937950608e-03,4.376812603555340075e+00,4.968867976236521322e+00,3.698456894173916876e+00,4.999999974551756488e+00
2.307151068937950741e-03,4.372433479554400648e+00,4.968967575323683050e+00,3.694249392326435899e+00,4.999999954700370175e+00
2.308151068937950873e-03,4.367980435085804913e+00,4.969077075638553609e+00,3.689971511547310179e+00,4.999999974539750980e+00
2.309151068937951006e-03,4.363453645948130344e+00,4.969178351982559860e+00,3.685623500924395390e+00,4.999999954720845352e+00
2.310151068937951139e-03,4.358853290851254947e+00,4.969289344718424317e+00,3.681205529560115597e+00,4.999999974527837843e+00
2.311151068937951272e-03,4.354179551409324667e+00,4.969392143641376158e+00,3.676717854794969931e+00,4.999999954741507047e+00
2.312151068937951404e-03,4.349432612133568021e+00,4.969504475999433346e+00,3.672160653473435676e+00,4.999999974516017964e+00
2.313151068937951537e-03,4.344612660425020145e+00,4.969608646230148530e+00,3.667534191308285507e+00,4.999999954721560336e+00
2.314151068937951670e-03,4.339719886567122487e+00,4.969722169036399961e+00,3.662838653021354585e+00,4.999999974503388067e+00
2.315151068937951803e-03,4.334754483718206153e+00,4.969827563021415706e+00,3.658074312833595521e+00,4.999999954743961972e+00
2.316151068937951935e-03,4.329716647903879334e+00,4.969942131012228259e+00,3.653241363489779125e+00,4.999999974449184315e+00
2.317151068937952068e-03,4.324606578009264624e+00,4.970048605183374768e+00,3.648340087872332660e+00,4.999999954766015442e+00
2.318151068937952201e-03,4.319424475771181271e+00,4.970164077254294099e+00,3.643370686913001588e+00,4.999999974437386641e+00
2.319151068937952333e-03,4.314170545770146248e+00,4.970271492258140356e+00,3.638333452324372885e+00,4.999999954787240242e+00
2.320151068937952466e-03,4.308844995422322910e+00,4.970387731670871112e+00,3.633228593408802443e+00,4.999999974426211580e+00
2.321151068937952599e-03,4.303448034971317782e+00,4.970495952560600728e+00,3.628056410898735429e+00,4.999999954808667546e+00
2.322151068937952732e-03,4.297979877479891186e+00,4.970612827114490706e+00,3.622817122670746404e+00,4.999999974415134218e+00
2.323151068937952864e-03,4.292440738821532875e+00,4.970721723505516998e+00,3.617511038689456448e+00,4.999999954830324000e+00
2.324151068937952997e-03,4.286830837671957717e+00,4.970839105673605651e+00,3.612138385634893645e+00,4.999999974404153669e+00
2.325151068937953130e-03,4.281150395500457506e+00,4.970948551864079690e+00,3.606699482940261881e+00,4.999999954852215822e+00
2.326151068937953263e-03,4.275399636561159511e+00,4.971066318896109948e+00,3.601194566344956716e+00,4.999999974393274371e+00
2.327151068937953395e-03,4.269578787884181992e+00,4.971176193956606149e+00,3.595623965018307278e+00,4.999999954874342123e+00
2.328151068937953528e-03,4.263688079266661823e+00,4.971294227950719069e+00,3.589987924045212164e+00,4.999999974382503432e+00
2.329151068937953661e-03,4.257727743263691522e+00,4.971404415782499697e+00,3.584286782626974865e+00,4.999999954855906203e+00
2.330151068937953793e-03,4.251698015179125711e+00,4.971522603726968192e+00,3.578520795518669750e+00,4.999999974370932243e+00
2.331151068937953926e-03,4.245599133056312979e+00,4.971632993093236585e+00,3.572690312288873127e+00,4.999999954879873698e+00
2.332151068937954059e-03,4.239431337668666977e+00,4.971751226883053931e+00,3.566795597724541356e+00,4.999999974317802298e+00
2.333151068937954192e-03,4.233194872510196660e+00,4.971861711412904228e+00,3.560837012140400937e+00,4.999999954903538324e+00
2.334151068937954324e-03,4.226889983785862448e+00,4.971979887839848011e+00,3.554814830760888444e+00,4.999999974307089978e+00
2.335151068937954457e-03,4.220516920401876426e+00,4.972090366010152529e+00,3.548729425073244403e+00,4.999999954926423129e+00
2.336151068937954590e-03,4.214075933955874653e+00,4.972208386730245344e+00,3.542581081200211646e+00,4.999999974297017147e+00
2.337151068937954723e-03,4.207567278726962456e+00,4.972318761823365740e+00,3.536370182281407093e+00,4.999999954949563730e+00
2.338151068937954855e-03,4.200991211665714431e+00,4.972436533303858042e+00,3.530097025856766546e+00,4.999999974287056226e+00
2.339151068937954988e-03,4.194347992383990587e+00,4.972546713347805181e+00,3.523762007265539786e+00,4.999999954972982330e+00
2.340151068937955121e-03,4.187637883144717854e+00,4.972664146794367745e+00,3.517365436052197758e+00,4.999999974277212544e+00
2.341151068937955253e-03,4.180861148851516162e+00,4.972774044482170197e+00,3.510907720372298257e+00,4.999999954996686924e+00
2.342151068937955386e-03,4.174018057038254348e+00,4.972891055749716571e+00,3.504389182444398010e+00,4.999999974267489655e+00
2.343151068937955519e-03,4.167108877858477278e+00,4.973000588344524076e+00,3.497810243940073782e+00,4.999999954979882588e+00
2.344151068937955652e-03,4.160133884074751265e+00,4.973117097832083999e+00,3.491171240509473250e+00,4.999999974216187582e+00
2.345151068937955784e-03,4.153093351047882464e+00,4.973226187056190462e+00,3.484472608148968309e+00,4.999999955004620134e+00
2.346151068937955917e-03,4.145987556726066003e+00,4.973342119586628307e+00,3.477714696802314709e+00,4.999999974206300379e+00
2.347151068937956050e-03,4.138816781633893882e+00,4.973450691496278608e+00,3.470897957700991743e+00,4.999999955029145404e+00
2.348151068937956183e-03,4.131581308861285606e+00,4.973565976184755044e+00,3.464022756073994014e+00,4.999999974197061547e+00
2.349151068937956315e-03,4.124281424052318457e+00,4.973673961035517621e+00,3.457089559440519988e+00,4.999999955053965550e+00
2.350151068937956448e-03,4.116917415393942292e+00,4.973788531145263647e+00,3.450098749448244018e+00,4.999999974187972818e+00
2.351151068937956581e-03,4.109489573604617974e+00,4.973895863242050908e+00,3.443050811108181897e+00,4.999999955079110769e+00
2.352151068937956713e-03,4.101998191922808346e+00,4.974009656029378945e+00,3.435946143788524143e+00,4.999999974179035966e+00
2.353151068937956846e-03,4.094443566095447018e+00,4.974116273570118985e+00,3.428785251387136856e+00,4.999999955063790580e+00
2.354151068937956979e-03,4.086825994366218850e+00,4.974229230120636558e+00,3.421568552499429927e+00,4.999999974128554570e+00
2.355151068937957112e-03,4.079145777463816458e+00,4.974335075026999675e+00,3.414296571514535916e+00,4.999999955090057568e+00
2.356151068937957244e-03,4.071403218590047501e+00,4.974447140080087593e+00,3.406969747997093290e+00,4.999999974119531565e+00
2.357151068937957377e-03,4.063598623407880694e+00,4.974552157820833820e+00,3.399588628699615089e+00,4.999999955116164685e+00
2.358151068937957510e-03,4.055732300029377235e+00,4.974663279588154907e+00,3.392153676182493083e+00,4.999999974111194234e+00
2.359151068937957643e-03,4.047804559003503222e+00,4.974767418992577461e+00,3.384665461737630832e+00,4.999999955142628849e+00
2.360151068937957775e-03,4.039815713303909206e+00,4.974877548963298146e+00,3.377124473286206463e+00,4.999999974103055855e+00
2.361151068937957908e-03,4.031766078316539215e+00,4.974980762024756586e+00,3.369531309209769621e+00,4.999999955169479371e+00
2.362151068937958041e-03,4.023655971827202471e+00,4.975089854764767949e+00,3.361886485561944582e+00,4.999999974095126198e+00
2.363151068937958173e-03,4.015485714009012774e+00,4.975192096434281730e+00,3.354190630812225571e+00,4.999999955155938203e+00
2.364151068937958306e-03,4.007255627409763932e+00,4.975300109371796786e+00,3.346444292414624044e+00,4.999999974045710616e+00
2.365151068937958439e-03,3.998966036939174629e+00,4.975401337340248809e+00,3.338648132465336982e+00,4.999999955184068590e+00
2.366151068937958572e-03,3.990617269856090665e+00,4.975508230541419330e+00,3.330802733685034323e+00,4.999999974037819150e+00
2.367151068937958704e-03,3.982209655755540645e+00,4.975608405009099400e+00,3.322908796003851251e+00,4.999999955212128810e+00
2.368151068937958837e-03,3.973743526555728600e+00,4.975714140938519492e+00,3.314966942011607021e+00,4.999999974030695071e+00
2.369151068937958970e-03,3.965219216484943132e+00,4.975813224367766630e+00,3.306977914492494897e+00,4.999999955240647331e+00
2.370151068937959103e-03,3.956637062068346200e+00,4.975917767632328292e+00,3.298942381414722735e+00,4.999999974023860538e+00
2.371151068937959235e-03,3.947997402114703291e+00,4.976015724483374925e+00,3.290861134450219883e+00,4.999999955228870974e+00
2.372151068937959368e-03,3.939300577702987916e+00,4.976119041554985856e+00,3.282734893584663194e+00,4.999999973975623568e+00
2.373151068937959501e-03,3.930546932168947905e+00,4.976215837996543101e+00,3.274564506667996699e+00,4.999999955258876305e+00
2.374151068937959633e-03,3.921736811091511399e+00,4.976317896909471017e+00,3.266350753753938463e+00,4.999999973969004863e+00
2.375151068937959766e-03,3.912870562279179509e+00,4.976413500502225418e+00,3.258094547751763770e+00,4.999999955288937592e+00
2.376151068937959899e-03,3.903948535756267546e+00,4.976514270517019334e+00,3.249796738616966607e+00,4.999999973963262789e+00
2.377151068937960032e-03,3.894971083749107166e+00,4.976608649856882671e+00,3.241458315207865315e+00,4.999999955278796371e+00
2.378151068937960164e-03,3.885938560672140163e+00,4.976708101083212377e+00,3.233080209496126400e+00,4.999999973916220419e+00
2.379151068937960297e-03,3.876851323113897685e+00,4.976801225399588802e+00,3.224663499758497309e+00,4.999999955310561184e+00
2.380151068937960430e-03,3.867709729822970566e+00,4.976899328362328845e+00,3.216209215023379198e+00,4.999999973910903783e+00
2.381151068937960563e-03,3.858514141693801580e+00,4.976991167052347009e+00,3.207718539797618007e+00,4.999999955342517843e+00
2.382151068937960695e-03,3.849264921752469704e+00,4.977087892188856166e+00,3.199192619021675288e+00,4.999999973906585460e+00
2.383151068937960828e-03,3.839962435142336261e+00,4.977178414268783158e+00,3.190632764609602656e+00,4.999999955334422097e+00
2.384151068937960961e-03,3.830607049109649331e+00,4.977273731331189666e+00,3.182040261297340411e+00,4.999999973861098290e+00
2.385151068937961093e-03,3.821199132989025138e+00,4.977362904781105435e+00,3.173416575377958626e+00,4.999999955368401139e+00
2.386151068937961226e-03,3.811739058188888585e+00,4.977456782112557931e+00,3.164763161965659322e+00,4.999999973857486069e+00
2.387151068937961359e-03,3.802227198176785894e+00,4.977544573073145351e+00,3.156081676489620680e+00,4.999999955402749663e+00
2.388151068937961492e-03,3.792663928464672374e+00,4.977636976714622463e+00,3.147373784090182980e+00,4.999999973855026703e+00
2.389151068937961624e-03,3.783049626594060300e+00,4.977723348487627320e+00,3.138641374691098385e+00,4.999999955397242068e+00
2.390151068937961757e-03,3.773384672121121497e+00,4.977814241053907018e+00,3.129886375571889090e+00,4.999999973811575238e+00
2.391151068937961890e-03,3.763669446601713098e+00,4.977899152827570894e+00,3.121110971204829276e+00,4.999999955434003773e+00
2.392151068937962023e-03,3.753904333576295826e+00,4.977988492061305337e+00,3.112317420522566103e+00,4.999999973810165699e+00
2.393151068937962155e-03,3.744089718554826085e+00,4.978071897256401535e+00,3.103508283319489358e+00,4.999999955471342794e+00
2.394151068937962288e-03,3.734225989001481949e+00,4.978159634129315947e+00,3.094686244496001937e+00,4.999999973769281958e+00
2.395151068937962421e-03,3.724313534319430907e+00,4.978241478202356518e+00,3.085854349765068338e+00,4.999999955468102719e+00
2.396151068937962553e-03,3.714352745835402203e+00,4.978327554366914320e+00,3.077015840367907984e+00,4.999999973770500539e+00
2.397151068937962686e-03,3.704344016784276050e+00,4.978407771827991546e+00,3.068174402393617939e+00,4.999999955507327343e+00
2.398151068937962819e-03,3.694287742293532073e+00,4.978492116116560950e+00,3.059334017498291036e+00,4.999999973731261704e+00
2.399151068937962952e-03,3.684184319367667548e+00,4.978570626381973341e+00,3.050499232801857641e+00,4.999999955506518212e+00
2.400151068937963084e-03,3.674034146872530826e+00,4.978653149877694695e+00,3.041675036601266147e+00,4.999999973734065684e+00
2.401151068937963217e-03,3.663837625519535734e+00,4.978729851354668057e+00,3.032867160417147545e+00,4.999999955548080521e+00
2.402151068937963350e-03,3.653595157849899522e+00,4.978810440260762249e+00,3.024081994935846396e+00,4.999999973696223066e+00
2.403151068937963483e-03,3.643307148218700497e+00,4.978885201666765958e+00,3.015326944158716493e+00,4.999999955549309760e+00
2.404151068937963615e-03,3.632974002778947664e+00,4.978963706680469947e+00,3.006610408307510696e+00,4.999999973699961409e+00
2.405151068937963748e-03,3.622596129465525117e+00,4.979036353893153688e+00,2.997942225995811061e+00,4.999999955551454711e+00
2.406151068937963881e-03,3.612173937979105798e+00,4.979112573827254806e+00,2.989333773220840484e+00,4.999999973661203967e+00
2.407151068937964013e-03,3.601707839769956454e+00,4.979182869238034215e+00,2.980798561292845594e+00,4.999999955594939038e+00
2.408151068937964146e-03,3.591198248021727490e+00,4.979256524780559801e+00,2.972352546953718644e+00,4.999999973662275998e+00
2.409151068937964279e-03,3.580645577635088728e+00,4.979324133502629479e+00,2.964015020936884515e+00,4.999999955595132661e+00
2.410151068937964412e-03,3.570050245211409568e+00,4.979394823258037839e+00,2.955809324129352600e+00,4.999999973618560745e+00
2.411151068937964544e-03,3.559412669036271737e+00,4.979459255075172841e+00,2.947764312411226495e+00,4.999999955631662552e+00
2.412151068937964677e-03,3.548733269062962048e+00,4.979526377943704674e+00,2.939915905346144775e+00,4.999999973608511894e+00
2.413151068937964810e-03,3.538012466895912311e+00,4.979586881743040649e+00,2.932309774097826782e+00,4.999999955657237649e+00
2.414151068937964943e-03,3.527250685774024674e+00,4.979649491161101338e+00,2.925004720454957408e+00,4.999999973583567403e+00
2.415151068937965075e-03,3.516448350554004509e+00,4.979704849783912479e+00,2.918078146405799433e+00,4.999999955661403206e+00
2.416151068937965208e-03,3.505605887693539202e+00,4.979761359950564348e+00,2.911633714541032703e+00,4.999999973527507358e+00
2.417151068937965341e-03,3.494723725234504474e+00,4.979809461098919421e+00,2.905813409531373903e+00,4.999999955662203455e+00
2.418151068937965473e-03,3.483802292786033927e+00,4.979857010343543777e+00,2.900815091862283701e+00,4.999999973489397398e+00
2.419151068937965606e-03,3.472842021507586363e+00,4.979893891195720457e+00,2.896917935589227611e+00,4.999999955610929803e+00
2.420151068937965739e-03,3.461843344091898977e+00,4.979926875964594934e+00,2.894547289807543056e+00,4.999999973384902319e+00
2.421151068937965872e-03,3.450806694747923675e+00,4.979944461214813600e+00,2.894208101375019382e+00,4.999999955570573640e+00
2.422151068937966004e-03,3.439732509183687448e+00,4.979951962355156247e+00,2.896335676371353696e+00,4.999999973209291682e+00
2.423151068937966137e-03,3.428621224589065708e+00,4.979937857670691415e+00,2.900969728660572677e+00,4.999999955607259849e+00
2.424151068937966270e-03,3.417473279618554294e+00,4.979910549366425521e+00,2.907229356688175947e+00,4.999999973236161743e+00
2.425151068937966403e-03,3.406289114373926008e+00,4.979865815372726878e+00,2.914156845909416482e+00,4.999999955785075834e+00
2.426151068937966535e-03,3.395069170386881385e+00,4.979817739919035979e+00,2.921450317323925905e+00,4.999999973263684616e+00
2.427151068937966668e-03,3.383813890601590213e+00,4.979760919534215624e+00,2.928897328763826025e+00,4.999999955909985694e+00
2.428151068937966801e-03,3.372523719357233496e+00,4.979705880376783078e+00,2.936453851109126489e+00,4.999999973201452619e+00
2.429151068937966933e-03,3.361199102370429515e+00,4.979644883968948221e+00,2.944053689718411082e+00,4.999999955977982857e+00
2.430151068937967066e-03,3.349840486717676313e+00,4.979587065095879339e+00,2.951705245667282540e+00,4.999999973126096009e+00
2.431151068937967199e-03,3.338448320817670734e+00,4.979523980075391876e+00,2.959375360238791774e+00,4.999999956071047080e+00
2.432151068937967332e-03,3.327023054413609682e+00,4.979464403141571793e+00,2.967082266653017442e+00,4.999999973086072025e+00
2.433151068937967464e-03,3.315565138555453650e+00,4.979399713659931059e+00,2.974802163006414979e+00,4.999999956113260424e+00
2.434151068937967597e-03,3.304075025582092540e+00,4.979338599573869040e+00,2.982553852867278810e+00,4.999999973001388653e+00
2.435151068937967730e-03,3.292553169103527910e+00,4.979272394768639032e+00,2.990317808530380095e+00,4.999999956188693417e+00
2.436151068937967862e-03,3.281000023982906022e+00,4.979209766660728675e+00,2.998111204712552880e+00,4.999999972954998206e+00
2.437151068937967995e-03,3.269416046318629476e+00,4.979142035501042507e+00,3.005917008910952148e+00,4.999999956214874253e+00
2.438151068937968128e-03,3.257801693426292555e+00,4.979077866612941605e+00,3.013750557428207522e+00,4.999999972904896062e+00
2.439151068937968261e-03,3.246157423820666743e+00,4.979008573508361124e+00,3.021596741274775955e+00,4.999999956274891133e+00
2.440151068937968393e-03,3.234483697197571228e+00,4.978942824476624729e+00,3.029469208661641044e+00,4.999999972849933805e+00
2.441151068937968526e-03,3.222780974415744737e+00,4.978871927015250165e+00,3.037354464326646575e+00,4.999999956326228734e+00
2.442151068937968659e-03,3.211049717478657417e+00,4.978804554319583353e+00,3.045264668975835587e+00,4.999999972789852087e+00
2.443151068937968792e-03,3.199290389516226352e+00,4.978732007250987301e+00,3.053187719113743093e+00,4.999999956366822040e+00
2.444151068937968924e-03,3.187503454766600797e+00,4.978662965076861013e+00,3.061134474102247260e+00,4.999999972722467767e+00
2.445151068937969057e-03,3.175689378557772002e+00,4.978588721143588636e+00,3.069094043279805284e+00,4.999999956434751702e+00
2.446151068937969190e-03,3.163848627289246540e+00,4.978517961728604391e+00,3.077076146458572303e+00,4.999999972644351587e+00
2.447151068937969322e-03,3.151981668413603721e+00,4.978441971770378949e+00,3.085070955452445585e+00,4.999999956440717597e+00
2.448151068937969455e-03,3.140088970418066339e+00,4.978369445402852200e+00,3.093087189242762047e+00,4.999999972586260277e+00
2.449151068937969588e-03,3.128171002805977707e+00,4.978291658294720534e+00,3.101115954037528155e+00,4.999999956453047290e+00
2.450151068937969721e-03,3.116228236078309788e+00,4.978217313229096774e+00,3.109165087229940116e+00,4.999999972481953492e+00
2.451151068937969853e-03,3.104261141715022987e+00,4.978137675779365168e+00,3.117226519328613055e+00,4.999999956352859876e+00
2.452151068937969986e-03,3.092270192156525432e+00,4.978061458128509642e+00,3.125307308679674989e+00,4.999999972231138123e+00
2.453151068937970119e-03,3.080255860784974153e+00,4.977979914962097574e+00,3.133400115235457584e+00,4.999999956128577061e+00
2.454151068937970252e-03,3.068218621905592691e+00,4.977901768581222797e+00,3.141511307148733056e+00,4.999999971768984253e+00
2.455151068937970384e-03,3.056158950727968282e+00,4.977818262016715956e+00,3.149634191437250319e+00,4.999999955504027760e+00
2.456151068937970517e-03,3.044077323347258446e+00,4.977738128377559690e+00,3.157774523172491854e+00,4.999999970640988778e+00
2.457151068937970650e-03,3.031974216725439319e+00,4.977652598296194775e+00,3.165926184936176835e+00,4.999999953803879293e+00
2.458151068937970782e-03,3.019850108672426536e+00,4.977570416354700100e+00,3.174094385969427279e+00,4.999999967859756644e+00
2.459151068937970915e-03,3.007705477827252505e+00,4.977482800059610746e+00,3.182273522026843438e+00,4.999999949479579264e+00
2.460151068937971048e-03,2.995540803639141547e+00,4.977398506110517928e+00,3.190468315485057715e+00,4.999999960894712103e+00
2.461151068937971181e-03,2.983356566348608130e+00,4.977308738174620828e+00,3.198673620603977863e+00,4.999999938400271127e+00
2.462151068937971313e-03,2.971153246968470718e+00,4.977222265694517311e+00,3.206893725003966633e+00,4.999999943148904613e+00
2.463151068937971446e-03,2.958931327264882949e+00,4.977130277792598534e+00,3.215123894021283846e+00,4.999999910205040976e+00
2.464151068937971579e-03,2.946691289738318176e+00,4.977041557257958715e+00,3.223368026967841082e+00,4.999999897992943865e+00
2.465151068937971712e-03,2.934433617604489175e+00,4.976947277965043881e+00,3.231621759272885530e+00,4.999999838107770600e+00
2.466151068937971844e-03,2.922158794775310042e+00,4.976856236628512065e+00,3.239888644553754471e+00,4.999999782573667950e+00
2.467151068937971977e-03,2.909867305839761276e+00,4.976759591157850160e+00,3.248164655309005333e+00,4.999999653444051617e+00
2.468151068937972110e-03,2.897559636044786835e+00,4.976666152726186176e+00,3.256453041399456350e+00,4.999999486741573129e+00
2.469151068937972242e-03,2.885236271276108599e+00,4.976567062514913431e+00,3.264750089468619443e+00,4.999999179472768951e+00
2.470151068937972375e-03,2.872897698039074132e+00,4.976471146592990280e+00,3.273058794284481543e+00,4.999998726759249834e+00
2.471151068937972508e-03,2.860544403439417405e+00,4.976369528514062779e+00,3.281375754282042756e+00,4.999997960418809839e+00
2.472151068937972641e-03,2.848176875164071031e+00,4.976271049443701244e+00,3.289703780634954722e+00,4.999996770174132799e+00
2.473151068937972773e-03,2.835795601461863491e+00,4.976166814042342956e+00,3.298039827757246911e+00,4.999994818835936883e+00
2.474151068937972906e-03,2.823401071124284734e+00,4.976065678161414318e+00,3.306386661030379592e+00,4.999991723451724823e+00
2.475151068937973039e-03,2.810993773466172740e+00,4.975958725318911924e+00,3.314741749354858324e+00,4.999986708359531740e+00
2.476151068937973172e-03,2.798574198306383654e+00,4.975854824033384638e+00,3.323108127717538274e+00,4.999978683711538530e+00
2.477151068937973304e-03,2.786142835948496987e+00,4.975745031802849105e+00,3.331484230612064668e+00,4.999965735642684095e+00
2.478151068937973437e-03,2.773700177161391611e+00,4.975638223505795210e+00,3.339874143591676781e+00,4.999944939060871008e+00
2.479151068937973570e-03,2.761246713159948740e+00,4.975525418723083071e+00,3.348278474732309107e+00,4.999911422649086390e+00
2.480151068937973702e-03,2.748782935585592835e+00,4.975415481034081822e+00,3.356704318020482525e+00,4.999857492226628786e+00
2.481151068937973835e-03,2.736309336486927979e+00,4.975299362288958527e+00,3.365157419038334208e+00,4.999770587741539707e+00
2.482151068937973968e-03,2.723826408300281887e+00,4.975185867556131569e+00,3.373653195525824877e+00,4.999630614849029264e+00
2.483151068937974101e-03,2.711334643830291213e+00,4.975065798494214597e+00,3.382211114446801226e+00,4.999405021791937465e+00
2.484151068937974233e-03,2.698834536230418468e+00,4.974947768875128240e+00,3.390868165208736684e+00,4.999041484661299606e+00
2.485151068937974366e-03,2.686326578983517788e+00,4.974822214317335956e+00,3.399678946099353727e+00,4.998455530082259735e+00
2.486151068937974499e-03,2.673811265882324761e+00,4.974697206420162665e+00,3.408736629795621642e+00,4.997511257525980355e+00
2.487151068937974632e-03,2.661289091009963581e+00,4.974562235808725141e+00,3.418186423547194597e+00,4.995989911367209935e+00
2.488151068937974764e-03,2.648760548720463959e+00,4.974423887016644841e+00,3.428266347888348609e+00,4.993540422530371892e+00
2.489151068937974897e-03,2.636226133619216760e+00,4.974269150959617747e+00,3.439352870617721880e+00,4.989600930196180784e+00
2.490151068937975030e-03,2.623686340543473605e+00,4.974100584558000193e+00,3.452049625952323897e+00,4.983277418808828685e+00
2.491151068937975162e-03,2.611141664542783847e+00,4.973898499780830207e+00,3.467304345877405325e+00,4.973159928244646366e+00
2.492151068937975295e-03,2.598592600859493729e+00,4.973654589254917546e+00,3.486593763513817557e+00,4.957057467298063180e+00
2.493151068937975428e-03,2.586039644909128743e+00,4.973331228589670694e+00,3.512153048732655769e+00,4.931646984836120851e+00
2.494151068937975561e-03,2.573483292260909217e+00,4.972890782012915345e+00,3.547241487315409891e+00,4.892085879458739406e+00
2.495151068937975693e-03,2.560924038618138887e+00,4.972247112732623542e+00,3.596291102574838749e+00,4.831776835357366906e+00
2.496151068937975826e-03,2.548362379798638777e+00,4.971282442726185025e+00,3.664661919364313292e+00,4.742727702686553748e+00
2.497151068937975959e-03,2.535798811715197498e+00,4.969775378188435511e+00,3.757479964836517805e+00,4.617243513379043485e+00
2.498151068937976092e-03,2.523233830355959828e+00,4.967373859740830788e+00,3.877189798866220283e+00,4.451529897662590329e+00
2.499151068937976224e-03,2.510667931764889449e+00,4.963336839079763863e+00,4.020346893464963323e+00,4.250379336062252378e+00
2.500151068937976357e-03,2.498101612022136209e+00,4.956254926988608034e+00,4.175977058734132719e+00,4.029757148467984607e+00
2.501151068937976490e-03,2.485535367224493086e+00,4.942151343796716390e+00,4.328018757382649184e+00,3.813049817645306927e+00
2.502151068937976622e-03,2.472969693465781216e+00,4.885080088549610622e+00,4.461607844964079916e+00,3.622209871319812535e+00
2.503151068937976755e-03,2.460405086817291309e+00,1.079943134020231676e+00,4.580857521559487999e+00,3.469796900475119461e+00
2.503977601254722338e-03,2.450021191653054764e+00,-7.439253603888876243e-02,4.749494020012525297e+00,3.374439362781628038e+00
2.504614769501669475e-03,2.442017221642941660e+00,6.936142800237969641e-02,4.815625201227178742e+00,3.317462351346473159e+00
2.505216085647155380e-03,2.434464468144567739e+00,-5.752203080511823774e-02,4.850705102255317591e+00,3.275275895281959393e+00
2.506008981599892188e-03,2.424506848861732511e+00,5.487983182465763082e-02,4.903118240215808221e+00,3.233353596312449341e+00
2.507008981599892321e-03,2.411951006540301368e+00,-4.910989810007516249e-02,4.932505350456124482e+00,3.197437475588438272e+00
2.508008981599892454e-03,2.399398640242374814e+00,4.676424105110502105e-02,4.963832423331695054e+00,3.174560717993366588e+00
2.509008981599892586e-03,2.386850245513871371e+00,-4.268789393355350292e-02,4.971993604166340397e+00,3.160175109410361838e+00
2.510008981599892719e-03,2.374306317743931416e+00,4.011684166378718525e-02,4.987653468684541735e+00,3.151212724818292621e+00
2.511008981599892852e-03,2.361767352145348386e+00,-3.697189791109590368e-02,4.987691518861383067e+00,3.145642659213080172e+00
2.512008981599892984e-03,2.349233843735003102e+00,3.455592391382291545e-02,4.996548689218003325e+00,3.142207889978175128e+00
2.513008981599893117e-03,2.336706287314365138e+00,-3.196741775004133257e-02,4.993965365754142738e+00,3.140079614775385330e+00
2.514008981599893250e-03,2.324185177449889839e+00,2.979838740013353998e-02,4.999717308500980728e+00,3.138777163938680559e+00
2.515008981599893383e-03,2.311671008453572540e+00,-2.762490311500147636e-02,4.996587768145149155e+00,3.137968658639008090e+00
2.516008981599893515e-03,2.299164274363366900e+00,2.571814637236805728e-02,5.000715746404713613e+00,3.137480026045609716e+00
2.517008981599893648e-03,2.286665468923727129e+00,-2.386615886767191191e-02,4.997780764796179831e+00,3.137174210971262145e+00
2.518008981599893781e-03,2.274175085566083609e+00,2.220547763779396819e-02,5.000920254428226741e+00,3.136995302910237982e+00
2.519008981599893914e-03,2.261693617389391342e+00,-2.061683626241534936e-02,4.998399614632800692e+00,3.136880348527876894e+00
2.520008981599894046e-03,2.249221557140634875e+00,1.917649714258726559e-02,5.000850029007428255e+00,3.136819528572001303e+00
2.521008981599894179e-03,2.236759397195397625e+00,-1.780957386275779444e-02,4.998774389195682843e+00,3.136776713410184492e+00
2.522008981599894312e-03,2.224307629538426312e+00,1.656273485869303591e-02,5.000698434921958757e+00,3.136760975072796054e+00
2.523008981599894444e-03,2.211866745744176299e+00,-1.538488449588329768e-02,4.999034368022955199e+00,3.136744621123011001e+00
2.524008981599894577e-03,2.199437236957444419e+00,1.430653410079407196e-02,5.000535609851380237e+00,3.136746191149556662e+00
2.525008981599894710e-03,2.187019593873948065e+00,-1.329086840505799144e-02,4.999231937820111327e+00,3.136739156890382851e+00
2.526008981599894843e-03,2.174614306720981105e+00,1.235866399059506494e-02,5.000385369856460649e+00,3.136747616182752552e+00
2.527008981599894975e-03,2.162221865238028062e+00,-1.148250023851573112e-02,4.999389792147014511e+00,3.136743418197308841e+00
2.528008981599895108e-03,2.149842758657476871e+00,1.067683229394417871e-02,5.000254332128250212e+00,3.136754808348077628e+00
2.529008981599895241e-03,2.137477475685238382e+00,-9.920820044510810301e-03,4.999518934330934528e+00,3.136751030977831700e+00
2.530008981599895374e-03,2.125126504481528844e+00,9.224611498066579915e-03,5.000142915887243689e+00,3.136763828456286873e+00
2.531008981599895506e-03,2.112790332641532487e+00,-8.572156550632200472e-03,4.999625577914618368e+00,3.136759615892990904e+00
2.532008981599895639e-03,2.100469447176194659e+00,7.970589189049021375e-03,5.000049474968492724e+00,3.136773208968290483e+00
2.533008981599895772e-03,2.088164334492979890e+00,-7.407425281722773182e-03,4.999713820256345365e+00,3.136768306017991836e+00
2.534008981599895904e-03,2.075875480376656590e+00,6.887663545741265145e-03,4.999971829760328390e+00,3.136782421046481861e+00
2.535008981599896037e-03,2.063603369970157253e+00,-6.401510150147136924e-03,4.999786702655068638e+00,3.136776804024467680e+00
2.536008981599896170e-03,2.051348487755377814e+00,5.952446126780409213e-03,4.999907815702501424e+00,3.136791290922209541e+00
2.537008981599896303e-03,2.039111317534090695e+00,-5.532724575954858608e-03,4.999846649916573682e+00,3.136785024267621846e+00
2.538008981599896435e-03,2.026892342408815662e+00,5.144750610930310698e-03,4.999855462502650560e+00,3.136799777860753924e+00
2.539008981599896568e-03,2.014692044763775947e+00,-4.782344238080180575e-03,4.999895669030646417e+00,3.136792957295532869e+00
2.540008981599896701e-03,2.002510906245825062e+00,4.447153167181416844e-03,4.999813036502356312e+00,3.136807889566778584e+00
2.541008981599896834e-03,1.990349407745461541e+00,-4.134202861262717410e-03,4.999935450647581270e+00,3.136800619067020346e+00
2.542008981599896966e-03,1.978208029377811705e+00,3.844613742342626803e-03,4.999779034647772846e+00,3.136815650043156989e+00
2.543008981599897099e-03,1.966087250463714575e+00,-3.574342899778201917e-03,4.999967430664313817e+00,3.136808032067682550e+00
2.544008981599897232e-03,1.953987549510767252e+00,3.324149467470766291e-03,4.999752162374154096e+00,3.136823087531968923e+00
2.545008981599897364e-03,1.941909404194439137e+00,-3.090713785329332521e-03,4.999992832548637800e+00,3.136815218865113497e+00
2.546008981599897497e-03,1.929853291339232335e+00,2.874552956312237135e-03,4.999731308802663143e+00,3.136830230163059952e+00
2.547008981599897630e-03,1.917819686899829401e+00,-2.672911369947393936e-03,5.000012700060826987e+00,3.136822200032569175e+00
2.548008981599897763e-03,1.905809065942341896e+00,2.486149242996843998e-03,4.999715522558627612e+00,3.136837104398183751e+00
2.549008981599897895e-03,1.893821902625513198e+00,-2.311952930453039200e-03,5.000027923784970518e+00,3.136828993608498095e+00
2.550008981599898028e-03,1.881858670182025683e+00,2.150586035833054310e-03,4.999703989994514153e+00,3.136843734545499363e+00
2.551008981599898161e-03,1.869919840899805230e+00,-2.000082903645869319e-03,5.000039263353899699e+00,3.136835615300051838e+00
2.552008981599898294e-03,1.858005886103402560e+00,1.860652709541319545e-03,4.999696016021112577e+00,3.136850142786186346e+00
2.553008981599898426e-03,1.846117276135339935e+00,-1.730605169286629280e-03,5.000047366116189274e+00,3.136842078869751749e+00
2.554008981599898559e-03,1.834254480337595972e+00,1.610124114792359099e-03,4.999691007788342745e+00,3.136856349263702715e+00
2.555008981599898692e-03,1.822417967033028940e+00,-1.497738260746331188e-03,5.000052783513328158e+00,3.136848396403886241e+00
2.556008981599898824e-03,1.810608203506910652e+00,1.393625746427684317e-03,4.999688460015004665e+00,3.136862372286456146e+00
2.557008981599898957e-03,1.798825655988496752e+00,-1.296490351128828022e-03,5.000055984466366787e+00,3.136854578375831260e+00
2.558008981599899090e-03,1.787070789632574819e+00,1.206517403447316186e-03,4.999687942711673827e+00,3.136868228430415240e+00
2.559008981599899223e-03,1.775344068501161443e+00,-1.122551335492257734e-03,5.000057367455799984e+00,3.136860634369069256e+00
2.560008981599899355e-03,1.763645955545100508e+00,1.044792756196058795e-03,4.999689090536750591e+00,3.136873932732462400e+00
2.561008981599899488e-03,1.751976912585881285e+00,-9.721996646494697730e-04,5.000057270523881492e+00,3.136866572715034440e+00
2.562008981599899621e-03,1.740337400297325754e+00,9.049926677569656869e-04,4.999691593474853590e+00,3.136879498855930315e+00
2.563008981599899754e-03,1.728727878187462430e+00,-8.422219081403622661e-04,5.000055980011272716e+00,3.136872401022610557e+00
2.564008981599899886e-03,1.717148804580339139e+00,7.841303767467904104e-04,4.999695189021196917e+00,3.136884939056282740e+00
2.565008981599900019e-03,1.705600636597948139e+00,-7.298433208359834164e-04,5.000053738033739315e+00,3.136878126160482783e+00
2.566008981599900152e-03,1.694083830142201430e+00,6.796269148795425815e-04,4.999699655239107088e+00,3.136890264669747186e+00
2.567008981599900284e-03,1.682598839876884522e+00,-6.326678967697080313e-04,5.000050748764294006e+00,3.136883754514914635e+00
2.568008981599900417e-03,1.671146119209760972e+00,5.892553725317989290e-04,4.999704805062988200e+00,3.136895485729868316e+00
2.569008981599900550e-03,1.659726120274625849e+00,-5.486266220685138625e-04,5.000047184156240831e+00,3.136889291768480081e+00
2.570008981599900683e-03,1.648339293913482884e+00,5.110927707047201955e-04,4.999710481143329055e+00,3.136900611603943734e+00
2.571008981599900815e-03,1.636986089658733157e+00,-4.759327970126769761e-04,5.000043188468342059e+00,3.136894743255308260e+00
2.572008981599900948e-03,1.625666955715453721e+00,4.434785288616413003e-04,4.999716551470244852e+00,3.136905650477749052e+00
2.573008981599901081e-03,1.614382338943658013e+00,-4.130434654787163177e-04,5.000038882381127259e+00,3.136900113911263777e+00
2.574008981599901213e-03,1.603132684840713473e+00,3.849786133637688053e-04,4.999722905842903131e+00,3.136910610117323195e+00
2.575008981599901346e-03,1.591918437523675678e+00,-3.586261277040719993e-04,5.000034366465375690e+00,3.136905408427151265e+00
2.576008981599901479e-03,1.580740039711839851e+00,3.343545801336383167e-04,4.999729452368886662e+00,3.136915497239282757e+00
2.577008981599901612e-03,1.569597932709217325e+00,-3.115299772249173114e-04,5.000029724269916542e+00,3.136910631044706133e+00
2.578008981599901744e-03,1.558492556387108152e+00,2.905368535467264465e-04,4.999736115051120144e+00,3.136920318268646035e+00
2.579008981599901877e-03,1.547424349166753643e+00,-2.707611055122289504e-04,5.000025024609143998e+00,3.136915785817019575e+00
2.580008981599902010e-03,1.536393748002017112e+00,2.526016743796162534e-04,4.999742831233894513e+00,3.136925078782641929e+00
2.581008981599902143e-03,1.525401188362157434e+00,-2.354610653028602746e-04,5.000020324101032365e+00,3.136920876537471425e+00
2.582008981599902275e-03,1.514447104214594830e+00,2.197511685415850027e-04,4.999749549607868104e+00,3.136929783896429846e+00
2.583008981599902408e-03,1.503531928007826979e+00,-2.048883758818785138e-04,5.000015668740005026e+00,3.136925906750286153e+00
2.584008981599902541e-03,1.492656090654314704e+00,1.912961712887251804e-04,4.999756228556389459e+00,3.136934438398695679e+00
2.585008981599902673e-03,1.481820021513488239e+00,-1.784025596242515656e-04,5.000011095662195260e+00,3.136930879847153797e+00
2.586008981599902806e-03,1.471024148374815432e+00,1.666413806444706476e-04,4.999762834597628824e+00,3.136939046593717251e+00
2.587008981599902939e-03,1.460268897440869518e+00,-1.554503483653947560e-04,5.000006634553535001e+00,3.136935799059510810e+00
2.588008981599903072e-03,1.449554693310554088e+00,1.452725392081548523e-04,4.999769341096606645e+00,3.136943612236461565e+00
2.589008981599903204e-03,1.438881958962296315e+00,-1.355537841353854833e-04,5.000002308626740444e+00,3.136940667393557369e+00
2.590008981599903337e-03,1.428251115737373622e+00,1.267453865949246319e-04,4.999775727318809260e+00,3.136948138989982926e+00
2.591008981599903470e-03,1.417662583323267445e+00,-1.182999446138636377e-04,4.999998135921944531e+00,3.136945487650776077e+00
2.592008981599903603e-03,1.407116779737119128e+00,1.106760941768962167e-04,4.999781977349893936e+00,3.136952630104036022e+00
2.593008981599903735e-03,1.396614121309191159e+00,-1.033320682019045928e-04,4.999994129854746561e+00,3.136950262623085184e+00
2.594008981599903868e-03,1.386155022666454739e+00,9.673303222122767674e-05,4.999788079373290728e+00,3.136957088408240057e+00
2.595008981599904001e-03,1.375739896716209332e+00,-9.034189383053207187e-05,4.999990300188423831e+00,3.136954994815066566e+00
2.596008981599904133e-03,1.365369154629799908e+00,8.462964262231476942e-05,4.999794024999878239e+00,3.136961516710017328e+00
2.597008981599904266e-03,1.355043205826372388e+00,-7.906304776776607295e-05,4.999986653516482527e+00,3.136959686713879147e+00
2.598008981599904399e-03,1.344762457956699020e+00,7.411829847305539140e-05,4.999799808702605652e+00,3.136965917456326025e+00
2.599008981599904532e-03,1.334527316887101689e+00,-6.926533130335293790e-05,4.999983193935917392e+00,3.136964340617340863e+00
2.600008981599904664e-03,1.324338186683419183e+00,6.498498713747695725e-05,4.999805427216112541e+00,3.136970292854192266e+00
2.601008981599904797e-03,1.314195469595076826e+00,-6.074979016221766326e-05,4.999979923225605027e+00,3.136968958697080367e+00
2.602008981599904930e-03,1.304099566039166325e+00,5.704474633437960383e-05,4.999810879352319049e+00,3.136974645041735954e+00
2.603008981599905063e-03,1.294050874584685040e+00,-5.334446080352855702e-05,4.999976841632448377e+00,3.136973543075301407e+00
2.604008981599905195e-03,1.284049791936759499e+00,5.013768522628940386e-05,4.999816165365215781e+00,3.136978975840948536e+00
2.605008981599905328e-03,1.274096712921007901e+00,-4.690068421541949197e-05,4.999973947849679412e+00,3.136978095799317856e+00
2.606008981599905461e-03,1.264192030467941930e+00,4.412558231822965546e-05,4.999821286857527802e+00,3.136983287053387581e+00
2.607008981599905593e-03,1.254336135597470925e+00,-4.128994213096408121e-05,4.999971239414243485e+00,3.136982618616104279e+00
2.608008981599905726e-03,1.244529417403459570e+00,3.888893263930702824e-05,4.999826246404265540e+00,3.136987580210226056e+00
2.609008981599905859e-03,1.234772263038328211e+00,-3.640110734180829281e-05,4.999968713011872623e+00,3.136987113380976133e+00
2.610008981599905992e-03,1.225065057697840576e+00,3.432439887667380890e-05,4.999831047504416759e+00,3.136991856888748931e+00
2.611008981599906124e-03,1.215408184605831332e+00,-3.213808500398455356e-05,4.999966364579034206e+00,3.136991581793273642e+00
2.612008981599906257e-03,1.205802024999125921e+00,3.034261186256870371e-05,4.999835694187661161e+00,3.136996118329453243e+00
2.613008981599906390e-03,1.196246958112451519e+00,-2.841775982628755732e-05,4.999964189495245570e+00,3.136996025455180526e+00
2.614008981599906523e-03,1.186743361163488109e+00,2.686626971492111593e-05,4.999840190989917943e+00,3.137000365852072203e+00
2.615008981599906655e-03,1.177291609337965061e+00,-2.516823425696457193e-05,4.999962182735263383e+00,3.137000445849922325e+00
2.616008981599906788e-03,1.167892075774871197e+00,2.382849723283751137e-05,4.999844542784670054e+00,3.137004600532046883e+00
2.617008981599906921e-03,1.158545131551686369e+00,-2.232730382838692677e-05,4.999960338947222027e+00,3.137004844522015556e+00
2.618008981599907053e-03,1.149251145669774488e+00,2.117143281283508584e-05,4.999848754747365120e+00,3.137008823490163412e+00
2.619008981599907186e-03,1.140010485039778976e+00,-1.984114136108322784e-05,4.999958652642313872e+00,3.137009222719914892e+00
2.620008981599907319e-03,1.130823514467153901e+00,1.884499653773029701e-05,4.999852832123117707e+00,3.137013035728805299e+00
2.621008981599907452e-03,1.121690596637777482e+00,-1.766315655972975298e-05,4.999957118099862541e+00,3.137013581840488730e+00
2.622008981599907584e-03,1.112612092103596684e+00,1.680584705887285847e-05,4.999856780407617052e+00,3.137017238084746751e+00
2.623008981599907717e-03,1.103588359268441454e+00,-1.575302156952778325e-05,4.999955729670639393e+00,3.137017923004523201e+00
2.624008981599907850e-03,1.094619754373812093e+00,1.501645094741089248e-05,4.999860604918167084e+00,3.137021431439682040e+00
2.625008981599907983e-03,1.085706631484889106e+00,-1.407580741276480571e-05,4.999954481621356805e+00,3.137022247512639250e+00
2.626008981599908115e-03,1.076849342476491778e+00,1.344430616066805962e-05,4.999864311091553049e+00,3.137025616517837179e+00
2.627008981599908248e-03,1.068048237019234126e+00,-1.260126684050744722e-05,4.999953368265821929e+00,3.137026556376614206e+00
2.628008981599908381e-03,1.059303662565685089e+00,1.206125998603700385e-05,4.999867904276978692e+00,3.137029794116737325e+00
2.629008981599908513e-03,1.050615964336665709e+00,-1.130319376259428729e-05,4.999952384025313279e+00,3.137030850658629522e+00
2.630008981599908646e-03,1.041985485307636017e+00,1.084291620566665834e-05,4.999871389717565506e+00,3.137033964840742151e+00
2.631008981599908779e-03,1.033412566195121007e+00,-1.015887586819732095e-05,4.999951523414877030e+00,3.137035131361154860e+00
2.632008981599908912e-03,1.024897545443297586e+00,9.768129291918888627e-06,4.999874772562399095e+00,3.137038129336703118e+00
2.633008981599909044e-03,1.016440759210600175e+00,-9.148627337592466849e-06,4.999950780997544975e+00,3.137039399357214986e+00
2.634008981599909177e-03,1.008042541356468647e+00,8.818567140514307778e-06,4.999878057756573568e+00,3.137042288201803419e+00
2.635008981599909310e-03,9.997032234281593155e-01,-8.255368933524529857e-06,4.999950151661945341e+00,3.137043655624866201e+00
2.636008981599909443e-03,9.914231346476742868e-01,7.978321777549028998e-06,4.999881250184201598e+00,3.137046441941370833e+00
2.637008981599909575e-03,9.832026018987314320e-01,-7.464290694989973318e-06,4.999949630218544883e+00,3.137047900867814487e+00
2.638008981599909708e-03,9.750419497138971270e-01,7.233598286680372867e-06,4.999884354483945970e+00,3.137050591047530368e+00
2.639008981599909841e-03,9.669415002617416377e-01,-6.762533347313609711e-06,4.999949211871863142e+00,3.137052136030435978e+00
2.640008981599909973e-03,9.589015733341346159e-01,6.572415157417879245e-06,4.999887375253616817e+00,3.137054735937618410e+00
2.641008981599910106e-03,9.509224863336338540e-01,-6.138938418030789671e-06,4.999948891808391416e+00,3.137056361708366659e+00
2.642008981599910239e-03,9.430045542609226672e-01,5.984372793043280550e-06,4.999890316802151347e+00,3.137058877181136296e+00
2.643008981599910372e-03,9.351480897024146977e-01,-5.583808480997177228e-06,4.999948665501184664e+00,3.137060578665309851e+00
2.644008981599910504e-03,9.273534028178609390e-01,5.460430084258851283e-06,4.999893183302954291e+00,3.137063015041178904e+00
2.645008981599910637e-03,9.196208013281661486e-01,-5.088715193186872020e-06,4.999948528554916116e+00,3.137064787530551513e+00
2.646008981599910770e-03,9.119505905031879411e-01,4.992726568927521715e-06,4.999895978700269694e+00,3.137067149928061127e+00
2.647008981599910903e-03,9.043430731497248409e-01,-4.646325921362842864e-06,4.999948476781328921e+00,3.137068988975483030e+00
2.648008981599911035e-03,8.967985495995314249e-01,4.574426960114272531e-06,4.999898706911994672e+00,3.137071282214127788e+00
2.649008981599911168e-03,8.893173176974751293e-01,-4.250267303573189173e-06,4.999948506145092786e+00,3.137073183558721556e+00
2.650008981599911301e-03,8.818996727897896459e-01,4.199580224478957997e-06,4.999901371506985548e+00,3.137075412201993263e+00
2.651008981599911433e-03,8.745459077123869385e-01,-3.894984021266016979e-06,4.999948612763613909e+00,3.137077371740631726e+00
2.652008981599911566e-03,8.672563127793286863e-01,3.863004272072147243e-06,4.999903975996305761e+00,3.137079540191514138e+00
2.653008981599911699e-03,8.600311757713370309e-01,-3.575639776794036203e-06,4.999948792934162611e+00,3.137081554239600223e+00
2.654008981599911832e-03,8.528707819244494281e-01,3.560182307335833428e-06,4.999906523671718617e+00,3.137083666426955020e+00
2.655008981599911964e-03,8.457754139187503295e-01,-3.288014628642519620e-06,4.999949043150911265e+00,3.137085731397816879e+00
2.656008981599912097e-03,8.387453518672276509e-01,3.287172809542364929e-06,4.999909017699354585e+00,3.137087791247238133e+00
2.657008981599912230e-03,8.317808733046858638e-01,-3.028428945321244397e-06,4.999949359992188924e+00,3.137089903652909850e+00
2.658008981599912363e-03,8.248822531768251753e-01,3.040538409881448994e-06,4.999911461069801000e+00,3.137091914735537834e+00
2.659008981599912495e-03,8.180497638293400264e-01,-2.793667895116853848e-06,4.999949740270038134e+00,3.137094071480576840e+00
2.660008981599912628e-03,8.112836749972192063e-01,2.817273685974690395e-06,4.999913856658892541e+00,3.137096037282942618e+00
2.661008981599912761e-03,8.045842537940677275e-01,-2.580922397340634265e-06,4.999950180908721897e+00,3.137098235298950044e+00
2.662008981599912893e-03,7.979517647015594850e-01,2.614749032887297631e-06,4.999916207109206923e+00,3.137100158989054588e+00
2.663008981599913026e-03,7.913864695590075993e-01,-2.387730066491910184e-06,4.999950679003971388e+00,3.137102395421002221e+00
2.664008981599913159e-03,7.848886275530189138e-01,2.430661549818382524e-06,4.999918515000437935e+00,3.137104280090194486e+00
2.665008981599913292e-03,7.784584952072770569e-01,-2.211938695213783728e-06,4.999951231718105404e+00,3.137106552243548840e+00
2.666008981599913424e-03,7.720963263723896741e-01,2.262998839744147136e-06,4.999920782794749385e+00,3.137108400732703473e+00
2.667008981599913557e-03,7.658023722158957547e-01,-2.051661993689729472e-06,4.999951836433892183e+00,3.137110706108694913e+00
2.668008981599913690e-03,7.595768812123246949e-01,2.109988749241679965e-06,4.999923012709952985e+00,3.137112521080854588e+00
2.669008981599913823e-03,7.534200991334016884e-01,-1.905239888835459986e-06,4.999952490563513763e+00,3.137114857265053569e+00
2.670008981599913955e-03,7.473322690383374933e-01,1.970080656923999569e-06,4.999925206983388826e+00,3.137116641303910658e+00
2.671008981599914088e-03,7.413136312642440995e-01,-1.771216667497724481e-06,4.999953191776907779e+00,3.137119006032007551e+00
2.672008981599914221e-03,7.353644234166383242e-01,1.841902805296495420e-06,4.999927367583664406e+00,3.137120761481208220e+00
2.673008981599914353e-03,7.294848803600559872e-01,-1.648308018663793282e-06,4.999953937680944982e+00,3.137123152699750506e+00
2.674008981599914486e-03,7.236752342087897638e-01,1.724257534813235973e-06,4.999929496539026630e+00,3.137124881812477728e+00
2.675008981599914619e-03,7.179357143177182987e-01,-1.535388754844208959e-06,4.999954726138863492e+00,3.137127297452862784e+00
2.676008981599914752e-03,7.122665472732661041e-01,1.616083366635786196e-06,4.999931595651233351e+00,3.137129002331695560e+00
2.677008981599914884e-03,7.066679568844376202e-01,-1.431459460359207702e-06,4.999955555101028182e+00,3.137131440576479413e+00
2.678008981599915017e-03,7.011401641739949397e-01,1.516438564028426344e-06,4.999933666585853587e+00,3.137133123146649272e+00
2.679008981599915150e-03,6.956833873697263471e-01,-1.335636377903144540e-06,4.999956422530491551e+00,3.137135582227442487e+00
2.680008981599915283e-03,6.902978418958423124e-01,1.424497798968002100e-06,4.999935711050233600e+00,3.137137244429272442e+00
2.681008981599915415e-03,6.849837403644511991e-01,-1.247142839853700960e-06,4.999957326585127149e+00,3.137139722635948313e+00
2.682008981599915548e-03,6.797412925671875161e-01,1.339525621268521013e-06,4.999937730538695391e+00,3.137141366175486112e+00
2.683008981599915681e-03,6.745707054669114466e-01,-1.165286978753226878e-06,4.999958265420825221e+00,3.137143861986621207e+00
2.684008981599915813e-03,6.694721831895449338e-01,1.260873053004127007e-06,4.999939726524716299e+00,3.137145488456642095e+00
2.685008981599915946e-03,6.644459270160232300e-01,-1.089455756378117334e-06,4.999959237365739106e+00,3.137148000410225457e+00
2.686008981599916079e-03,6.594921353743283809e-01,1.187959888300731923e-06,4.999941700359724628e+00,3.137149611392862081e+00
2.687008981599916212e-03,6.546110038316774737e-01,-1.019102101795363525e-06,4.999960240783750898e+00,3.137152138106732657e+00
2.688008981599916344e-03,6.498027250867830507e-01,1.120269703278330361e-06,4.999943653309249392e+00,3.137153735042934599e+00
2.689008981599916477e-03,6.450674889622571850e-01,-9.537385602054717502e-07,4.999961274113403853e+00,3.137156275206624212e+00
2.690008981599916610e-03,6.404054823971112587e-01,1.057343355459233164e-06,4.999945586595981872e+00,3.137157859362452061e+00
2.691008981599916743e-03,6.358168894393869675e-01,-8.929305037070320205e-07,4.999962335908766597e+00,3.137160411776490854e+00
2.692008981599916875e-03,6.313018912388750348e-01,9.987680187990943759e-07,4.999947501330630040e+00,3.137161984463663789e+00
2.693008981599917008e-03,6.268606660399707042e-01,-8.362891509340095394e-07,4.999963424710356819e+00,3.137164547997743913e+00
2.694008981599917141e-03,6.224933891746453618e-01,9.441790225401164094e-07,4.999949398619441432e+00,3.137166110434859601e+00
2.695008981599917273e-03,6.182002330555067537e-01,-7.834668304862305307e-07,4.999964539249257101e+00,3.137168683937485714e+00
2.696008981599917406e-03,6.139813671690124153e-01,8.932443649260870333e-07,4.999951279469888377e+00,3.137170237157097308e+00
2.697008981599917539e-03,6.098369580687608149e-01,-7.341517102090090345e-07,4.999965678194496554e+00,3.137172819716591565e+00
2.698008981599917672e-03,6.057671693689272718e-01,8.456681233390771310e-07,4.999953144774688774e+00,3.137174364797521431e+00
2.699008981599917804e-03,6.017721617377986831e-01,-6.880602907055617971e-07,4.999966840347616959e+00,3.137176955381459020e+00
2.700008981599917937e-03,5.978520928914403676e-01,8.011839181556831235e-07,4.999954995488415044e+00,3.137178493293520720e+00
2.701008981599918070e-03,5.940071175874535037e-01,-6.449422149623336010e-07,4.999968024537716715e+00,3.137181091005272204e+00
2.702008981599918203e-03,5.902373876188840018e-01,7.595493097053071067e-07,4.999956832342693502e+00,3.137182622662985310e+00
2.703008981599918335e-03,5.865430518082137556e-01,-6.045638817927243229e-07,4.999969229663794756e+00,3.137185226686169059e+00
2.704008981599918468e-03,5.829242560014931129e-01,7.205460188757887477e-07,4.999958656177012628e+00,3.137186752905404052e+00
2.705008981599918601e-03,5.793811430625881442e-01,-5.667191989445220828e-07,4.999970454689186994e+00,3.137189362449444019e+00
2.706008981599918733e-03,5.759138528675269431e-01,6.839771082669437093e-07,4.999960467732915248e+00,3.137190884010730763e+00
2.707008981599918866e-03,5.725225222989933638e-01,-5.312217797955801521e-07,4.999971698582002411e+00,3.137193498430581595e+00
2.708008981599918999e-03,5.692072852409091333e-01,6.496638191686596570e-07,4.999962267656282044e+00,3.137195016010255966e+00
2.709008981599919132e-03,5.659682725731571828e-01,-4.978994271690721877e-07,4.999972960386566356e+00,3.137197634544814928e+00
2.710008981599919264e-03,5.628056121664093414e-01,6.174424185699317684e-07,4.999964056589633721e+00,3.137199148862698461e+00
2.711008981599919397e-03,5.597194288770868109e-01,-4.665961820244792288e-07,4.999974239189274527e+00,3.137201770861151040e+00
2.712008981599919530e-03,5.567098445424198960e-01,5.871637411034678699e-07,4.999965835126204183e+00,3.137203282626620293e+00
2.713008981599919663e-03,5.537769779756431809e-01,-4.371709224824481019e-07,4.999975534075240979e+00,3.137205907477571110e+00
2.714008981599919795e-03,5.509209449613097220e-01,5.586935339914105468e-07,4.999967603810307359e+00,3.137207417172989121e+00
2.715008981599919928e-03,5.481418582507100457e-01,-4.094929084755484998e-07,4.999976844243690266e+00,3.137210044279396204e+00
2.716008981599920061e-03,5.454398275574317001e-01,5.319067120976384809e-07,4.999969363189761040e+00,3.137211552588532459e+00
2.717008981599920193e-03,5.428149595530182836e-01,-3.834439672917357643e-07,4.999978168888375762e+00,3.137214181428995996e+00
2.718008981599920326e-03,5.402673578627639195e-01,5.066892961352928472e-07,4.999971113728192584e+00,3.137215688771843425e+00
2.719008981599920459e-03,5.377971230616203080e-01,-3.589158993798166544e-07,4.999979507194075801e+00,3.137218318859567034e+00
2.720008981599920592e-03,5.354043526702298994e-01,4.829378555693854566e-07,4.999972855846360531e+00,3.137219825662555639e+00
2.721008981599920724e-03,5.330891411510685352e-01,-3.358058418094213377e-07,4.999980858488395796e+00,3.137222456537942072e+00
2.722008981599920857e-03,5.308515799047246464e-01,4.605546239700446497e-07,4.999974590018581466e+00,3.137223963365429302e+00
2.723008981599920990e-03,5.286917572662841458e-01,-3.140244721088796515e-07,4.999982222016457811e+00,3.137226594589954676e+00
2.724008981599921123e-03,5.266097585018452154e-01,4.394515845811737198e-07,4.999976316552586120e+00,3.137228101710648254e+00
2.725008981599921255e-03,5.246056658051565513e-01,-2.934838011068228476e-07,4.999983597115139844e+00,3.137230732851516102e+00
2.726008981599921388e-03,5.226795582943639662e-01,4.195478361474822598e-07,4.999978035886853078e+00,3.137232240745661649e+00
2.727008981599921521e-03,5.208315120088971018e-01,-2.741076404705229636e-07,4.999984983160310037e+00,3.137234871459715801e+00
2.728008981599921653e-03,5.190615999064549513e-01,4.007652697508582311e-07,4.999979748270358293e+00,3.137236380407815162e+00
2.729008981599921786e-03,5.173698918601394858e-01,-2.558217770249022503e-07,4.999986379453929430e+00,3.137239010311256848e+00
2.730008981599921919e-03,5.157564546556860918e-01,3.830380605135495886e-07,4.999981454068874953e+00,3.137240520680837808e+00
2.731008981599922052e-03,5.142213519888345630e-01,-2.385599458308104654e-07,4.999987785492665537e+00,3.137243149383146523e+00
2.732008981599922184e-03,5.127646444628088940e-01,3.662981967086697035e-07,4.999983153553587911e+00,3.137244661457908812e+00
2.733008981599922317e-03,5.113863895859278585e-01,-2.222601696462729409e-07,4.999989200625954311e+00,3.137247288692210478e+00
2.734008981599922450e-03,5.100866417693332711e-01,3.504860788122382872e-07,4.999984846916970760e+00,3.137248802761608335e+00
2.735008981599922583e-03,5.088654523248443695e-01,-2.068601706298997259e-07,4.999990624369858416e+00,3.137251428213523319e+00
2.736008981599922715e-03,5.077228694629301042e-01,3.355446325684809941e-07,4.999986534494225587e+00,3.137252944508961860e+00
2.737008981599922848e-03,5.066589382908044392e-01,-1.923114853120637392e-07,4.999992056119036299e+00,3.137255567932533573e+00
2.738008981599922981e-03,5.056737008106484410e-01,3.214244522252465271e-07,4.999988216417434295e+00,3.137257086697339492e+00
2.739008981599923113e-03,5.047671959179502732e-01,-1.785601805119421042e-07,4.999993495424440049e+00,3.137259707798821573e+00
2.740008981599923246e-03,5.039394593999722005e-01,3.080746016190186586e-07,4.999989892931814062e+00,3.137261229200054569e+00
2.741008981599923379e-03,5.031905239343335001e-01,-1.655617183439587650e-07,4.999994941741766397e+00,3.137263847771717185e+00
2.742008981599923512e-03,5.025204190877250454e-01,2.954524398406911804e-07,4.999991564202148631e+00,3.137265372045783707e+00
2.743008981599923644e-03,5.019291713147375766e-01,-1.532710280894016728e-07,4.999996394656656129e+00,3.137267987834039928e+00
2.744008981599923777e-03,5.014168039568214219e-01,2.835125701156396189e-07,4.999993230385553211e+00,3.137269515116054119e+00
2.745008981599923910e-03,5.009833372413625696e-01,-1.416479453363724646e-07,4.999997853643573187e+00,3.137272127969547242e+00
2.746008981599924043e-03,5.006287882808848622e-01,2.722176745349557460e-07,4.999994891603705582e+00,3.137273658414347022e+00
2.747008981599924175e-03,5.003531710723738701e-01,-1.306529852561557836e-07,4.999999318309019003e+00,3.137276268125360978e+00
2.748008981599924308e-03,5.001564964967251115e-01,2.615291339686150158e-07,4.999996548007429098e+00,3.137277801918152864e+00
2.749008981599924441e-03,5.000387723183141730e-01,-1.202514494895961047e-07,5.000000788192410894e+00,3.137280408284045752e+00
2.750008981599924573e-03,5.000000031846898452e-01,2.514143562349630467e-07,4.999998199717129665e+00,3.137281945506554148e+00
2.751008981599924706e-03,5.000401906263913787e-01,-1.104097925198445880e-07,5.000002262921892537e+00,3.137284548360763647e+00
2.752008981599924839e-03,5.001593330568874229e-01,2.418385175482805828e-07,4.999999846804030312e+00,3.137286089170740588e+00
2.753008981599924972e-03,5.003574257726386421e-01,-1.010960787053172140e-07,5.000003742049594635e+00,3.137288688367324330e+00
2.754008981599925104e-03,5.006344609532840106e-01,2.327724762472521410e-07,5.000001489350936801e+00,3.137290232897325115e+00
2.755008981599925237e-03,5.009904276619485675e-01,-9.228033568882020331e-08,5.000005225218178140e+00,3.137292828229221175e+00
2.756008981599925370e-03,5.014253118456766245e-01,2.241877661328600232e-07,5.000003127468331421e+00,3.137294376566044818e+00
2.757008981599925503e-03,5.019390963359848801e-01,-8.393544180483882334e-08,5.000006712079621884e+00,3.137296967981228146e+00
2.758008981599925635e-03,5.025317608495414312e-01,2.160566368636760496e-07,5.000004761209060788e+00,3.137298520118322553e+00
2.759008981599925768e-03,5.032032819889666886e-01,-7.603671441530402865e-08,5.000008202211372321e+00,3.137301107516097698e+00
2.760008981599925901e-03,5.039536332437550836e-01,2.083545962914842126e-07,5.000006390562877101e+00,3.137302663595981311e+00
2.761008981599926033e-03,5.047827849913240073e-01,-6.855760742507091275e-08,5.000009695270595245e+00,3.137305246843124173e+00
2.762008981599926166e-03,5.056907044981824306e-01,2.010599113188289948e-07,5.000008015665802219e+00,3.137306806884369248e+00
2.763008981599926299e-03,5.066773559212234268e-01,-6.147759268041622490e-08,5.000011190973635777e+00,3.137309385871842160e+00
2.764008981599926432e-03,5.077427003091370405e-01,1.941459462589275292e-07,5.000009636446943517e+00,3.137310950012746513e+00
2.765008981599926564e-03,5.088866956039521661e-01,-5.477086086938229167e-08,5.000012688939008854e+00,3.137313524604412596e+00
2.766008981599926697e-03,5.101092966426923336e-01,1.875942731897352113e-07,5.000011253010863577e+00,3.137315092806991057e+00
2.767008981599926830e-03,5.114104551591622805e-01,-4.842120888098251821e-08,5.000014188853111108e+00,3.137317663000136037e+00
2.768008981599926963e-03,5.127901197858526494e-01,1.813857005983289108e-07,5.000012865327169820e+00,3.137319235376097915e+00
2.769008981599927095e-03,5.142482360559645915e-01,-4.240859810276106143e-08,5.000015690394314483e+00,3.137321801022931567e+00
2.770008981599927228e-03,5.157847464055664854e-01,1.755011641942232953e-07,5.000014473393952663e+00,3.137323377569605665e+00
2.771008981599927361e-03,5.173995901758587923e-01,-3.671352540289136482e-08,5.000017193283282424e+00,3.137325938638908074e+00
2.772008981599927493e-03,5.190927036155752461e-01,1.699226230781935169e-07,5.000016077239282097e+00,3.137327519400403109e+00
2.773008981599927626e-03,5.208640198834961765e-01,-3.131912460528575765e-08,5.000018697246466637e+00,3.137330075843275612e+00
2.774008981599927759e-03,5.227134690510897297e-01,1.646310765601836230e-07,5.000017676800498911e+00,3.137331660885955387e+00
2.775008981599927892e-03,5.246409781052674415e-01,-2.620991347515585364e-08,5.000020201889970650e+00,3.137334212645058074e+00
2.776008981599928024e-03,5.266464709512730380e-01,1.596165825785803186e-07,5.000019272103928714e+00,3.137335801874550523e+00
2.777008981599928157e-03,5.287298684156840345e-01,-2.137058491575930767e-08,5.000021707069371324e+00,3.137338348924517462e+00
2.778008981599928290e-03,5.308910882495339045e-01,1.548577141605083934e-07,5.000020863073121546e+00,3.137339942478863719e+00
2.779008981599928423e-03,5.331300451315663658e-01,-1.678575349586036278e-08,5.000023212389026028e+00,3.137342484680516908e+00
2.780008981599928555e-03,5.354466506715949148e-01,1.503456595220969959e-07,5.000022449713023676e+00,3.137344082571269954e+00
2.781008981599928688e-03,5.378408134140009178e-01,-1.244424566318249140e-08,5.000024717630987325e+00,3.137346619971035810e+00
2.782008981599928821e-03,5.403124388413387269e-01,1.460655446902323713e-07,5.000024031950876413e+00,3.137348222121188801e+00
2.783008981599928953e-03,5.428614293780698041e-01,-8.331261947466609070e-09,5.000026222526531505e+00,3.137350754717119994e+00
2.784008981599929086e-03,5.454876843944096443e-01,1.420055019477352891e-07,5.000025609782026592e+00,3.137352361173951110e+00
2.785008981599929219e-03,5.481911002103101449e-01,-4.435239756188685758e-09,5.000027726854997745e+00,3.137354888913056694e+00
2.786008981599929352e-03,5.509715700995405641e-01,1.381512675999382626e-07,5.000027183115199669e+00,3.137356499698237489e+00
2.787008981599929484e-03,5.538289842939121410e-01,-7.440696201550086411e-10,5.000029230307750261e+00,3.137359022564956579e+00
2.788008981599929617e-03,5.567632299876070778e-01,1.344958531871995074e-07,5.000028751957217743e+00,3.137360637685350451e+00
2.789008981599929750e-03,5.597741913416260928e-01,2.749900012091666830e-09,5.000030732674589196e+00,3.137363155703997375e+00
2.790008981599929883e-03,5.628617494883740857e-01,1.310257541693694846e-07,5.000030316155760879e+00,3.137364775100702108e+00
2.791008981599930015e-03,5.660257825363386175e-01,6.060693454409133588e-09,5.000032233682987659e+00,3.137367288273010590e+00
2.792008981599930148e-03,5.692661655749140515e-01,1.277323520050770641e-07,5.000031875706386408e+00,3.137368912004345756e+00
2.793008981599930281e-03,5.725827706793269467e-01,9.195790950235684062e-09,5.000033733118299573e+00,3.137371420319274407e+00
2.794008981599930413e-03,5.759754669156884610e-01,1.246044458774121758e-07,5.000033430477941465e+00,3.137373048366312034e+00
2.795008981599930546e-03,5.794441203461564438e-01,1.216622763092280152e-08,5.000035230712968293e+00,3.137375551825835718e+00
2.796008981599930679e-03,5.829885940342347528e-01,1.216365795219587493e-07,5.000034980483697211e+00,3.137377184205343728e+00
2.797008981599930812e-03,5.866087480501713802e-01,1.497771507776941882e-08,5.000036726297009793e+00,3.137379682824341653e+00
2.798008981599930944e-03,5.903044394764864755e-01,1.188174042185791492e-07,5.000036525578062552e+00,3.137381319507230870e+00
2.799008981599931077e-03,5.940755224136085033e-01,1.764092298385153942e-08,5.000038219602277678e+00,3.137383813373793462e+00
2.800008981599931210e-03,5.979218479856382995e-01,1.161406956569173680e-07,5.000038065721117420e+00,3.137385454368249782e+00
2.801008981599931343e-03,6.018432643462299225e-01,2.016263126358244698e-08,5.000039710451817498e+00,3.137387943429088111e+00
2.802008981599931475e-03,6.058396166845803066e-01,1.135966772078150347e-07,5.000039600792321792e+00,3.137389588782418137e+00
2.803008981599931608e-03,6.099107472315443701e-01,2.254951818970219234e-08,5.000041198542679588e+00,3.137392073085094157e+00
2.804008981599931741e-03,6.140564952658540410e-01,1.111812536017617718e-07,5.000041130690678237e+00,3.137393722756514070e+00
2.805008981599931873e-03,6.182766971204805007e-01,2.480995596643951339e-08,5.000042683733733284e+00,3.137396202375860810e+00
2.806008981599932006e-03,6.225711861890761423e-01,1.088857457934532044e-07,5.000042655364061339e+00,3.137397856393492557e+00
2.807008981599932139e-03,6.269397929325677410e-01,2.694969720947562114e-08,5.000044165804918173e+00,3.137400331332651060e+00
2.808008981599932272e-03,6.313823448858415510e-01,1.067040670228904883e-07,5.000044174704698641e+00,3.137401989687201631e+00
2.809008981599932404e-03,6.358986666645560781e-01,2.897471005857214955e-08,5.000045644533819278e+00,3.137404460003766715e+00
2.810008981599932537e-03,6.404885799720581030e-01,1.046304318195627486e-07,5.000045688599645821e+00,3.137406122725887592e+00
2.811008981599932670e-03,6.451519036064239376e-01,3.089198579670745891e-08,5.000047119736466428e+00,3.137408588510693708e+00
2.812008981599932803e-03,6.498884534676319102e-01,1.026585865947910487e-07,5.000047196972571939e+00,3.137410255620749044e+00
2.813008981599932935e-03,6.546980425647961344e-01,3.270444582303060024e-08,5.000048591154136801e+00,3.137412716941153423e+00
2.814008981599933068e-03,6.595804810235794680e-01,1.007855446009004990e-07,5.000048699690466059e+00,3.137414388374414109e+00
2.815008981599933201e-03,6.645355760936664247e-01,3.441912719487572153e-08,5.000050058642059092e+00,3.137416845286022937e+00
2.816008981599933333e-03,6.695631321563906280e-01,9.900274648396788656e-08,5.000050196632102484e+00,3.137418521097853130e+00
2.817008981599933466e-03,6.746629507324473085e-01,3.604348330899198009e-08,5.000051522008316596e+00,3.137420973699288407e+00
2.818008981599933599e-03,6.798348304897345873e-01,9.730575153070967892e-08,5.000051687743062523e+00,3.137422653964449637e+00
2.819008981599933732e-03,6.850785672512891278e-01,3.757922351894809260e-08,5.000052981033769939e+00,3.137425102313945224e+00
2.820008981599933864e-03,6.903939540033683375e-01,9.569265414908674306e-08,5.000053172915579047e+00,3.137426787006858842e+00
2.821008981599933997e-03,6.957807809035985169e-01,3.902828879996231023e-08,5.000054435499396099e+00,3.137429231175638655e+00
2.822008981599934130e-03,7.012388352892806598e-01,9.415860576084422087e-08,5.000054651959843888e+00,3.137430920371165666e+00
2.823008981599934263e-03,7.067679016857761898e-01,4.039927227023574771e-08,5.000055885249429011e+00,3.137433360471364452e+00
2.824008981599934395e-03,7.123677618150048296e-01,9.269758485343785343e-08,5.000056124810990710e+00,3.137435054128735246e+00
2.825008981599934528e-03,7.180381946040836905e-01,4.169675877903026535e-08,5.000057330134097811e+00,3.137437490289612718e+00
2.826008981599934661e-03,7.237789761940256472e-01,9.130439357811282871e-08,5.000057591358438636e+00,3.137439188564290493e+00
2.827008981599934793e-03,7.295898799486166819e-01,4.292207649424287426e-08,5.000058769887126608e+00,3.137441620855392799e+00
2.828008981599934926e-03,7.354706764633160976e-01,8.997894334118061574e-08,5.000059051469746052e+00,3.137443323701363695e+00
2.829008981599935059e-03,7.414211335743541298e-01,4.407877803004479718e-08,5.000060204360424976e+00,3.137445752301729840e+00
2.830008981599935192e-03,7.474410163678659735e-01,8.871642971266172455e-08,5.000060505022495327e+00,3.137447459804555194e+00
2.831008981599935324e-03,7.535300871891901231e-01,4.517067132626953314e-08,5.000061633361513991e+00,3.137449884786204457e+00
2.832008981599935457e-03,7.596881056522397646e-01,8.751455458866719558e-08,5.000061951923042258e+00,3.137451597015786575e+00
2.833008981599935590e-03,7.659148286489836366e-01,4.620058195039128902e-08,5.000063056739621814e+00,3.137454018513193166e+00
2.834008981599935723e-03,7.722100103590667786e-01,8.636760138401652620e-08,5.000063392000476448e+00,3.137455735529357970e+00
2.835008981599935855e-03,7.785734022594867909e-01,4.717255164187557939e-08,5.000064474255120572e+00,3.137458153715009246e+00
2.836008981599935988e-03,7.850047531344312990e-01,8.527629691968419776e-08,5.000064825187603645e+00,3.137459875583708868e+00
2.837008981599936121e-03,7.915038090851798103e-01,4.808792791597851758e-08,5.000065885799569898e+00,3.137462290624706718e+00
2.838008981599936253e-03,7.980703135401354675e-01,8.423412189632482585e-08,5.000066251305546494e+00,3.137464017417575857e+00
2.839008981599936386e-03,8.047040072649382925e-01,4.895226094916034898e-08,5.000067291165031236e+00,3.137466429490515463e+00
2.840008981599936519e-03,8.114046283727263109e-01,8.323887488115634581e-08,5.000067670246415297e+00,3.137468161331355976e+00
2.841008981599936652e-03,8.181719123344441957e-01,4.976774642539490596e-08,5.000068690192634335e+00,3.137470570544151904e+00
2.842008981599936784e-03,8.250055919893120038e-01,8.228802633973658088e-08,5.000069081895949452e+00,3.137472307564625584e+00
2.843008981599936917e-03,8.319053975553623026e-01,5.053536155337935126e-08,5.000070082681084216e+00,3.137474714063319681e+00
2.844008981599937050e-03,8.388710566400776614e-01,8.137997145297459092e-08,5.000070486092642597e+00,3.137476456349825860e+00
2.845008981599937183e-03,8.459022942511686960e-01,5.125831185117308351e-08,5.000071468463121782e+00,3.137478860390278790e+00
2.846008981599937315e-03,8.529988328074136206e-01,8.051324223014932596e-08,5.000071882750585672e+00,3.137480608028777596e+00
2.847008981599937448e-03,8.601603921496256966e-01,5.193713841633491284e-08,5.000072847375028218e+00,3.137483009822500168e+00
2.848008981599937581e-03,8.673866895516966213e-01,7.968503706231554265e-08,5.000073271700878230e+00,3.137484763029872337e+00
2.849008981599937713e-03,8.746774397317862437e-01,5.257417564833864286e-08,5.000074219204548420e+00,3.137487162811295249e+00
2.850008981599937846e-03,8.820323548635533584e-01,7.889431855394642547e-08,5.000074652804720188e+00,3.137488921607024306e+00
2.851008981599937979e-03,8.894511445875459277e-01,5.317362545948055268e-08,5.000075583852955141e+00,3.137491319611943386e+00
2.852008981599938112e-03,8.969335160226530324e-01,7.813688881827715561e-08,5.000076025968963833e+00,3.137493084208718308e+00
2.853008981599938244e-03,9.044791737776540774e-01,5.373679186502780115e-08,5.000076941141553100e+00,3.137495480636365741e+00
2.854008981599938377e-03,9.120878199629094407e-01,7.741112407629742309e-08,5.000077391046328756e+00,3.137497251230462858e+00
2.855008981599938510e-03,9.197591542020870925e-01,5.426394619394793779e-08,5.000078290849109486e+00,3.137499646375820905e+00
2.856008981599938643e-03,9.274928736440510857e-01,7.671851591626481581e-08,5.000078747915694066e+00,3.137501423086579866e+00
2.857008981599938775e-03,9.352886729748002281e-01,5.475670404557590823e-08,5.000079632870574109e+00,3.137503817215755664e+00
2.858008981599938908e-03,9.431462444295297676e-01,7.605323679553738924e-08,5.000080096385394413e+00,3.137505600378049042e+00
2.859008981599939041e-03,9.510652778047641309e-01,5.521968182091606444e-08,5.000080967003149190e+00,3.137507993721210475e+00
2.860008981599939173e-03,9.590454604706344366e-01,7.541514426653111635e-08,5.000081436367842080e+00,3.137509783425672438e+00
2.861008981599939306e-03,9.670864773831793215e-01,5.565086368295216928e-08,5.000082293054854965e+00,3.137512176331291425e+00
2.862008981599939439e-03,9.751880110968380588e-01,7.480409208211164081e-08,5.000082767682515694e+00,3.137513972861010636e+00
2.863008981599939572e-03,9.833497417769223592e-01,5.605517593046397951e-08,5.000083610934107803e+00,3.137516365663972184e+00
2.864008981599939704e-03,9.915713472122753558e-01,7.421720773232352883e-08,5.000084090274778958e+00,3.137518169275975044e+00
2.865008981599939837e-03,9.998525028279969806e-01,5.643025114772567638e-08,5.000084920435909019e+00,3.137520562312842376e+00
2.866008981599939970e-03,1.008192881698243060e+00,7.365309299278129177e-08,5.000085403908521187e+00,3.137522373238234685e+00
2.867008981599940103e-03,1.016592154559141425e+00,5.678009263771949809e-08,5.000086221371711659e+00,3.137524766847048507e+00
2.868008981599940235e-03,1.025049989821771979e+00,7.311197961706035522e-08,5.000086708501242150e+00,3.137526585467668383e+00
2.869008981599940368e-03,1.033566053585290190e+00,5.710510044527312328e-08,5.000087513636291447e+00,3.137528980013440716e+00
2.870008981599940501e-03,1.042140009650071031e+00,7.259150512523646508e-08,5.000088003925095670e+00,3.137530806559498675e+00
2.871008981599940633e-03,1.050771519531014775e+00,5.740546895964540897e-08,5.000088797033158450e+00,3.137533202468318461e+00
2.872008981599940766e-03,1.059460242470890767e+00,7.209066965182669757e-08,5.000089289995739428e+00,3.137535037274643557e+00
2.873008981599940899e-03,1.068205835453799768e+00,5.768333991182800969e-08,5.000090071389566404e+00,3.137537435020092413e+00
2.874008981599941032e-03,1.077007953218700909e+00,7.160913625818303388e-08,5.000090566597172881e+00,3.137539278475755644e+00
2.875008981599941164e-03,1.085866248273051449e+00,5.794072647639330723e-08,5.000091336605339443e+00,3.137541678480767260e+00
2.876008981599941297e-03,1.094780370906535127e+00,7.114262145362024176e-08,5.000091833571501887e+00,3.137543530962077831e+00
2.877008981599941430e-03,1.103749969204854020e+00,5.817815423446526712e-08,5.000092592444580042e+00,3.137545933674896315e+00
2.878008981599941563e-03,1.112774689063630973e+00,7.069428407201501462e-08,5.000093090808326757e+00,3.137547795641310255e+00
2.879008981599941695e-03,1.121854174202368215e+00,5.839476343004398911e-08,5.000093838788565392e+00,3.137550201577039122e+00
2.880008981599941828e-03,1.130988066178544527e+00,7.026221998317661683e-08,5.000094338153124873e+00,3.137552073395884822e+00
2.881008981599941961e-03,1.140176004401744159e+00,5.859296364624584390e-08,5.000095075493500296e+00,3.137554483126342664e+00
2.882008981599942093e-03,1.149417626147903659e+00,6.984330057376168406e-08,5.000095575438816553e+00,3.137556365306017003e+00
2.883008981599942226e-03,1.158712566573609992e+00,5.877417206698366588e-08,5.000096302358428169e+00,3.137558779407527254e+00
2.884008981599942359e-03,1.168060458730541429e+00,6.943897779547901473e-08,5.000096802551336594e+00,3.137560672475639301e+00
2.885008981599942492e-03,1.177460933579911107e+00,5.893800702133764039e-08,5.000097519253948519e+00,3.137563091511607283e+00
2.886008981599942624e-03,1.186913620007073566e+00,6.904855138246606498e-08,5.000098019362015478e+00,3.137564996038696652e+00
2.887008981599942757e-03,1.196418144836159492e+00,5.908483803969003557e-08,5.000098726028205043e+00,3.137567420636831361e+00
2.888008981599942890e-03,1.205974132844792157e+00,6.866969339709710925e-08,5.000099225683423576e+00,3.137569337177521511e+00
2.889008981599943023e-03,1.215581206778938439e+00,5.921711301164096546e-08,5.000099922502222682e+00,3.137571768096467206e+00
2.890008981599943155e-03,1.225238987367758270e+00,6.830204333497529469e-08,5.000100421384922278e+00,3.137573697261627714e+00
2.891008981599943288e-03,1.234947093338616630e+00,5.933489985060149623e-08,5.000101108521400661e+00,3.137576135215322637e+00
2.892008981599943421e-03,1.244705141432112194e+00,6.794615628244812765e-08,5.000101606349405259e+00,3.137578077696054457e+00
2.893008981599943553e-03,1.254512746417220548e+00,5.943793485907789943e-08,5.000102283949225068e+00,3.137580523451200865e+00
2.894008981599943686e-03,1.264369521106484706e+00,6.759990197176919756e-08,5.000102780398074209e+00,3.137582479970054461e+00
2.895008981599943819e-03,1.274275076371306215e+00,5.952834496358979530e-08,5.000103448614573232e+00,3.137584934319301855e+00
2.896008981599943952e-03,1.284229021157346384e+00,6.726305471838256123e-08,5.000103943402870676e+00,3.137586905696978956e+00
2.897008981599944084e-03,1.294230962499892446e+00,5.960606656695712154e-08,5.000104602365282425e+00,3.137589369540282558e+00
2.898008981599944217e-03,1.304280505539437307e+00,6.693479771358031400e-08,5.000105095206288652e+00,3.137591356583345981e+00
2.899008981599944350e-03,1.314377253537218238e+00,5.967118891399019943e-08,5.000105745016997005e+00,3.137593830845954113e+00
2.900008981599944483e-03,1.324520807890918084e+00,6.661690737778411960e-08,5.000106235692646450e+00,3.137595834433311914e+00
2.901008981599944615e-03,1.334710768150379590e+00,5.972410870270138581e-08,5.000106876475383544e+00,3.137598320152822584e+00
2.902008981599944748e-03,1.344946732033425629e+00,6.630687066705331306e-08,5.000107364721228187e+00,3.137600341248078628e+00
2.903008981599944881e-03,1.355228295441717190e+00,5.976565498149986058e-08,5.000107996566751645e+00,3.137602839511584918e+00
2.904008981599945013e-03,1.365555052476747466e+00,6.600220739147817451e-08,5.000108482074482552e+00,3.137604879122280810e+00
2.905008981599945146e-03,1.375926595455819079e+00,5.979897665070930240e-08,5.000109105111858909e+00,3.137607391041488558e+00
2.906008981599945279e-03,1.386342514928180281e+00,6.570481077307239013e-08,5.000109587688498891e+00,3.137609450295416824e+00
2.907008981599945412e-03,1.396802399691171148e+00,5.982011472214351661e-08,5.000110201950512590e+00,3.137611977133189622e+00
2.908008981599945544e-03,1.407305836806439281e+00,6.541530667033745935e-08,5.000110681374139610e+00,3.137614057240066145e+00
2.909008981599945677e-03,1.417852411616284058e+00,5.983108178666077077e-08,5.000111286945472244e+00,3.137616600264325761e+00
2.910008981599945810e-03,1.428441707759972923e+00,6.513174699822537258e-08,5.000111762984674968e+00,3.137618702490566402e+00
2.911008981599945943e-03,1.439073307190249729e+00,5.983217218973273776e-08,5.000112359914446358e+00,3.137621263122027049e+00
2.912008981599946075e-03,1.449746790189755385e+00,6.485555296326950314e-08,5.000112832396431450e+00,3.137623388884523745e+00
2.913008981599946208e-03,1.460461735387668547e+00,5.982495039865583027e-08,5.000113420785573304e+00,3.137625968644993879e+00
2.914008981599946341e-03,1.471217719776288124e+00,6.458236339013415950e-08,5.000113889448994264e+00,3.137628119400441395e+00
2.915008981599946473e-03,1.482014318727773450e+00,5.980900205306702150e-08,5.000114469311051302e+00,3.137630719959703107e+00
2.916008981599946606e-03,1.492851106010890883e+00,6.431519300906149478e-08,5.000114933985475574e+00,3.137632897286567246e+00
2.917008981599946739e-03,1.503727653807821696e+00,5.978504851869970110e-08,5.000115505387951131e+00,3.137635520352104024e+00
2.918008981599946872e-03,1.514643532731095199e+00,6.405254980994849790e-08,5.000115965881975377e+00,3.137637726070770849e+00
2.919008981599947004e-03,1.525598311840489441e+00,5.975277610368771232e-08,5.000116528851863862e+00,3.137640373530596438e+00
2.920008981599947137e-03,1.536591558660089341e+00,6.379337101157519825e-08,5.000116984947870158e+00,3.137642609504311064e+00
2.921008981599947270e-03,1.547622839195333722e+00,5.971299418156101410e-08,5.000117539508957876e+00,3.137645283373581506e+00
2.922008981599947403e-03,1.558691717950162481e+00,6.353995283539195818e-08,5.000117991077236645e+00,3.137647551656734368e+00
2.923008981599947535e-03,1.569797757944181971e+00,5.966515535870956430e-08,5.000118537262236984e+00,3.137650254196632904e+00
2.924008981599947668e-03,1.580940520729962939e+00,6.329102752840259092e-08,5.000118984139202638e+00,3.137652557013118848e+00
2.925008981599947801e-03,1.592119566410290954e+00,5.961010711844810145e-08,5.000119521974973225e+00,3.137655290515778628e+00
2.926008981599947933e-03,1.603334453655609337e+00,6.304201313119928618e-08,5.000119963891103581e+00,3.137657630230674677e+00
2.927008981599948066e-03,1.614584739721360185e+00,5.955101741951633123e-08,5.000120493417720802e+00,3.137660397395631851e+00
2.928008981599948199e-03,1.625869980465506792e+00,6.279837937500271711e-08,5.000120930309794431e+00,3.137662776597574421e+00
2.929008981599948332e-03,1.637189730366074070e+00,5.948164160151926717e-08,5.000121451466972289e+00,3.137665580186351999e+00
2.930008981599948464e-03,1.648543542538718931e+00,6.255813220391745048e-08,5.000121883131416922e+00,3.137668001813955332e+00
2.931008981599948597e-03,1.659930968754383729e+00,5.940824877022929815e-08,5.000122395995612479e+00,3.137670844903776679e+00
2.932008981599948730e-03,1.671351559456967006e+00,6.231971562520864038e-08,5.000122822286700242e+00,3.137673312029731765e+00
2.933008981599948863e-03,1.682804863781116378e+00,5.932850618142999989e-08,5.000123326839034377e+00,3.137676197922361965e+00
2.934008981599948995e-03,1.694290429569974554e+00,6.208228812508688632e-08,5.000123747559085174e+00,3.137678713965458055e+00
2.935008981599949128e-03,1.705807803393077693e+00,5.924376430758166646e-08,5.000124243799406898e+00,3.137681646289717907e+00
2.936008981599949261e-03,1.717356530564228212e+00,6.184880113218757089e-08,5.000124658859908422e+00,3.137684214981489639e+00
2.937008981599949393e-03,1.728936155159457977e+00,5.915234713563398359e-08,5.000125146780953322e+00,3.137687197760870017e+00
2.938008981599949526e-03,1.740546220035009473e+00,6.161653708298894282e-08,5.000125555997692928e+00,3.137689823207043816e+00
2.939008981599949659e-03,1.752186266845394247e+00,5.905632870979900002e-08,5.000126035600160890e+00,3.137692860837735243e+00
2.940008981599949792e-03,1.763855836061501758e+00,6.138646078557964049e-08,5.000126438855259536e+00,3.137695547466177626e+00
2.941008981599949924e-03,1.775554466988721103e+00,5.895460937114963966e-08,5.000126910118400048e+00,3.137698644751403698e+00
2.942008981599950057e-03,1.787281697785140455e+00,6.115815469800499136e-08,5.000127307269744747e+00,3.137701397627011168e+00
2.943008981599950190e-03,1.799037065479755837e+00,5.884649693920679028e-08,5.000127770143195427e+00,3.137704559819788130e+00
2.944008981599950323e-03,1.810820105990791795e+00,6.093341371179343984e-08,5.000128161095457102e+00,3.137707384415271417e+00
2.945008981599950455e-03,1.822630354143965015e+00,5.873323501541940038e-08,5.000128615581981073e+00,3.137710617430172988e+00
2.946008981599950588e-03,1.834467343690927121e+00,6.070771427081780580e-08,5.000129000138497481e+00,3.137713519811520246e+00
2.947008981599950721e-03,1.846330607327579365e+00,5.861684872071698772e-08,5.000129446224401697e+00,3.137716830167580184e+00
2.948008981599950853e-03,1.858219676712599799e+00,6.048170405103078054e-08,5.000129824239591514e+00,3.137719817186352067e+00
2.949008981599950986e-03,1.870134082485872984e+00,5.849682091522580281e-08,5.000130261905288975e+00,3.137723212094260195e+00
2.950008981599951119e-03,1.882073354287066236e+00,6.025801539558116570e-08,5.000130633303711214e+00,3.137726291205966245e+00
2.951008981599951252e-03,1.894037020774179236e+00,5.836908678315174635e-08,5.000131062449974628e+00,3.137729778762256672e+00
2.952008981599951384e-03,1.906024609642130496e+00,6.003472145114373862e-08,5.000131427045355181e+00,3.137732958556280316e+00
2.953008981599951517e-03,1.918035647641451069e+00,5.823757992563031555e-08,5.000131847647835137e+00,3.137736547841964541e+00
2.954008981599951650e-03,1.930069660596913428e+00,5.981106063072705470e-08,5.000132205297846077e+00,3.137739837823048106e+00
2.955008981599951783e-03,1.942126173426298230e+00,5.809738567049582369e-08,5.000132617179113836e+00,3.137743539126409686e+00
2.956008981599951915e-03,1.954204710159123337e+00,5.958112754959938592e-08,5.000132967502278092e+00,3.137746950130113621e+00
2.957008981599952048e-03,1.966304793955447217e+00,5.794766192447143060e-08,5.000133370366416585e+00,3.137750775177729157e+00
2.958008981599952181e-03,1.978425947124665907e+00,5.934113816692310153e-08,5.000133712866833946e+00,3.137754319872973596e+00
2.959008981599952313e-03,1.990567691144421225e+00,5.777388847294084850e-08,5.000134105948537133e+00,3.137758282429908174e+00
2.960008981599952446e-03,2.002729546679435479e+00,5.907119100531575844e-08,5.000134439348398629e+00,3.137761975673115877e+00
2.961008981599952579e-03,2.014911033600483847e+00,5.754629927769383306e-08,5.000134820732029084e+00,3.137766092418337927e+00
2.962008981599952712e-03,2.027111671003326787e+00,5.872060215787263350e-08,5.000135141873303546e+00,3.137769952960516751e+00
2.963008981599952844e-03,2.039330977227677089e+00,5.718896697013048443e-08,5.000135506725585266e+00,3.137774245659405548e+00
2.964008981599952977e-03,2.051568469876254852e+00,5.816444288773075536e-08,5.000135807768923080e+00,3.137778299385886704e+00
2.965008981599953110e-03,2.063823665833804277e+00,5.649632546212821856e-08,5.000136143544467338e+00,3.137782800154703011e+00
2.966008981599953243e-03,2.076096081286179729e+00,5.707610818010404883e-08,5.000136404294307724e+00,3.137787088174738948e+00
2.967008981599953375e-03,2.088385231739419368e+00,5.493725948826133354e-08,5.000136678469109697e+00,3.137791852284444793e+00
2.968008981599953508e-03,2.100690632038919592e+00,5.460066694585168847e-08,5.000136846499266596e+00,3.137796451577251400e+00
2.969008981599953641e-03,2.113011796388533092e+00,5.113797430725405746e-08,5.000136974717301896e+00,3.137801590407769847e+00
2.970008981599953773e-03,2.125348238369794807e+00,4.850648384618715457e-08,5.000136913645735426e+00,3.137806666752883444e+00
2.971008981599953906e-03,2.137699470961106130e+00,4.148857017772474785e-08,5.000136675600128200e+00,3.137812433244542287e+00
2.972008981599954039e-03,2.150065006556939107e+00,3.296482190209098572e-08,5.000136029429895324e+00,3.137818378991533930e+00
2.973008981599954172e-03,2.162444356987135663e+00,1.656025760054792124e-08,5.000134849711091789e+00,3.137825389927979547e+00
2.974008981599954304e-03,2.174837033536123343e+00,-7.295488763745576652e-09,5.000132687498583195e+00,3.137833183499057377e+00
2.975008981599954437e-03,2.187242546962258949e+00,-4.837806113886305228e-08,5.000129059564512701e+00,3.137843001860177061e+00
2.976008981599954570e-03,2.199660407517114002e+00,-1.123322037394505364e-07,5.000122942245203816e+00,3.137855150687951067e+00
2.977008981599954703e-03,2.212090124964823712e+00,-2.182428750772261650e-07,5.000112915849773465e+00,3.137871813061134940e+00
2.978008981599954835e-03,2.224531208601411958e+00,-3.873740616029110321e-07,5.000096443411881530e+00,3.137894829812351460e+00
2.979008981599954968e-03,2.236983167274206430e+00,-6.636662789959878842e-07,5.000069646034547510e+00,3.137928861729733843e+00
2.980008981599955101e-03,2.249445509401207133e+00,-1.109163483579900880e-06,5.000026002963236849e+00,3.137979769514608552e+00
2.981008981599955233e-03,2.261917742990471325e+00,-1.833588309937511898e-06,4.999955166717549027e+00,3.138058496053198532e+00
2.982008981599955366e-03,2.274399375659587275e+00,-3.006090516366798948e-06,4.999840126477137936e+00,3.138181410706690766e+00
2.983008981599955499e-03,2.286889914655055200e+00,-4.909858476923429315e-06,4.999653508608133734e+00,3.138376888992615132e+00
2.984008981599955632e-03,2.299388866871789450e+00,-7.995578345242277527e-06,4.999350688123977093e+00,3.138689181287091845e+00
2.985008981599955764e-03,2.311895738872558503e+00,-1.300244516040132224e-05,4.998859505734627007e+00,3.139191827505888543e+00
2.986008981599955897e-03,2.324410036907477828e+00,-2.111863790436063103e-05,4.998062785002638009e+00,3.140002267810547920e+00
2.987008981599956030e-03,2.336931266933474749e+00,-3.427330260563830980e-05,4.996770979735149609e+00,3.141312434763771755e+00
2.988008981599956163e-03,2.349458934633841700e+00,-5.556417176727193363e-05,4.994677506302616088e+00,3.143430810824846766e+00
2.989008981599956295e-03,2.361992545437694879e+00,-8.996428325944555687e-05,4.991288434254535389e+00,3.146856294722652603e+00
2.990008981599956428e-03,2.374531604539547480e+00,-1.453557033787594591e-04,4.985811534354858132e+00,3.152387075950071171e+00
2.991008981599956561e-03,2.387075616918823417e+00,-2.340795967248799237e-04,4.976986818127639545e+00,3.161294310632325910e+00
2.992008981599956693e-03,2.399624087359379043e+00,-3.749330376250479169e-04,4.962836923937889111e+00,3.175570400553858530e+00
2.993008981599956826e-03,2.412176520469101693e+00,-5.953933114993595604e-04,4.940326357554811310e+00,3.198274288980534230e+00
2.994008981599956959e-03,2.424732420699403868e+00,-9.325655973232232186e-04,4.904962056655505442e+00,3.233928122252296866e+00
2.995008981599957092e-03,2.437291292364872852e+00,-1.429593834000893139e-03,4.850484807529952036e+00,3.288824579886392208e+00
2.996008981599957224e-03,2.449852639662736919e+00,-2.120033294200199692e-03,4.769044934128959135e+00,3.370835036912311011e+00
2.997008981599957357e-03,2.462415966692528713e+00,-2.957259562498476026e-03,4.652595535231382584e+00,3.488031410026649404e+00
2.998008981599957490e-03,2.474980777475594085e+00,6.125854794044485567e-03,4.496284369995859009e+00,3.645404221036740111e+00
2.999008981599957623e-03,2.487546575974724838e+00,1.165812672851618492e+00,4.321127182051953675e+00,3.840242082479007557e+00
3.000000000000000062e-03,2.499999999999998668e+00,4.665239552178814364e+00,4.158010344800241676e+00,4.056743932760736193e+00
