time,v(v_in),v(out)
0.000000000000000000e+00,2.300000000000000266e+00,5.012508774712080385e-08
5.000000000000000105e-09,2.300000000000000266e+00,5.312867988260156708e-08
1.000000000000000021e-08,2.300000000000000266e+00,5.053150089107431108e-08
1.500000000000000197e-08,2.300000000000000266e+00,4.895407306738603328e-08
2.000000000000000042e-08,2.300000000000000266e+00,4.848471493680479635e-08
2.499999999999999887e-08,2.300000000000000266e+00,4.852078247146650403e-08
2.999999999999999732e-08,2.300000000000000266e+00,4.873733568400856495e-08
3.499999999999999577e-08,2.300000000000000266e+00,4.899147445505991173e-08
3.999999999999999422e-08,2.300000000000000266e+00,4.922749602413401409e-08
4.499999999999999267e-08,2.300000000000000266e+00,4.942520693308799442e-08
4.999999999999999112e-08,2.300000000000000266e+00,4.958393171122482328e-08
5.499999999999998957e-08,2.300000000000000266e+00,4.970701950376518150e-08
5.999999999999999464e-08,2.300000000000000266e+00,4.980151758072533179e-08
6.499999999999999971e-08,2.300000000000000266e+00,4.987280117967605535e-08
7.000000000000000477e-08,2.300000000000000266e+00,4.992677662804508809e-08
7.500000000000000984e-08,2.300000000000000266e+00,4.996718837755108632e-08
8.000000000000001491e-08,2.300000000000000266e+00,4.999767682196963746e-08
8.500000000000001998e-08,2.300000000000000266e+00,5.002047908273308722e-08
9.000000000000002504e-08,2.300000000000000266e+00,5.003783817871948752e-08
9.500000000000003011e-08,2.300000000000000266e+00,5.005097175483864865e-08
1.000000000000000352e-07,2.300000000000000266e+00,5.006118684138270857e-08
1.050000000000000402e-07,2.300000000000000266e+00,5.006908682520901515e-08
1.100000000000000453e-07,2.300000000000000266e+00,5.007531438579524857e-08
1.150000000000000504e-07,2.300000000000000266e+00,5.008012403700423135e-08
1.200000000000000422e-07,2.300000000000000266e+00,5.008381292483660273e-08
1.250000000000000473e-07,2.300000000000000266e+00,5.008658980466056921e-08
1.300000000000000524e-07,2.300000000000000266e+00,5.008874787900400879e-08
1.350000000000000574e-07,2.300000000000000266e+00,5.009045415926686359e-08
1.400000000000000625e-07,2.300000000000000266e+00,5.009198696225555209e-08
1.450000000000000676e-07,2.300000000000000266e+00,5.009334643007720214e-08
1.500000000000000726e-07,2.300000000000000266e+00,5.009456165916588544e-08
1.550000000000000777e-07,2.300000000000000266e+00,5.009570736234312879e-08
1.600000000000000828e-07,2.300000000000000266e+00,5.009680243985670362e-08
1.650000000000000878e-07,2.300000000000000266e+00,5.009780084899776469e-08
1.700000000000000929e-07,2.300000000000000266e+00,5.009875694574203677e-08
1.750000000000000980e-07,2.300000000000000266e+00,5.009967581041927073e-08
1.800000000000001030e-07,2.300000000000000266e+00,5.010055232717294366e-08
1.850000000000001081e-07,2.300000000000000266e+00,5.010138670916372085e-08
1.900000000000001132e-07,2.300000000000000266e+00,5.010218996969389098e-08
1.950000000000001182e-07,2.300000000000000266e+00,5.010295699290691788e-08
2.000000000000001233e-07,2.300000000000000266e+00,5.010370323295274599e-08
2.050000000000001284e-07,2.300000000000000266e+00,5.010442527926036663e-08
2.100000000000001334e-07,2.300000000000000266e+00,5.010512018310690024e-08
2.150000000000001385e-07,2.300000000000000266e+00,5.010579163927763101e-08
2.200000000000001436e-07,2.300000000000000266e+00,5.010645623877953272e-08
2.250000000000001486e-07,2.300000000000000266e+00,5.010708669704438388e-08
2.300000000000001537e-07,2.300000000000000266e+00,5.010768159300093914e-08
2.350000000000001588e-07,2.300000000000000266e+00,5.010825947162915034e-08
2.400000000000001374e-07,2.300000000000000266e+00,5.010871581313777314e-08
2.450000000000001424e-07,2.300000000000000266e+00,5.010895668471648161e-08
2.500000000000001475e-07,2.300000000000000266e+00,5.010916490718297524e-08
2.550000000000001526e-07,2.300000000000000266e+00,5.010946407821014984e-08
2.600000000000001576e-07,2.300000000000000266e+00,5.010975394122057649e-08
2.650000000000001627e-07,2.300000000000000266e+00,5.011007314935253864e-08
2.700000000000001678e-07,2.300000000000000266e+00,5.011046540054729860e-08
2.750000000000001728e-07,2.300000000000000266e+00,5.011085115034104910e-08
2.800000000000001779e-07,2.300000000000000266e+00,5.011122531840401941e-08
2.850000000000001830e-07,2.300000000000000266e+00,5.011162929343668740e-08
2.900000000000001880e-07,2.300000000000000266e+00,5.011203088817498720e-08
2.950000000000001931e-07,2.300000000000000266e+00,5.011240910629105469e-08
3.000000000000001982e-07,2.300000000000000266e+00,5.011279954561996444e-08
3.050000000000002033e-07,2.300000000000000266e+00,5.011319105075231315e-08
3.100000000000002083e-07,2.300000000000000266e+00,5.011356280299413661e-08
3.150000000000002134e-07,2.300000000000000266e+00,5.011393295653080162e-08
3.200000000000002185e-07,2.300000000000000266e+00,5.011430126267481791e-08
3.250000000000002235e-07,2.300000000000000266e+00,5.011466040290920086e-08
3.300000000000002286e-07,2.300000000000000266e+00,5.011501272200154002e-08
3.350000000000002337e-07,2.300000000000000266e+00,5.011534756191736632e-08
3.400000000000002387e-07,2.300000000000000266e+00,5.011566211604094788e-08
3.450000000000002438e-07,2.300000000000000266e+00,5.011596992007603633e-08
3.500000000000002489e-07,2.300000000000000266e+00,5.011627019243344840e-08
3.550000000000002539e-07,2.300000000000000266e+00,5.011655174217699553e-08
3.600000000000002590e-07,2.300000000000000266e+00,5.011672347863886230e-08
3.650000000000002641e-07,2.300000000000000266e+00,5.011669633617778188e-08
3.700000000000002691e-07,2.300000000000000266e+00,5.011664780659422588e-08
3.750000000000002742e-07,2.300000000000000266e+00,5.011669935595421214e-08
3.800000000000002793e-07,2.300000000000000266e+00,5.011675751329555705e-08
3.850000000000002843e-07,2.300000000000000266e+00,5.011683616958984507e-08
3.900000000000002894e-07,2.300000000000000266e+00,5.011700094280254020e-08
3.950000000000002945e-07,2.300000000000000266e+00,5.011717985567427037e-08
4.000000000000002995e-07,2.300000000000000266e+00,5.011734729339558277e-08
4.050000000000003046e-07,2.300000000000000266e+00,5.011753935117647293e-08
4.100000000000003097e-07,2.300000000000000266e+00,5.011773162211806147e-08
4.150000000000003147e-07,2.300000000000000266e+00,5.011791351923944324e-08
4.200000000000003198e-07,2.300000000000000266e+00,5.011811019550194195e-08
4.250000000000003249e-07,2.300000000000000266e+00,5.011832062062888406e-08
4.300000000000003299e-07,2.300000000000000266e+00,5.011852354960492843e-08
4.350000000000003350e-07,2.300000000000000266e+00,5.011873017336625039e-08
4.400000000000003401e-07,2.300000000000000266e+00,5.011893658396688058e-08
4.450000000000003451e-07,2.300000000000000266e+00,5.011913791423775327e-08
4.500000000000003502e-07,2.300000000000000266e+00,5.011933519445553538e-08
4.550000000000003553e-07,2.300000000000000266e+00,5.011952124821036353e-08
4.600000000000003603e-07,2.300000000000000266e+00,5.011969948607324638e-08
4.650000000000003654e-07,2.300000000000000266e+00,5.011988390559611757e-08
4.700000000000003705e-07,2.300000000000000266e+00,5.012007194885070905e-08
4.750000000000003756e-07,2.300000000000000266e+00,5.012025384597209082e-08
4.800000000000003806e-07,2.300000000000000266e+00,5.012042366398775818e-08
4.850000000000003327e-07,2.300000000000000266e+00,5.012057568308587835e-08
4.900000000000002849e-07,2.300000000000000266e+00,5.012071391779277647e-08
4.950000000000002370e-07,2.300000000000000266e+00,5.012085147749082065e-08
5.000000000000001891e-07,2.300000000000000266e+00,5.012099578727735132e-08
5.050000000000001413e-07,2.300000000000000266e+00,5.012114553266146571e-08
5.100000000000000934e-07,2.300000000000000266e+00,5.012128948718018339e-08
5.150000000000000455e-07,2.300000000000000266e+00,5.012141216115676805e-08
5.199999999999999976e-07,2.300000000000000266e+00,5.012152506526844921e-08
5.249999999999999498e-07,2.300000000000000266e+00,5.012163825359437281e-08
5.299999999999999019e-07,2.300000000000000266e+00,5.012175961308004148e-08
5.349999999999998540e-07,2.300000000000000266e+00,5.012187116717401474e-08
5.399999999999998062e-07,2.300000000000000266e+00,5.012196367891309535e-08
5.449999999999997583e-07,2.300000000000000266e+00,5.012205455642021901e-08
5.499999999999997104e-07,2.300000000000000266e+00,5.012214308915977297e-08
5.549999999999996625e-07,2.300000000000000266e+00,5.012223972200550145e-08
5.599999999999996147e-07,2.300000000000000266e+00,5.012234328257363615e-08
5.649999999999995668e-07,2.300000000000000266e+00,5.012243593641984460e-08
5.699999999999995189e-07,2.300000000000000266e+00,5.012253665484544893e-08
5.749999999999994711e-07,2.300000000000000266e+00,5.012263978909220010e-08
5.799999999999994232e-07,2.300000000000000266e+00,5.012272977842979790e-08
5.849999999999993753e-07,2.300000000000000266e+00,5.012280736892063373e-08
5.899999999999993274e-07,2.300000000000000266e+00,5.012289028842870408e-08
5.949999999999992796e-07,2.300000000000000266e+00,5.012297004605321634e-08
5.999999999999992317e-07,2.300000000000000266e+00,5.012303324819754010e-08
6.049999999999991838e-07,2.300000000000000266e+00,5.012309481610991352e-08
6.099999999999991360e-07,2.300000000000000266e+00,5.012315787614710944e-08
6.149999999999990881e-07,2.300000000000000266e+00,5.012322221514844932e-08
6.199999999999990402e-07,2.300000000000000266e+00,5.012328321463231799e-08
6.249999999999989923e-07,2.300000000000000266e+00,5.012334336147343283e-08
6.299999999999989445e-07,2.300000000000000266e+00,5.012340375700201810e-08
6.349999999999988966e-07,2.300000000000000266e+00,5.012346095512026000e-08
6.399999999999988487e-07,2.300000000000000266e+00,5.012351754928322511e-08
6.449999999999988008e-07,2.300000000000000266e+00,5.012357311316952329e-08
6.499999999999987530e-07,2.300000000000000266e+00,5.012362562175260594e-08
6.549999999999987051e-07,2.300000000000000266e+00,5.012367393817547018e-08
6.599999999999986572e-07,2.300000000000000266e+00,5.012371909271478294e-08
6.649999999999986094e-07,2.300000000000000266e+00,5.012376989601235796e-08
6.699999999999985615e-07,2.300000000000000266e+00,5.012381231498949615e-08
6.749999999999985136e-07,2.300000000000000266e+00,5.012385050627963065e-08
6.799999999999984657e-07,2.300000000000000266e+00,5.012389189498009529e-08
6.849999999999984179e-07,2.300000000000000266e+00,5.012393452711792525e-08
6.899999999999983700e-07,2.300000000000000266e+00,5.012397843821988593e-08
6.949999999999983221e-07,2.300000000000000266e+00,5.012402028876851275e-08
6.999999999999982743e-07,2.300000000000000266e+00,5.012404451803351210e-08
7.049999999999982264e-07,2.300000000000000266e+00,5.012406419987047343e-08
7.099999999999981785e-07,2.300000000000000266e+00,5.012409805689326169e-08
7.149999999999981306e-07,2.300000000000000266e+00,5.012413202049639913e-08
7.199999999999980828e-07,2.300000000000000266e+00,5.012416015770736121e-08
7.249999999999980349e-07,2.300000000000000266e+00,5.012418296590109537e-08
7.299999999999979870e-07,2.300000000000000266e+00,5.012420492145207571e-08
7.349999999999979392e-07,2.300000000000000266e+00,5.012422392828018972e-08
7.399999999999978913e-07,2.300000000000000266e+00,5.012424936545575588e-08
7.449999999999978434e-07,2.300000000000000266e+00,5.012428610014784654e-08
7.499999999999977955e-07,2.300000000000000266e+00,5.012432350984879115e-08
7.549999999999977477e-07,2.300000000000000266e+00,5.012436184324604688e-08
7.599999999999976998e-07,2.300000000000000266e+00,5.012439580684918433e-08
7.649999999999976519e-07,2.300000000000000266e+00,5.012442650198841448e-08
7.699999999999976041e-07,2.300000000000000266e+00,5.012445542078857308e-08
7.749999999999975562e-07,2.300000000000000266e+00,5.012448128428552276e-08
7.799999999999975083e-07,2.300000000000000266e+00,5.012450423458638477e-08
7.849999999999974604e-07,2.300000000000000266e+00,5.012453475209170843e-08
7.899999999999974126e-07,2.300000000000000266e+00,5.012456658408795470e-08
7.949999999999973647e-07,2.300000000000000266e+00,5.012458871727283492e-08
7.999999999999973168e-07,2.300000000000000266e+00,5.012460033453039377e-08
8.049999999999972689e-07,2.300000000000000266e+00,5.012461113467197744e-08
8.099999999999972211e-07,2.300000000000000266e+00,5.012462907569664587e-08
8.149999999999971732e-07,2.300000000000000266e+00,5.012464055084707687e-08
8.199999999999971253e-07,2.300000000000000266e+00,5.012463895214190518e-08
8.249999999999970775e-07,2.300000000000000266e+00,5.012464513380189354e-08
8.299999999999970296e-07,2.300000000000000266e+00,5.012466474458529095e-08
8.349999999999969817e-07,2.300000000000000266e+00,5.012467376838779645e-08
8.399999999999969338e-07,2.300000000000000266e+00,5.012468627381488776e-08
8.449999999999968860e-07,2.300000000000000266e+00,5.012471057413345103e-08
8.499999999999968381e-07,2.300000000000000266e+00,5.012472723619398211e-08
8.549999999999967902e-07,2.300000000000000266e+00,5.012473455471097997e-08
8.599999999999967424e-07,2.300000000000000266e+00,5.012473860476407054e-08
8.649999999999966945e-07,2.300000000000000266e+00,5.012474279692428895e-08
8.699999999999966466e-07,2.300000000000000266e+00,5.012474148243337295e-08
8.749999999999965987e-07,2.300000000000000266e+00,5.012474880095037081e-08
8.799999999999965509e-07,2.300000000000000266e+00,5.012476993938536937e-08
8.849999999999965030e-07,2.300000000000000266e+00,5.012478521590142714e-08
8.899999999999964551e-07,2.300000000000000266e+00,5.012479164624887929e-08
8.949999999999964073e-07,2.300000000000000266e+00,5.012479992398897355e-08
8.999999999999963594e-07,2.300000000000000266e+00,5.012480713592562221e-08
9.049999999999963115e-07,2.300000000000000266e+00,5.012481655052272597e-08
9.099999999999962636e-07,2.300000000000000266e+00,5.012482592959305107e-08
9.149999999999962158e-07,2.300000000000000266e+00,5.012483481128842873e-08
9.199999999999961679e-07,2.300000000000000266e+00,5.012484880884034254e-08
9.249999999999961200e-07,2.300000000000000266e+00,5.012485968003549014e-08
9.299999999999960722e-07,2.300000000000000266e+00,5.012486792224880574e-08
9.349999999999960243e-07,2.300000000000000266e+00,5.012487399732844490e-08
9.399999999999959764e-07,2.300000000000000266e+00,5.012486717618638787e-08
9.449999999999959285e-07,2.300000000000000266e+00,5.012486330376720380e-08
9.499999999999958807e-07,2.300000000000000266e+00,5.012486753145420748e-08
9.549999999999959387e-07,2.300000000000000266e+00,5.012487502760511183e-08
9.599999999999958908e-07,2.300000000000000266e+00,5.012489069491575463e-08
9.649999999999958429e-07,2.300000000000000266e+00,5.012490487010158155e-08
9.699999999999957951e-07,2.300000000000000266e+00,5.012490835172617398e-08
9.749999999999957472e-07,2.300000000000000266e+00,5.012491538602891616e-08
9.799999999999956993e-07,2.300000000000000266e+00,5.012491492418075398e-08
9.849999999999956514e-07,2.300000000000000266e+00,5.012491368074340190e-08
9.899999999999956036e-07,2.300000000000000266e+00,5.012492647038474890e-08
9.949999999999955557e-07,2.300000000000000266e+00,5.012494103636517408e-08
9.999999999999955078e-07,2.300000000000000266e+00,5.012494284823103091e-08
1.004999999999995460e-06,2.300000000000000266e+00,5.012493698631207689e-08
1.009999999999995412e-06,2.300000000000000266e+00,5.012492860199164007e-08
1.014999999999995364e-06,2.300000000000000266e+00,5.012492867304520399e-08
1.019999999999995316e-06,2.300000000000000266e+00,5.012493414416955975e-08
1.024999999999995268e-06,2.300000000000000266e+00,5.012493652446392133e-08
1.029999999999995221e-06,2.300000000000000266e+00,5.012494700486447067e-08
1.034999999999995173e-06,2.300000000000000266e+00,5.012496569195155034e-08
1.039999999999995125e-06,2.300000000000000266e+00,5.012497460917371327e-08
1.044999999999995077e-06,2.300000000000000266e+00,5.012497713157519607e-08
1.049999999999995029e-06,2.300000000000000266e+00,5.012498082636048027e-08
1.054999999999994981e-06,2.300000000000000266e+00,5.012497887238748898e-08
1.059999999999994933e-06,2.300000000000000266e+00,5.012497507102186883e-08
1.064999999999994885e-06,2.300000000000000266e+00,5.012498047109266067e-08
1.069999999999994838e-06,2.300000000000000266e+00,5.012499318968044375e-08
1.074999999999994790e-06,2.300000000000000266e+00,5.012499269230550291e-08
1.079999999999994742e-06,2.300000000000000266e+00,5.012499286993940941e-08
1.084999999999994694e-06,2.300000000000000266e+00,5.012500384771489958e-08
1.089999999999994646e-06,2.300000000000000266e+00,5.012501294257096900e-08
1.094999999999994598e-06,2.300000000000000266e+00,5.012501621103486967e-08
1.099999999999994550e-06,2.300000000000000266e+00,5.012502118478428460e-08
1.104999999999994503e-06,2.300000000000000266e+00,5.012502164663244016e-08
1.109999999999994455e-06,2.300000000000000266e+00,5.012501667288302523e-08
1.114999999999994407e-06,2.300000000000000266e+00,5.012501045569626484e-08
1.119999999999994359e-06,2.300000000000000266e+00,5.012500040161709241e-08
1.124999999999994311e-06,2.300000000000000266e+00,5.012500484246478786e-08
1.129999999999994263e-06,2.300000000000000266e+00,5.012501677946337442e-08
1.134999999999994215e-06,2.300000000000000266e+00,5.012501514523142409e-08
1.139999999999994167e-06,2.300000000000000266e+00,5.012501315573166076e-08
1.144999999999994120e-06,2.300000000000000266e+00,5.012501507417786017e-08
1.149999999999994072e-06,2.300000000000000266e+00,5.012501326231200334e-08
1.154999999999994024e-06,2.300000000000000266e+00,5.012500843066971625e-08
1.159999999999993976e-06,2.300000000000000266e+00,5.012500502009868774e-08
1.164999999999993928e-06,2.300000000000000266e+00,5.012500363455421443e-08
1.169999999999993880e-06,2.300000000000000266e+00,5.012500594379501209e-08
1.174999999999993832e-06,2.300000000000000266e+00,5.012502292559657751e-08
1.179999999999993784e-06,2.300000000000000266e+00,5.012504001397848549e-08
1.184999999999993737e-06,2.300000000000000266e+00,5.012504679959375725e-08
1.189999999999993689e-06,2.300000000000000266e+00,5.012505291020018169e-08
1.194999999999993641e-06,2.300000000000000266e+00,5.012506385244888659e-08
1.199999999999993593e-06,2.300000000000000266e+00,5.012506989200174710e-08
1.204999999999993545e-06,2.300000000000000266e+00,5.012508111846470768e-08
1.209999999999993497e-06,2.300000000000000266e+00,5.012508765539250903e-08
1.214999999999993449e-06,2.300000000000000266e+00,5.012507905791138044e-08
1.219999999999993401e-06,2.300000000000000266e+00,5.012506893277864409e-08
1.224999999999993354e-06,2.300000000000000266e+00,5.012506516693980259e-08
1.229999999999993306e-06,2.300000000000000266e+00,5.012506850645726718e-08
1.234999999999993258e-06,2.300000000000000266e+00,5.012507191702829569e-08
1.239999999999993210e-06,2.300000000000000266e+00,5.012506754723416417e-08
1.244999999999993162e-06,2.300000000000000266e+00,5.012506427877026350e-08
1.249999999999993114e-06,2.300000000000000266e+00,5.012505866553878651e-08
1.254999999999993066e-06,2.300000000000000266e+00,5.012505283914661776e-08
1.259999999999993018e-06,2.300000000000000266e+00,5.012506029977073685e-08
1.264999999999992971e-06,2.300000000000000266e+00,5.012506378139532267e-08
1.269999999999992923e-06,2.300000000000000266e+00,5.012506506035946001e-08
1.274999999999992875e-06,2.300000000000000266e+00,5.012507131307301229e-08
1.279999999999992827e-06,2.300000000000000266e+00,5.012507994608091953e-08
1.284999999999992779e-06,2.300000000000000266e+00,5.012508499088389176e-08
1.289999999999992731e-06,2.300000000000000266e+00,5.012508342770550535e-08
1.294999999999992683e-06,2.300000000000000266e+00,5.012507603813495018e-08
1.299999999999992636e-06,2.300000000000000266e+00,5.012506971436784060e-08
1.304999999999992588e-06,2.300000000000000266e+00,5.012507781447402836e-08
1.309999999999992540e-06,2.300000000000000266e+00,5.012508857908882677e-08
1.314999999999992492e-06,2.300000000000000266e+00,5.012508364086619049e-08
1.319999999999992444e-06,2.300000000000000266e+00,5.012507490127794068e-08
1.324999999999992396e-06,2.300000000000000266e+00,5.012507586050104369e-08
1.329999999999992348e-06,2.300000000000000266e+00,5.012508094083080119e-08
1.334999999999992300e-06,2.300000000000000266e+00,5.012508371191976103e-08
1.339999999999992253e-06,2.300000000000000266e+00,5.012508676722296994e-08
1.344999999999992205e-06,2.300000000000000266e+00,5.012509351731146304e-08
1.349999999999992157e-06,2.300000000000000266e+00,5.012509447653455944e-08
1.354999999999992109e-06,2.300000000000000266e+00,5.012509270019548126e-08
1.359999999999992061e-06,2.300000000000000266e+00,5.012509859764121393e-08
1.364999999999992013e-06,2.300000000000000266e+00,5.012509532917731326e-08
1.369999999999991965e-06,2.300000000000000266e+00,5.012509053306181144e-08
1.374999999999991917e-06,2.300000000000000266e+00,5.012509849106087136e-08
1.379999999999991870e-06,2.300000000000000266e+00,5.012509941475718910e-08
1.384999999999991822e-06,2.300000000000000266e+00,5.012509138570456526e-08
1.389999999999991774e-06,2.300000000000000266e+00,5.012508289480377925e-08
1.394999999999991726e-06,2.300000000000000266e+00,5.012507554076000935e-08
1.399999999999991678e-06,2.300000000000000266e+00,5.012507866711678218e-08
1.404999999999991630e-06,2.300000000000000266e+00,5.012508001713448345e-08
1.409999999999991582e-06,2.300000000000000266e+00,5.012507785000080701e-08
1.414999999999991534e-06,2.300000000000000266e+00,5.012508861461560542e-08
1.419999999999991487e-06,2.300000000000000266e+00,5.012510012529282169e-08
1.424999999999991439e-06,2.300000000000000266e+00,5.012510541878327096e-08
1.429999999999991391e-06,2.300000000000000266e+00,5.012509873974834177e-08
1.434999999999991343e-06,2.300000000000000266e+00,5.012508808171388594e-08
1.439999999999991295e-06,2.300000000000000266e+00,5.012508509746424095e-08
1.444999999999991247e-06,2.300000000000000266e+00,5.012508381850010360e-08
1.449999999999991199e-06,2.300000000000000266e+00,5.012507948423275735e-08
1.454999999999991151e-06,2.300000000000000266e+00,5.012507991055413426e-08
1.459999999999991104e-06,2.300000000000000266e+00,5.012508577247308828e-08
1.464999999999991056e-06,2.300000000000000266e+00,5.012509031990111968e-08
1.469999999999991008e-06,2.300000000000000266e+00,5.012509579102547544e-08
1.474999999999990960e-06,2.300000000000000266e+00,5.012509625287363762e-08
1.479999999999990912e-06,2.300000000000000266e+00,5.012508744223181726e-08
1.484999999999990864e-06,2.300000000000000266e+00,5.012508293033056451e-08
1.489999999999990816e-06,2.300000000000000266e+00,5.012508690933009778e-08
1.494999999999990769e-06,2.300000000000000266e+00,5.012508928962445936e-08
1.499999999999990721e-06,2.300000000000000266e+00,5.012509529365053461e-08
1.504999999999990673e-06,2.300000000000000266e+00,5.012509625287363762e-08
1.509999999999990625e-06,2.300000000000000266e+00,5.012509127912422269e-08
1.514999999999990577e-06,2.300000000000000266e+00,5.012509337520433520e-08
1.519999999999990529e-06,2.300000000000000266e+00,5.012509422784708902e-08
1.524999999999990481e-06,2.300000000000000266e+00,5.012509333967754993e-08
1.529999999999990433e-06,2.300000000000000266e+00,5.012508989357974277e-08
1.534999999999990386e-06,2.300000000000000266e+00,5.012508928962445936e-08
1.539999999999990338e-06,2.300000000000000266e+00,5.012509145675812918e-08
1.544999999999990290e-06,2.300000000000000266e+00,5.012508708696400427e-08
1.549999999999990242e-06,2.300000000000000266e+00,5.012507870264356745e-08
1.554999999999990194e-06,2.300000000000000266e+00,5.012507429732265727e-08
1.559999999999990146e-06,2.300000000000000266e+00,5.012508314349125628e-08
1.564999999999990098e-06,2.300000000000000266e+00,5.012509326862398601e-08
1.569999999999990050e-06,2.300000000000000266e+00,5.012509063964215401e-08
1.574999999999990003e-06,2.300000000000000266e+00,5.012508289480377925e-08
1.579999999999989955e-06,2.300000000000000266e+00,5.012507809868827743e-08
1.584999999999989907e-06,2.300000000000000266e+00,5.012507838290253311e-08
1.589999999999989859e-06,2.300000000000000266e+00,5.012507951975954262e-08
1.594999999999989811e-06,2.300000000000000266e+00,5.012507785000080701e-08
1.599999999999989763e-06,2.300000000000000266e+00,5.012508221979493854e-08
1.604999999999989715e-06,2.300000000000000266e+00,5.012508676722296994e-08
1.609999999999989667e-06,2.300000000000000266e+00,5.012508072767010943e-08
1.614999999999989620e-06,2.300000000000000266e+00,5.012507479469759811e-08
1.619999999999989572e-06,2.300000000000000266e+00,5.012506779592163458e-08
1.624999999999989524e-06,2.300000000000000266e+00,5.012505660498545927e-08
1.629999999999989476e-06,2.300000000000000266e+00,5.012505632077121020e-08
1.634999999999989428e-06,2.300000000000000266e+00,5.012506331954716710e-08
1.639999999999989380e-06,2.300000000000000266e+00,5.012506619721646952e-08
1.644999999999989332e-06,2.300000000000000266e+00,5.012507475917081945e-08
1.649999999999989284e-06,2.300000000000000266e+00,5.012508374744653968e-08
1.654999999999989237e-06,2.300000000000000266e+00,5.012508150925930594e-08
1.659999999999989189e-06,2.300000000000000266e+00,5.012507976844701303e-08
1.664999999999989141e-06,2.300000000000000266e+00,5.012508424482148051e-08
1.669999999999989093e-06,2.300000000000000266e+00,5.012508854356204812e-08
1.674999999999989045e-06,2.300000000000000266e+00,5.012509081727606051e-08
1.679999999999988997e-06,2.300000000000000266e+00,5.012508811724066459e-08
1.684999999999988949e-06,2.300000000000000266e+00,5.012508751328538118e-08
1.689999999999988902e-06,2.300000000000000266e+00,5.012508328559837750e-08
1.694999999999988854e-06,2.300000000000000266e+00,5.012508026582195386e-08
1.699999999999988806e-06,2.300000000000000266e+00,5.012508232637528111e-08
1.704999999999988758e-06,2.300000000000000266e+00,5.012507692630448927e-08
1.709999999999988710e-06,2.300000000000000266e+00,5.012507443942977850e-08
1.714999999999988662e-06,2.300000000000000266e+00,5.012508595010699477e-08
1.719999999999988614e-06,2.300000000000000266e+00,5.012509170544559960e-08
1.724999999999988566e-06,2.300000000000000266e+00,5.012509092385640970e-08
1.729999999999988519e-06,2.300000000000000266e+00,5.012508595010699477e-08
1.734999999999988471e-06,2.300000000000000266e+00,5.012508037240229644e-08
1.739999999999988423e-06,2.300000000000000266e+00,5.012508399613401010e-08
1.744999999999988375e-06,2.300000000000000266e+00,5.012508406718757402e-08
1.749999999999988327e-06,2.300000000000000266e+00,5.012508460008930012e-08
1.754999999999988279e-06,2.300000000000000266e+00,5.012509021332077710e-08
1.759999999999988231e-06,2.300000000000000266e+00,5.012509859764121393e-08
1.764999999999988183e-06,2.300000000000000266e+00,5.012510492140833013e-08
1.769999999999988136e-06,2.300000000000000266e+00,5.012510577405108394e-08
1.774999999999988088e-06,2.300000000000000266e+00,5.012509721209673401e-08
1.779999999999988040e-06,2.300000000000000266e+00,5.012508566589273909e-08
1.784999999999987992e-06,2.300000000000000266e+00,5.012508499088389176e-08
1.789999999999987944e-06,2.300000000000000266e+00,5.012509749631098308e-08
1.794999999999987896e-06,2.300000000000000266e+00,5.012510453061373187e-08
1.799999999999987848e-06,2.300000000000000266e+00,5.012509913054294003e-08
1.804999999999987800e-06,2.300000000000000266e+00,5.012509600418616720e-08
1.809999999999987753e-06,2.300000000000000266e+00,5.012509831342696486e-08
1.814999999999987705e-06,2.300000000000000266e+00,5.012508843698170554e-08
1.819999999999987657e-06,2.300000000000000266e+00,5.012507269861749221e-08
1.824999999999987609e-06,2.300000000000000266e+00,5.012506694327888076e-08
1.829999999999987561e-06,2.300000000000000266e+00,5.012507156176048270e-08
1.834999999999987513e-06,2.300000000000000266e+00,5.012508442245538701e-08
1.839999999999987465e-06,2.300000000000000266e+00,5.012509568444513286e-08
1.844999999999987417e-06,2.300000000000000266e+00,5.012509650156110803e-08
1.849999999999987370e-06,2.300000000000000266e+00,5.012509575549869678e-08
1.854999999999987322e-06,2.300000000000000266e+00,5.012509383705249076e-08
1.859999999999987274e-06,2.300000000000000266e+00,5.012508925409767409e-08
1.864999999999987226e-06,2.300000000000000266e+00,5.012508456456251485e-08
1.869999999999987178e-06,2.300000000000000266e+00,5.012508268164309410e-08
1.874999999999987130e-06,2.300000000000000266e+00,5.012508435140182970e-08
1.879999999999987082e-06,2.300000000000000266e+00,5.012507934212562951e-08
1.884999999999987035e-06,2.300000000000000266e+00,5.012507006963565359e-08
1.889999999999986987e-06,2.300000000000000266e+00,5.012505774184246877e-08
1.894999999999986939e-06,2.300000000000000266e+00,5.012505912738694869e-08
1.899999999999986891e-06,2.300000000000000266e+00,5.012506751170738552e-08
1.904999999999986843e-06,2.300000000000000266e+00,5.012507447495656377e-08
1.909999999999986795e-06,2.300000000000000266e+00,5.012507621576885668e-08
1.914999999999986747e-06,2.300000000000000266e+00,5.012507813421506270e-08
1.919999999999986699e-06,2.300000000000000266e+00,5.012508015924160467e-08
1.924999999999986652e-06,2.300000000000000266e+00,5.012507745920620876e-08
1.929999999999986604e-06,2.300000000000000266e+00,5.012507365784058860e-08
1.934999999999986556e-06,2.300000000000000266e+00,5.012508289480378586e-08
1.939999999999986508e-06,2.300000000000000266e+00,5.012509838448052217e-08
1.944999999999986460e-06,2.300000000000000266e+00,5.012511117412187578e-08
1.949999999999986412e-06,2.300000000000000266e+00,5.012511632550519721e-08
1.954999999999986364e-06,2.300000000000000266e+00,5.012511387415726508e-08
1.959999999999986316e-06,2.300000000000000266e+00,5.012511902554058651e-08
1.964999999999986269e-06,2.300000000000000266e+00,5.012512407034356536e-08
1.969999999999986221e-06,2.300000000000000266e+00,5.012512058871897292e-08
1.974999999999986173e-06,2.300000000000000266e+00,5.012510861619360109e-08
1.979999999999986125e-06,2.300000000000000266e+00,5.012510335822993709e-08
1.984999999999986077e-06,2.300000000000000266e+00,5.012509902396259084e-08
1.989999999999986029e-06,2.300000000000000266e+00,5.012509113701709484e-08
1.994999999999985981e-06,2.300000000000000266e+00,5.012500908667586909e-08
1.999999999999985933e-06,2.300000000000000266e+00,5.012473515866626337e-08
2.004999999999985886e-06,2.499999999999439115e+00,3.111038641654690316e-03
2.009999999999985838e-06,2.699999999999437073e+00,-1.599734866954691422e-03
2.014999999999985790e-06,2.700000000000000178e+00,-3.582691540718310058e-02
2.019999999999985742e-06,2.700000000000000178e+00,-7.190904674127018836e-02
2.024999999999985694e-06,2.700000000000000178e+00,-1.025475013416843606e-01
2.029999999999985646e-06,2.700000000000000178e+00,-1.263330258823380514e-01
2.034999999999985598e-06,2.700000000000000178e+00,-1.437189294914321125e-01
2.039999999999985550e-06,2.700000000000000178e+00,-1.556492076696256999e-01
2.044999999999985503e-06,2.700000000000000178e+00,-1.631489111034362949e-01
2.049999999999985455e-06,2.700000000000000178e+00,-1.671453433802813915e-01
2.054999999999985407e-06,2.700000000000000178e+00,-1.684013424392048208e-01
2.059999999999985359e-06,2.700000000000000178e+00,-1.674641413643644938e-01
2.064999999999985311e-06,2.700000000000000178e+00,-1.643948083444772001e-01
2.069999999999985263e-06,2.700000000000000178e+00,-1.579644720393255375e-01
2.074999999999985215e-06,2.700000000000000178e+00,-1.438984629369062240e-01
2.079999999999985168e-06,2.700000000000000178e+00,-1.123950244201290805e-01
2.084999999999985120e-06,2.700000000000000178e+00,-4.910736342961634360e-02
2.089999999999985072e-06,2.700000000000000178e+00,5.529125709963107760e-02
2.094999999999985024e-06,2.700000000000000178e+00,1.952091466201766046e-01
2.099999999999984976e-06,2.700000000000000178e+00,3.553526317578556415e-01
2.104999999999984928e-06,2.700000000000000178e+00,5.234519551309172458e-01
2.109999999999984880e-06,2.700000000000000178e+00,6.939129785119506622e-01
2.114999999999984832e-06,2.700000000000000178e+00,8.647836913769341161e-01
2.119999999999984785e-06,2.700000000000000178e+00,1.035194294068999321e+00
2.124999999999984737e-06,2.700000000000000178e+00,1.204575376389763308e+00
2.129999999999984689e-06,2.700000000000000178e+00,1.372569396001116493e+00
2.134999999999984641e-06,2.700000000000000178e+00,1.538896707980804468e+00
2.139999999999984593e-06,2.700000000000000178e+00,1.703331402891565594e+00
2.144999999999984545e-06,2.700000000000000178e+00,1.865693904585305374e+00
2.149999999999984497e-06,2.700000000000000178e+00,2.025833197528872809e+00
2.154999999999984449e-06,2.700000000000000178e+00,2.183612570912594197e+00
2.159999999999984402e-06,2.700000000000000178e+00,2.338913182334882990e+00
2.164999999999984354e-06,2.700000000000000178e+00,2.491625797150049948e+00
2.169999999999984306e-06,2.700000000000000178e+00,2.641648489201261718e+00
2.174999999999984258e-06,2.700000000000000178e+00,2.788883996387710784e+00
2.179999999999984210e-06,2.700000000000000178e+00,2.933237826167144124e+00
2.184999999999984162e-06,2.700000000000000178e+00,3.074616583716392348e+00
2.189999999999984114e-06,2.700000000000000178e+00,3.212926531077051173e+00
2.194999999999984066e-06,2.700000000000000178e+00,3.348072247946007440e+00
2.199999999999984019e-06,2.700000000000000178e+00,3.479955346921488335e+00
2.204999999999983971e-06,2.700000000000000178e+00,3.608473169175846262e+00
2.209999999999983923e-06,2.700000000000000178e+00,3.733517411157130095e+00
2.214999999999983875e-06,2.700000000000000178e+00,3.854972611523542092e+00
2.219999999999983827e-06,2.700000000000000178e+00,3.972714430567806598e+00
2.224999999999983779e-06,2.700000000000000178e+00,4.086607624590601340e+00
2.229999999999983731e-06,2.700000000000000178e+00,4.196503596681353088e+00
2.234999999999983683e-06,2.700000000000000178e+00,4.302237350145454720e+00
2.239999999999983636e-06,2.700000000000000178e+00,4.403623591758687894e+00
2.244999999999983588e-06,2.700000000000000178e+00,4.500451259893229583e+00
2.249999999999983540e-06,2.700000000000000178e+00,4.592465948255173736e+00
2.254999999999983492e-06,2.700000000000000178e+00,4.679129918187344472e+00
2.259999999999983444e-06,2.700000000000000178e+00,4.757117996320621600e+00
2.264999999999983396e-06,2.700000000000000178e+00,4.815339822415444004e+00
2.269999999999983348e-06,2.700000000000000178e+00,4.846592465164743402e+00
2.274999999999983301e-06,2.700000000000000178e+00,4.863411513646687112e+00
2.279999999999983253e-06,2.700000000000000178e+00,4.874219867924980854e+00
2.284999999999983205e-06,2.700000000000000178e+00,4.882046279023088964e+00
2.289999999999983157e-06,2.700000000000000178e+00,4.888170083273233324e+00
2.294999999999983109e-06,2.700000000000000178e+00,4.893152841611301263e+00
2.299999999999983061e-06,2.700000000000000178e+00,4.897301686961553102e+00
2.304999999999983013e-06,2.700000000000000178e+00,4.900854668853653173e+00
2.309999999999982965e-06,2.700000000000000178e+00,4.903957018690229042e+00
2.314999999999982918e-06,2.700000000000000178e+00,4.906707674344755965e+00
2.319999999999982870e-06,2.700000000000000178e+00,4.909175398381653288e+00
2.324999999999982822e-06,2.700000000000000178e+00,4.911410612367083317e+00
2.329999999999982774e-06,2.700000000000000178e+00,4.913451286732411383e+00
2.334999999999982726e-06,2.700000000000000178e+00,4.915326838044630442e+00
2.339999999999982678e-06,2.700000000000000178e+00,4.917060496114840085e+00
2.344999999999982630e-06,2.700000000000000178e+00,4.918670942362370901e+00
2.349999999999982582e-06,2.700000000000000178e+00,4.920173418379192753e+00
2.354999999999982535e-06,2.700000000000000178e+00,4.921580523654495387e+00
2.359999999999982487e-06,2.700000000000000178e+00,4.922902790817682117e+00
2.364999999999982439e-06,2.700000000000000178e+00,4.924149113943039779e+00
2.369999999999982391e-06,2.700000000000000178e+00,4.925327070696617682e+00
2.374999999999982343e-06,2.700000000000000178e+00,4.926443169373918352e+00
2.379999999999982295e-06,2.700000000000000178e+00,4.927503040501259868e+00
2.384999999999982247e-06,2.700000000000000178e+00,4.928511587467760080e+00
2.389999999999982199e-06,2.700000000000000178e+00,4.929473106190338960e+00
2.394999999999982152e-06,2.700000000000000178e+00,4.930391381177418708e+00
2.399999999999982104e-06,2.700000000000000178e+00,4.931269763349571456e+00
2.404999999999982056e-06,2.700000000000000178e+00,4.932111233624159929e+00
2.409999999999982008e-06,2.700000000000000178e+00,4.932918455272829128e+00
2.414999999999981960e-06,2.700000000000000178e+00,4.933693817351019639e+00
2.419999999999981912e-06,2.700000000000000178e+00,4.934439470961439866e+00
2.424999999999981864e-06,2.700000000000000178e+00,4.935157359724915871e+00
2.429999999999981816e-06,2.700000000000000178e+00,4.935849245534242868e+00
2.434999999999981769e-06,2.700000000000000178e+00,4.936516730438035516e+00
2.439999999999981721e-06,2.700000000000000178e+00,4.937161275333008525e+00
2.444999999999981673e-06,2.700000000000000178e+00,4.937784216006491533e+00
2.449999999999981625e-06,2.700000000000000178e+00,4.938386776966373404e+00
2.454999999999981577e-06,2.700000000000000178e+00,4.938970083414766954e+00
2.459999999999981529e-06,2.700000000000000178e+00,4.939535171656687318e+00
2.464999999999981481e-06,2.700000000000000178e+00,4.940082998181845930e+00
2.469999999999981433e-06,2.700000000000000178e+00,4.940614447618620453e+00
2.474999999999981386e-06,2.700000000000000178e+00,4.941130339721360620e+00
2.479999999999981338e-06,2.700000000000000178e+00,4.941631435531821381e+00
2.484999999999981290e-06,2.700000000000000178e+00,4.942118442827452718e+00
2.489999999999981242e-06,2.700000000000000178e+00,4.942592020951330767e+00
2.494999999999981194e-06,2.700000000000000178e+00,4.943052785110582548e+00
2.499999999999981146e-06,2.700000000000000178e+00,4.943501310207217614e+00
2.504999999999981098e-06,2.700000000000000178e+00,4.943938134263063944e+00
2.509999999999981051e-06,2.700000000000000178e+00,4.944363761491088027e+00
2.514999999999981003e-06,2.700000000000000178e+00,4.944778665052192324e+00
2.519999999999980955e-06,2.700000000000000178e+00,4.945183289537397719e+00
2.524999999999980907e-06,2.700000000000000178e+00,4.945578053208898872e+00
2.529999999999980859e-06,2.700000000000000178e+00,4.945963350024661587e+00
2.534999999999980811e-06,2.700000000000000178e+00,4.946339551472910046e+00
2.539999999999980763e-06,2.700000000000000178e+00,4.946707008237289926e+00
2.544999999999980715e-06,2.700000000000000178e+00,4.947066051710710788e+00
2.549999999999980668e-06,2.700000000000000178e+00,4.947416995374485538e+00
2.554999999999980620e-06,2.700000000000000178e+00,4.947760136056851721e+00
2.559999999999980572e-06,2.700000000000000178e+00,4.948095755082660752e+00
2.564999999999980524e-06,2.700000000000000178e+00,4.948424119325915527e+00
2.569999999999980476e-06,2.700000000000000178e+00,4.948745482175082699e+00
2.574999999999980428e-06,2.700000000000000178e+00,4.949060084418531069e+00
2.579999999999980380e-06,2.700000000000000178e+00,4.949368155060284380e+00
2.584999999999980332e-06,2.700000000000000178e+00,4.949669912069071032e+00
2.589999999999980285e-06,2.700000000000000178e+00,4.949965563069477881e+00
2.594999999999980237e-06,2.700000000000000178e+00,4.950255305981229981e+00
2.599999999999980189e-06,2.700000000000000178e+00,4.950539329608747430e+00
2.604999999999980141e-06,2.700000000000000178e+00,4.950817814186932786e+00
2.609999999999980093e-06,2.700000000000000178e+00,4.951090931887002888e+00
2.614999999999980045e-06,2.700000000000000178e+00,4.951358847285393772e+00
2.619999999999979997e-06,2.700000000000000178e+00,4.951621717799809197e+00
2.624999999999979949e-06,2.700000000000000178e+00,4.951879694094141193e+00
2.629999999999979902e-06,2.700000000000000178e+00,4.952132920454848097e+00
2.634999999999979854e-06,2.700000000000000178e+00,4.952381535141890723e+00
2.639999999999979806e-06,2.700000000000000178e+00,4.952625670716716222e+00
2.644999999999979758e-06,2.700000000000000178e+00,4.952865454347151974e+00
2.649999999999979710e-06,2.700000000000000178e+00,4.953101008092390956e+00
2.654999999999979662e-06,2.700000000000000178e+00,4.953332449170328111e+00
2.659999999999979614e-06,2.700000000000000178e+00,4.953559890206788552e+00
2.664999999999979566e-06,2.700000000000000178e+00,4.953783439469750860e+00
2.669999999999979519e-06,2.700000000000000178e+00,4.954003201087796349e+00
2.674999999999979471e-06,2.700000000000000178e+00,4.954219275256762423e+00
2.679999999999979423e-06,2.700000000000000178e+00,4.954431758432049193e+00
2.684999999999979375e-06,2.700000000000000178e+00,4.954640743509677314e+00
2.689999999999979327e-06,2.700000000000000178e+00,4.954846319998498672e+00
2.694999999999979279e-06,2.700000000000000178e+00,4.955048574179078180e+00
2.699999999999979231e-06,2.700000000000000178e+00,4.955247589255156626e+00
2.704999999999979184e-06,2.700000000000000178e+00,4.955443445496957366e+00
2.709999999999979136e-06,2.700000000000000178e+00,4.955636220375187584e+00
2.714999999999979088e-06,2.700000000000000178e+00,4.955825988687526440e+00
2.719999999999979040e-06,2.700000000000000178e+00,4.956012822678421692e+00
2.724999999999978992e-06,2.700000000000000178e+00,4.956196792152461228e+00
2.729999999999978944e-06,2.700000000000000178e+00,4.956377964581357709e+00
2.734999999999978896e-06,2.700000000000000178e+00,4.956556405204769256e+00
2.739999999999978848e-06,2.700000000000000178e+00,4.956732177126483840e+00
2.744999999999978801e-06,2.700000000000000178e+00,4.956905341405496657e+00
2.749999999999978753e-06,2.700000000000000178e+00,4.957075957140988365e+00
2.754999999999978705e-06,2.700000000000000178e+00,4.957244081554843085e+00
2.759999999999978657e-06,2.700000000000000178e+00,4.957409770068756494e+00
2.764999999999978609e-06,2.700000000000000178e+00,4.957573076377307153e+00
2.769999999999978561e-06,2.700000000000000178e+00,4.957734052518070200e+00
2.774999999999978513e-06,2.700000000000000178e+00,4.957892748938136585e+00
2.779999999999978465e-06,2.700000000000000178e+00,4.958049214557052053e+00
2.784999999999978418e-06,2.700000000000000178e+00,4.958203496826021350e+00
2.789999999999978370e-06,2.700000000000000178e+00,4.958355641786318380e+00
2.794999999999978322e-06,2.700000000000000178e+00,4.958505694122622209e+00
2.799999999999978274e-06,2.700000000000000178e+00,4.958653697214836065e+00
2.804999999999978226e-06,2.700000000000000178e+00,4.958799693188487012e+00
2.809999999999978178e-06,2.700000000000000178e+00,4.958943722960432510e+00
2.814999999999978130e-06,2.700000000000000178e+00,4.959085826284006515e+00
2.819999999999978082e-06,2.700000000000000178e+00,4.959226041792839546e+00
2.824999999999978035e-06,2.700000000000000178e+00,4.959364407040650846e+00
2.829999999999977987e-06,2.700000000000000178e+00,4.959500958540584925e+00
2.834999999999977939e-06,2.700000000000000178e+00,4.959635731803052394e+00
2.839999999999977891e-06,2.700000000000000178e+00,4.959768761370642487e+00
2.844999999999977843e-06,2.700000000000000178e+00,4.959900080852747806e+00
2.849999999999977795e-06,2.700000000000000178e+00,4.960029722957976617e+00
2.854999999999977747e-06,2.700000000000000178e+00,4.960157719525551734e+00
2.859999999999977699e-06,2.700000000000000178e+00,4.960284101554855773e+00
2.864999999999977652e-06,2.700000000000000178e+00,4.960408899234691305e+00
2.869999999999977604e-06,2.700000000000000178e+00,4.960532141970217523e+00
2.874999999999977556e-06,2.700000000000000178e+00,4.960653858408962336e+00
2.879999999999977508e-06,2.700000000000000178e+00,4.960774076466885063e+00
2.884999999999977460e-06,2.700000000000000178e+00,4.960892823352231140e+00
2.889999999999977412e-06,2.700000000000000178e+00,4.961010125588178887e+00
2.894999999999977364e-06,2.700000000000000178e+00,4.961126009035903728e+00
2.899999999999977317e-06,2.700000000000000178e+00,4.961240498915560515e+00
2.904999999999977269e-06,2.700000000000000178e+00,4.961353619826442518e+00
2.909999999999977221e-06,2.700000000000000178e+00,4.961465395767494790e+00
2.914999999999977173e-06,2.700000000000000178e+00,4.961575850155602652e+00
2.919999999999977125e-06,2.700000000000000178e+00,4.961685005844380214e+00
2.924999999999977077e-06,2.700000000000000178e+00,4.961792885141276699e+00
2.929999999999977029e-06,2.700000000000000178e+00,4.961899509824176491e+00
2.934999999999976981e-06,2.700000000000000178e+00,4.962004901158199033e+00
2.939999999999976934e-06,2.700000000000000178e+00,4.962109079911322773e+00
2.944999999999976886e-06,2.700000000000000178e+00,4.962212066368608454e+00
2.949999999999976838e-06,2.700000000000000178e+00,4.962313880347466011e+00
2.954999999999976790e-06,2.700000000000000178e+00,4.962414541211282781e+00
2.959999999999976742e-06,2.700000000000000178e+00,4.962514067882698221e+00
2.964999999999976694e-06,2.700000000000000178e+00,4.962612478856890164e+00
2.969999999999976646e-06,2.700000000000000178e+00,4.962709792213511051e+00
2.974999999999976598e-06,2.700000000000000178e+00,4.962806025629541651e+00
2.979999999999976551e-06,2.700000000000000178e+00,4.962901196389881697e+00
2.984999999999976503e-06,2.700000000000000178e+00,4.962995321398941506e+00
2.989999999999976455e-06,2.700000000000000178e+00,4.963088417191976021e+00
2.994999999999976407e-06,2.700000000000000178e+00,4.963180499944944479e+00
2.999999999999976359e-06,2.700000000000000178e+00,4.963271585484511306e+00
3.004999999999976311e-06,2.700000000000000178e+00,4.963361689297562052e+00
3.009999999999976263e-06,2.700000000000000178e+00,4.963450826541476069e+00
3.014999999999976215e-06,2.700000000000000178e+00,4.963539012052463839e+00
3.019999999999976168e-06,2.700000000000000178e+00,4.963626260354465636e+00
3.024999999999976120e-06,2.700000000000000178e+00,4.963712585667535926e+00
3.029999999999976072e-06,2.700000000000000178e+00,4.963798001916038594e+00
3.034999999999976024e-06,2.700000000000000178e+00,4.963882522737109504e+00
3.039999999999975976e-06,2.700000000000000178e+00,4.963966161487242346e+00
3.044999999999975928e-06,2.700000000000000178e+00,4.964048931250576224e+00
3.049999999999975880e-06,2.700000000000000178e+00,4.964130844845887403e+00
3.054999999999975832e-06,2.700000000000000178e+00,4.964211914833083661e+00
3.059999999999975785e-06,2.700000000000000178e+00,4.964292153520463380e+00
3.064999999999975737e-06,2.700000000000000178e+00,4.964371572971121971e+00
3.069999999999975689e-06,2.700000000000000178e+00,4.964450185008752570e+00
3.074999999999975641e-06,2.700000000000000178e+00,4.964528001224174147e+00
3.079999999999975593e-06,2.700000000000000178e+00,4.964605032981164179e+00
3.084999999999975545e-06,2.700000000000000178e+00,4.964681291422176734e+00
3.089999999999975497e-06,2.700000000000000178e+00,4.964756787474033928e+00
3.094999999999975450e-06,2.700000000000000178e+00,4.964831531852817115e+00
3.099999999999975402e-06,2.700000000000000178e+00,4.964905535069501497e+00
3.104999999999975354e-06,2.700000000000000178e+00,4.964978807434786034e+00
3.109999999999975306e-06,2.700000000000000178e+00,4.965051359064365677e+00
3.114999999999975258e-06,2.700000000000000178e+00,4.965123199883265670e+00
3.119999999999975210e-06,2.700000000000000178e+00,4.965194339630525810e+00
3.124999999999975162e-06,2.700000000000000178e+00,4.965264787863827856e+00
3.129999999999975114e-06,2.700000000000000178e+00,4.965334553963686837e+00
3.134999999999975067e-06,2.700000000000000178e+00,4.965403647137807575e+00
3.139999999999975019e-06,2.700000000000000178e+00,4.965472076424891412e+00
3.144999999999974971e-06,2.700000000000000178e+00,4.965539850698947433e+00
3.149999999999974923e-06,2.700000000000000178e+00,4.965606978673146266e+00
3.154999999999974875e-06,2.700000000000000178e+00,4.965673468903350596e+00
3.159999999999974827e-06,2.700000000000000178e+00,4.965739329791715839e+00
3.164999999999974779e-06,2.700000000000000178e+00,4.965804569590552831e+00
3.169999999999974731e-06,2.700000000000000178e+00,4.965869196405432895e+00
3.174999999999974684e-06,2.700000000000000178e+00,4.965933218198546051e+00
3.179999999999974636e-06,2.700000000000000178e+00,4.965996642792418037e+00
3.184999999999974588e-06,2.700000000000000178e+00,4.966059477872302175e+00
3.189999999999974540e-06,2.700000000000000178e+00,4.966121730989862648e+00
3.194999999999974492e-06,2.700000000000000178e+00,4.966183409566217399e+00
3.199999999999974444e-06,2.700000000000000178e+00,4.966244520894120384e+00
3.204999999999974396e-06,2.700000000000000178e+00,4.966305072141344645e+00
3.209999999999974348e-06,2.700000000000000178e+00,4.966365070353560895e+00
3.214999999999974301e-06,2.700000000000000178e+00,4.966424522456678758e+00
3.219999999999974253e-06,2.700000000000000178e+00,4.966483435259484658e+00
3.224999999999974205e-06,2.700000000000000178e+00,4.966541815456285036e+00
3.229999999999974157e-06,2.700000000000000178e+00,4.966599669629604641e+00
3.234999999999974109e-06,2.700000000000000178e+00,4.966657004251867846e+00
3.239999999999974061e-06,2.700000000000000178e+00,4.966713825688231054e+00
3.244999999999974013e-06,2.700000000000000178e+00,4.966770140199333383e+00
3.249999999999973965e-06,2.700000000000000178e+00,4.966825953942706207e+00
3.254999999999973918e-06,2.700000000000000178e+00,4.966881272975093076e+00
3.259999999999973870e-06,2.700000000000000178e+00,4.966936103254735890e+00
3.264999999999973822e-06,2.700000000000000178e+00,4.966990450643574917e+00
3.269999999999973774e-06,2.700000000000000178e+00,4.967044320908806654e+00
3.274999999999973726e-06,2.700000000000000178e+00,4.967097719725471094e+00
3.279999999999973678e-06,2.700000000000000178e+00,4.967150652677546852e+00
3.284999999999973630e-06,2.700000000000000178e+00,4.967203125260291507e+00
3.289999999999973583e-06,2.700000000000000178e+00,4.967255142882415875e+00
3.294999999999973535e-06,2.700000000000000178e+00,4.967306710867051223e+00
3.299999999999973487e-06,2.700000000000000178e+00,4.967357834453669518e+00
3.304999999999973439e-06,2.700000000000000178e+00,4.967408518800001893e+00
3.309999999999973391e-06,2.700000000000000178e+00,4.967458768984024609e+00
3.314999999999973343e-06,2.700000000000000178e+00,4.967508590004576341e+00
3.319999999999973295e-06,2.700000000000000178e+00,4.967557986783636359e+00
3.324999999999973247e-06,2.700000000000000178e+00,4.967606964167881500e+00
3.329999999999973200e-06,2.700000000000000178e+00,4.967655526929518395e+00
3.334999999999973152e-06,2.700000000000000178e+00,4.967703679768572300e+00
3.339999999999973104e-06,2.700000000000000178e+00,4.967751427313669588e+00
3.344999999999973056e-06,2.700000000000000178e+00,4.967798774123346917e+00
3.349999999999973008e-06,2.700000000000000178e+00,4.967845724688110920e+00
3.354999999999972960e-06,2.700000000000000178e+00,4.967892283431387668e+00
3.359999999999972912e-06,2.700000000000000178e+00,4.967938454710290053e+00
3.364999999999972864e-06,2.700000000000000178e+00,4.967984242817671259e+00
3.369999999999972817e-06,2.700000000000000178e+00,4.968029651982826422e+00
3.374999999999972769e-06,2.700000000000000178e+00,4.968074686372781379e+00
3.379999999999972721e-06,2.700000000000000178e+00,4.968119350093706643e+00
3.384999999999972673e-06,2.700000000000000178e+00,4.968163647191881083e+00
3.389999999999972625e-06,2.700000000000000178e+00,4.968207581654731975e+00
3.394999999999972577e-06,2.700000000000000178e+00,4.968251157411989638e+00
3.399999999999972529e-06,2.700000000000000178e+00,4.968294378336750583e+00
3.404999999999972481e-06,2.700000000000000178e+00,4.968337248246603721e+00
3.409999999999972434e-06,2.700000000000000178e+00,4.968379770904456372e+00
3.414999999999972386e-06,2.700000000000000178e+00,4.968421950019895839e+00
3.419999999999972338e-06,2.700000000000000178e+00,4.968463789249799589e+00
3.424999999999972290e-06,2.700000000000000178e+00,4.968505292199210999e+00
3.429999999999972242e-06,2.700000000000000178e+00,4.968546462422620991e+00
3.434999999999972194e-06,2.700000000000000178e+00,4.968587303424711443e+00
3.439999999999972146e-06,2.700000000000000178e+00,4.968627818661389917e+00
3.444999999999972098e-06,2.700000000000000178e+00,4.968668011540297691e+00
3.449999999999972051e-06,2.700000000000000178e+00,4.968707885421944859e+00
3.454999999999972003e-06,2.700000000000000178e+00,4.968747443620403104e+00
3.459999999999971955e-06,2.700000000000000178e+00,4.968786689404466550e+00
3.464999999999971907e-06,2.700000000000000178e+00,4.968825625997870254e+00
3.469999999999971859e-06,2.700000000000000178e+00,4.968864256580705963e+00
3.474999999999971811e-06,2.700000000000000178e+00,4.968902584289702773e+00
3.479999999999971763e-06,2.700000000000000178e+00,4.968940612218983865e+00
3.484999999999971716e-06,2.700000000000000178e+00,4.968978343421166954e+00
3.489999999999971668e-06,2.700000000000000178e+00,4.969015780907827029e+00
3.494999999999971620e-06,2.700000000000000178e+00,4.969052927650190910e+00
3.499999999999971572e-06,2.700000000000000178e+00,4.969089786579736767e+00
3.504999999999971524e-06,2.700000000000000178e+00,4.969126360589239511e+00
3.509999999999971476e-06,2.700000000000000178e+00,4.969162652533086089e+00
3.514999999999971428e-06,2.700000000000000178e+00,4.969198665228003797e+00
3.519999999999971380e-06,2.700000000000000178e+00,4.969234401453832994e+00
3.524999999999971333e-06,2.700000000000000178e+00,4.969269863953805988e+00
3.529999999999971285e-06,2.700000000000000178e+00,4.969305055435570218e+00
3.534999999999971237e-06,2.700000000000000178e+00,4.969339978571357008e+00
3.539999999999971189e-06,2.700000000000000178e+00,4.969374635999002088e+00
3.544999999999971141e-06,2.700000000000000178e+00,4.969409030322486487e+00
3.549999999999971093e-06,2.700000000000000178e+00,4.969443164111725153e+00
3.554999999999971045e-06,2.700000000000000178e+00,4.969477039904183435e+00
3.559999999999970997e-06,2.700000000000000178e+00,4.969510660204782049e+00
3.564999999999970950e-06,2.700000000000000178e+00,4.969544027486398008e+00
3.569999999999970902e-06,2.700000000000000178e+00,4.969577144191042350e+00
3.574999999999970854e-06,2.700000000000000178e+00,4.969610012729346771e+00
3.579999999999970806e-06,2.700000000000000178e+00,4.969642635481879012e+00
3.584999999999970758e-06,2.700000000000000178e+00,4.969675014799411095e+00
3.589999999999970710e-06,2.700000000000000178e+00,4.969707153002814515e+00
3.594999999999970662e-06,2.700000000000000178e+00,4.969739052384693601e+00
3.599999999999970614e-06,2.700000000000000178e+00,4.969770715208934320e+00
3.604999999999970567e-06,2.700000000000000178e+00,4.969802143711169684e+00
3.609999999999970519e-06,2.700000000000000178e+00,4.969833340099690133e+00
3.614999999999970471e-06,2.700000000000000178e+00,4.969864306555773936e+00
3.619999999999970423e-06,2.700000000000000178e+00,4.969895045233728936e+00
3.624999999999970375e-06,2.700000000000000178e+00,4.969925558261467202e+00
3.629999999999970327e-06,2.700000000000000178e+00,4.969955847741500676e+00
3.634999999999970279e-06,2.700000000000000178e+00,4.969985915750347871e+00
3.639999999999970231e-06,2.700000000000000178e+00,4.970015764339460240e+00
3.644999999999970184e-06,2.700000000000000178e+00,4.970045395535764854e+00
3.649999999999970136e-06,2.700000000000000178e+00,4.970074811341883780e+00
3.654999999999970088e-06,2.700000000000000178e+00,4.970104013736550641e+00
3.659999999999970040e-06,2.700000000000000178e+00,4.970133004674329946e+00
3.664999999999969992e-06,2.700000000000000178e+00,4.970161786087090583e+00
3.669999999999969944e-06,2.700000000000000178e+00,4.970190359883612352e+00
3.674999999999969896e-06,2.700000000000000178e+00,4.970218727950098447e+00
3.679999999999969849e-06,2.700000000000000178e+00,4.970246892150678164e+00
3.684999999999969801e-06,2.700000000000000178e+00,4.970274854327435321e+00
3.689999999999969753e-06,2.700000000000000178e+00,4.970302616300923404e+00
3.694999999999969705e-06,2.700000000000000178e+00,4.970330179870538601e+00
3.699999999999969657e-06,2.700000000000000178e+00,4.970357546814677008e+00
3.704999999999969609e-06,2.700000000000000178e+00,4.970384718890995757e+00
3.709999999999969561e-06,2.700000000000000178e+00,4.970411697837240794e+00
3.714999999999969513e-06,2.700000000000000178e+00,4.970438485370776149e+00
3.719999999999969466e-06,2.700000000000000178e+00,4.970465083189441025e+00
3.724999999999969418e-06,2.700000000000000178e+00,4.970491492971300218e+00
3.729999999999969370e-06,2.700000000000000178e+00,4.970517716375414174e+00
3.734999999999969322e-06,2.700000000000000178e+00,4.970543755042398537e+00
3.739999999999969274e-06,2.700000000000000178e+00,4.970569610593898346e+00
3.744999999999969226e-06,2.700000000000000178e+00,4.970595284633096966e+00
3.749999999999969178e-06,2.700000000000000178e+00,4.970620778745193036e+00
3.754999999999969130e-06,2.700000000000000178e+00,4.970646094497797485e+00
3.759999999999969083e-06,2.700000000000000178e+00,4.970671233440548953e+00
3.764999999999969035e-06,2.700000000000000178e+00,4.970696197106248881e+00
3.769999999999968987e-06,2.700000000000000178e+00,4.970720987010218472e+00
3.774999999999968939e-06,2.700000000000000178e+00,4.970745604650995020e+00
3.779999999999968891e-06,2.700000000000000178e+00,4.970770051510909227e+00
3.784999999999968843e-06,2.700000000000000178e+00,4.970794329055457261e+00
3.789999999999968795e-06,2.700000000000000178e+00,4.970818438734136535e+00
3.794999999999968747e-06,2.700000000000000178e+00,4.970842381980721036e+00
3.799999999999968700e-06,2.700000000000000178e+00,4.970866160213306628e+00
3.804999999999968652e-06,2.700000000000000178e+00,4.970889774834061470e+00
3.809999999999968604e-06,2.700000000000000178e+00,4.970913227230307818e+00
3.814999999999968556e-06,2.700000000000000178e+00,4.970936518774379032e+00
3.819999999999968508e-06,2.700000000000000178e+00,4.970959650823352227e+00
3.824999999999968460e-06,2.700000000000000178e+00,4.970982624720137188e+00
3.829999999999968412e-06,2.700000000000000178e+00,4.971005441792912372e+00
3.834999999999968364e-06,2.700000000000000178e+00,4.971028103355542349e+00
3.839999999999968317e-06,2.700000000000000178e+00,4.971050610708147133e+00
3.844999999999968269e-06,2.700000000000000178e+00,4.971072965136913879e+00
3.849999999999968221e-06,2.700000000000000178e+00,4.971095167914174162e+00
3.854999999999968173e-06,2.700000000000000178e+00,4.971117220298669537e+00
3.859999999999968125e-06,2.700000000000000178e+00,4.971139123536135074e+00
3.864999999999968077e-06,2.700000000000000178e+00,4.971160878859264720e+00
3.869999999999968029e-06,2.700000000000000178e+00,4.971182487487249446e+00
3.874999999999967982e-06,2.700000000000000178e+00,4.971203950627041124e+00
3.879999999999967934e-06,2.700000000000000178e+00,4.971225269472816954e+00
3.884999999999967886e-06,2.700000000000000178e+00,4.971246445205986575e+00
3.889999999999967838e-06,2.700000000000000178e+00,4.971267478996141520e+00
3.894999999999967790e-06,2.700000000000000178e+00,4.971288372000347344e+00
3.899999999999967742e-06,2.700000000000000178e+00,4.971309125364098414e+00
3.904999999999967694e-06,2.700000000000000178e+00,4.971329740220824966e+00
3.909999999999967646e-06,2.700000000000000178e+00,4.971350217692262596e+00
3.914999999999967599e-06,2.700000000000000178e+00,4.971370558888867031e+00
3.919999999999967551e-06,2.700000000000000178e+00,4.971390764909405569e+00
3.924999999999967503e-06,2.700000000000000178e+00,4.971410836841590353e+00
3.929999999999967455e-06,2.700000000000000178e+00,4.971430775762167187e+00
3.934999999999967407e-06,2.700000000000000178e+00,4.971450582736949286e+00
3.939999999999967359e-06,2.700000000000000178e+00,4.971470258820867905e+00
3.944999999999967311e-06,2.700000000000000178e+00,4.971489805058204148e+00
3.949999999999967263e-06,2.700000000000000178e+00,4.971509222482706214e+00
3.954999999999967216e-06,2.700000000000000178e+00,4.971528512117783905e+00
3.959999999999967168e-06,2.700000000000000178e+00,4.971547674976589448e+00
3.964999999999967120e-06,2.700000000000000178e+00,4.971566712062222670e+00
3.969999999999967072e-06,2.700000000000000178e+00,4.971585624367699019e+00
3.974999999999967024e-06,2.700000000000000178e+00,4.971604412876113877e+00
3.979999999999966976e-06,2.700000000000000178e+00,4.971623078560899245e+00
3.984999999999966928e-06,2.700000000000000178e+00,4.971641622386011150e+00
3.989999999999966880e-06,2.700000000000000178e+00,4.971660045305777764e+00
3.994999999999966833e-06,2.700000000000000178e+00,4.971678348264735092e+00
3.999999999999966785e-06,2.700000000000000178e+00,4.971696532198907725e+00
4.004999999999966737e-06,2.700000000000000178e+00,4.971714598034682631e+00
4.009999999999966689e-06,2.700000000000000178e+00,4.971732546689300314e+00
4.014999999999966641e-06,2.700000000000000178e+00,4.971750379071484538e+00
4.019999999999966593e-06,2.700000000000000178e+00,4.971768096080732668e+00
4.024999999999966545e-06,2.700000000000000178e+00,4.971785698608230497e+00
4.029999999999966497e-06,2.700000000000000178e+00,4.971803187536234070e+00
4.034999999999966450e-06,2.700000000000000178e+00,4.971820563738553744e+00
4.039999999999966402e-06,2.700000000000000178e+00,4.971837828080824195e+00
4.044999999999966354e-06,2.700000000000000178e+00,4.971854981419913777e+00
4.049999999999966306e-06,2.700000000000000178e+00,4.971872024604761187e+00
4.054999999999966258e-06,2.700000000000000178e+00,4.971888958476369247e+00
4.059999999999966210e-06,2.700000000000000178e+00,4.971905783867660134e+00
4.064999999999966162e-06,2.700000000000000178e+00,4.971922501603223132e+00
4.069999999999966115e-06,2.700000000000000178e+00,4.971939112500311175e+00
4.074999999999966067e-06,2.700000000000000178e+00,4.971955617368503333e+00
4.079999999999966019e-06,2.700000000000000178e+00,4.971972017009324674e+00
4.084999999999965971e-06,2.700000000000000178e+00,4.971988312217006545e+00
4.089999999999965923e-06,2.700000000000000178e+00,4.972004503778395090e+00
4.094999999999965875e-06,2.700000000000000178e+00,4.972020592472803813e+00
4.099999999999965827e-06,2.700000000000000178e+00,4.972036579072169005e+00
4.104999999999965779e-06,2.700000000000000178e+00,4.972052464341534694e+00
4.109999999999965732e-06,2.700000000000000178e+00,4.972068249038633425e+00
4.114999999999965684e-06,2.700000000000000178e+00,4.972083933914396070e+00
4.119999999999965636e-06,2.700000000000000178e+00,4.972099519712577020e+00
4.124999999999965588e-06,2.700000000000000178e+00,4.972115007169979783e+00
4.129999999999965540e-06,2.700000000000000178e+00,4.972130397016843339e+00
4.134999999999965492e-06,2.700000000000000178e+00,4.972145689976758653e+00
4.139999999999965444e-06,2.700000000000000178e+00,4.972160886766444854e+00
4.144999999999965396e-06,2.700000000000000178e+00,4.972175988096135590e+00
4.149999999999965349e-06,2.700000000000000178e+00,4.972190994669721142e+00
4.154999999999965301e-06,2.700000000000000178e+00,4.972205907184422458e+00
4.159999999999965253e-06,2.700000000000000178e+00,4.972220726331282314e+00
4.164999999999965205e-06,2.700000000000000178e+00,4.972235452795237265e+00
4.169999999999965157e-06,2.700000000000000178e+00,4.972250087254804107e+00
4.174999999999965109e-06,2.700000000000000178e+00,4.972264630382449369e+00
4.179999999999965061e-06,2.700000000000000178e+00,4.972279082844514697e+00
4.184999999999965013e-06,2.700000000000000178e+00,4.972293445301506409e+00
4.189999999999964966e-06,2.700000000000000178e+00,4.972307718407836141e+00
4.194999999999964918e-06,2.700000000000000178e+00,4.972321902812127270e+00
4.199999999999964870e-06,2.700000000000000178e+00,4.972335999157484920e+00
4.204999999999964822e-06,2.700000000000000178e+00,4.972350008080864470e+00
4.209999999999964774e-06,2.700000000000000178e+00,4.972363930213836269e+00
4.214999999999964726e-06,2.700000000000000178e+00,4.972377766182161096e+00
4.219999999999964678e-06,2.700000000000000178e+00,4.972391516606220030e+00
4.224999999999964630e-06,2.700000000000000178e+00,4.972405182101040211e+00
4.229999999999964583e-06,2.700000000000000178e+00,4.972418763275879172e+00
4.234999999999964535e-06,2.700000000000000178e+00,4.972432260734940712e+00
4.239999999999964487e-06,2.700000000000000178e+00,4.972445675077204363e+00
4.244999999999964439e-06,2.700000000000000178e+00,4.972459006896016831e+00
4.249999999999964391e-06,2.700000000000000178e+00,4.972472256779680855e+00
4.254999999999964343e-06,2.700000000000000178e+00,4.972485425311708340e+00
4.259999999999964295e-06,2.700000000000000178e+00,4.972498513070127579e+00
4.264999999999964247e-06,2.700000000000000178e+00,4.972511520628173365e+00
4.269999999999964200e-06,2.700000000000000178e+00,4.972524448554216825e+00
4.274999999999964152e-06,2.700000000000000178e+00,4.972537297411363078e+00
4.279999999999964104e-06,2.700000000000000178e+00,4.972550067758112036e+00
4.284999999999964056e-06,2.700000000000000178e+00,4.972562760148033334e+00
4.289999999999964008e-06,2.700000000000000178e+00,4.972575375130181996e+00
4.294999999999963960e-06,2.700000000000000178e+00,4.972587913248782243e+00
4.299999999999963912e-06,2.700000000000000178e+00,4.972600375043195520e+00
4.304999999999963865e-06,2.700000000000000178e+00,4.972612761048557317e+00
4.309999999999963817e-06,2.700000000000000178e+00,4.972625071795118146e+00
4.314999999999963769e-06,2.700000000000000178e+00,4.972637307808900786e+00
4.319999999999963721e-06,2.700000000000000178e+00,4.972649469611268636e+00
4.324999999999963673e-06,2.700000000000000178e+00,4.972661557719081138e+00
4.329999999999963625e-06,2.700000000000000178e+00,4.972673572645150308e+00
4.334999999999963577e-06,2.700000000000000178e+00,4.972685514897835724e+00
4.339999999999963529e-06,2.700000000000000178e+00,4.972697384981170643e+00
4.344999999999963482e-06,2.700000000000000178e+00,4.972709183394885102e+00
4.349999999999963434e-06,2.700000000000000178e+00,4.972720910634785163e+00
4.354999999999963386e-06,2.700000000000000178e+00,4.972732567192268860e+00
4.359999999999963338e-06,2.700000000000000178e+00,4.972744153554569557e+00
4.364999999999963290e-06,2.700000000000000178e+00,4.972755670205338596e+00
4.369999999999963242e-06,2.700000000000000178e+00,4.972767117623748234e+00
4.374999999999963194e-06,2.700000000000000178e+00,4.972778496285052086e+00
4.379999999999963146e-06,2.700000000000000178e+00,4.972789806660806278e+00
4.384999999999963099e-06,2.700000000000000178e+00,4.972801049218543490e+00
4.389999999999963051e-06,2.700000000000000178e+00,4.972812224421912397e+00
4.394999999999963003e-06,2.700000000000000178e+00,4.972823332730627932e+00
4.399999999999962955e-06,2.700000000000000178e+00,4.972834374600899388e+00
4.404999999999962907e-06,2.700000000000000178e+00,4.972845350484982774e+00
4.409999999999962859e-06,2.700000000000000178e+00,4.972856260831519215e+00
4.414999999999962811e-06,2.700000000000000178e+00,4.972867106085535838e+00
4.419999999999962763e-06,2.700000000000000178e+00,4.972877886688491955e+00
4.424999999999962716e-06,2.700000000000000178e+00,4.972888603077895375e+00
4.429999999999962668e-06,2.700000000000000178e+00,4.972899255688122189e+00
4.434999999999962620e-06,2.700000000000000178e+00,4.972909844949804814e+00
4.439999999999962572e-06,2.700000000000000178e+00,4.972920371289991870e+00
4.444999999999962524e-06,2.700000000000000178e+00,4.972930835132770788e+00
4.449999999999962476e-06,2.700000000000000178e+00,4.972941236898289041e+00
4.454999999999962428e-06,2.700000000000000178e+00,4.972951577003565049e+00
4.459999999999962380e-06,2.700000000000000178e+00,4.972961855862171987e+00
4.464999999999962333e-06,2.700000000000000178e+00,4.972972073884251110e+00
4.469999999999962285e-06,2.700000000000000178e+00,4.972982231476956727e+00
4.474999999999962237e-06,2.700000000000000178e+00,4.972992329044120474e+00
4.479999999999962189e-06,2.700000000000000178e+00,4.973002366986254863e+00
4.484999999999962141e-06,2.700000000000000178e+00,4.973012345700640324e+00
4.489999999999962093e-06,2.700000000000000178e+00,4.973022265581568568e+00
4.494999999999962045e-06,2.700000000000000178e+00,4.973032127020183601e+00
4.499999999999961998e-06,2.700000000000000178e+00,4.973041930404430211e+00
4.504999999999961950e-06,2.700000000000000178e+00,4.973051676119033537e+00
4.509999999999961902e-06,2.700000000000000178e+00,4.973061364546161656e+00
4.514999999999961854e-06,2.700000000000000178e+00,4.973070996064642202e+00
4.519999999999961806e-06,2.700000000000000178e+00,4.973080571050128462e+00
4.524999999999961758e-06,2.700000000000000178e+00,4.973090089876026632e+00
4.529999999999961710e-06,2.700000000000000178e+00,4.973099552912179533e+00
4.534999999999961662e-06,2.700000000000000178e+00,4.973108960525610911e+00
4.539999999999961615e-06,2.700000000000000178e+00,4.973118313080695962e+00
4.544999999999961567e-06,2.700000000000000178e+00,4.973127610938801624e+00
4.549999999999961519e-06,2.700000000000000178e+00,4.973136854458771516e+00
4.554999999999961471e-06,2.700000000000000178e+00,4.973146043996390375e+00
4.559999999999961423e-06,2.700000000000000178e+00,4.973155179904829915e+00
4.564999999999961375e-06,2.700000000000000178e+00,4.973164262534372604e+00
4.569999999999961327e-06,2.700000000000000178e+00,4.973173292232744735e+00
4.574999999999961279e-06,2.700000000000000178e+00,4.973182269344869511e+00
4.579999999999961232e-06,2.700000000000000178e+00,4.973191194213129940e+00
4.584999999999961184e-06,2.700000000000000178e+00,4.973200067177260486e+00
4.589999999999961136e-06,2.700000000000000178e+00,4.973208888574323083e+00
4.594999999999961088e-06,2.700000000000000178e+00,4.973217658738908753e+00
4.599999999999961040e-06,2.700000000000000178e+00,4.973226378002943093e+00
4.604999999999960992e-06,2.700000000000000178e+00,4.973235046695870132e+00
4.609999999999960944e-06,2.700000000000000178e+00,4.973243665144629233e+00
4.614999999999960896e-06,2.700000000000000178e+00,4.973252233673669309e+00
4.619999999999960849e-06,2.700000000000000178e+00,4.973260752605062507e+00
4.624999999999960801e-06,2.700000000000000178e+00,4.973269222258230648e+00
4.629999999999960753e-06,2.700000000000000178e+00,4.973277642950253430e+00
4.634999999999960705e-06,2.700000000000000178e+00,4.973286014996126880e+00
4.639999999999960657e-06,2.700000000000000178e+00,4.973294338707926698e+00
4.644999999999960609e-06,2.700000000000000178e+00,4.973302614395842092e+00
4.649999999999960561e-06,2.700000000000000178e+00,4.973310842367655304e+00
4.654999999999960513e-06,2.700000000000000178e+00,4.973319022928428090e+00
4.659999999999960466e-06,2.700000000000000178e+00,4.973327156381333936e+00
4.664999999999960418e-06,2.700000000000000178e+00,4.973335243027370289e+00
4.669999999999960370e-06,2.700000000000000178e+00,4.973343283165039708e+00
4.674999999999960322e-06,2.700000000000000178e+00,4.973351277090753975e+00
4.679999999999960274e-06,2.700000000000000178e+00,4.973359225098450409e+00
4.684999999999960226e-06,2.700000000000000178e+00,4.973367127480057270e+00
4.689999999999960178e-06,2.700000000000000178e+00,4.973374984525562148e+00
4.694999999999960131e-06,2.700000000000000178e+00,4.973382796522638927e+00
4.699999999999960083e-06,2.700000000000000178e+00,4.973390563756736604e+00
4.704999999999960035e-06,2.700000000000000178e+00,4.973398286511274691e+00
4.709999999999959987e-06,2.700000000000000178e+00,4.973405965067551726e+00
4.714999999999959939e-06,2.700000000000000178e+00,4.973413599704923804e+00
4.719999999999959891e-06,2.700000000000000178e+00,4.973421190700429761e+00
4.724999999999959843e-06,2.700000000000000178e+00,4.973428738329158882e+00
4.729999999999959795e-06,2.700000000000000178e+00,4.973436242864473833e+00
4.734999999999959748e-06,2.700000000000000178e+00,4.973443704577465319e+00
4.739999999999959700e-06,2.700000000000000178e+00,4.973451123737194557e+00
4.744999999999959652e-06,2.700000000000000178e+00,4.973458500611002364e+00
4.749999999999959604e-06,2.700000000000000178e+00,4.973465835464123685e+00
4.754999999999959556e-06,2.700000000000000178e+00,4.973473128559795953e+00
4.759999999999959508e-06,2.700000000000000178e+00,4.973480380159602809e+00
4.764999999999959460e-06,2.700000000000000178e+00,4.973487590522979396e+00
4.769999999999959412e-06,2.700000000000000178e+00,4.973494759907553409e+00
4.774999999999959365e-06,2.700000000000000178e+00,4.973501888569177964e+00
4.779999999999959317e-06,2.700000000000000178e+00,4.973508976761706890e+00
4.784999999999959269e-06,2.700000000000000178e+00,4.973516024737370422e+00
4.789999999999959221e-06,2.700000000000000178e+00,4.973523032746328454e+00
4.794999999999959173e-06,2.700000000000000178e+00,4.973530001037125281e+00
4.799999999999959125e-06,2.700000000000000178e+00,4.973536929856440914e+00
4.804999999999959077e-06,2.700000000000000178e+00,4.973543819449140813e+00
4.809999999999959029e-06,2.700000000000000178e+00,4.973550670058735079e+00
4.814999999999958982e-06,2.700000000000000178e+00,4.973557481926516921e+00
4.819999999999958934e-06,2.700000000000000178e+00,4.973564255292074243e+00
4.824999999999958886e-06,2.700000000000000178e+00,4.973570990393555213e+00
4.829999999999958838e-06,2.700000000000000178e+00,4.973577687467210851e+00
4.834999999999958790e-06,2.700000000000000178e+00,4.973584346747807139e+00
4.839999999999958742e-06,2.700000000000000178e+00,4.973590968468427853e+00
4.844999999999958694e-06,2.700000000000000178e+00,4.973597552860242743e+00
4.849999999999958646e-06,2.700000000000000178e+00,4.973604100152996033e+00
4.854999999999958599e-06,2.700000000000000178e+00,4.973610610574740853e+00
4.859999999999958551e-06,2.700000000000000178e+00,4.973617084351922735e+00
4.864999999999958503e-06,2.700000000000000178e+00,4.973623521709468420e+00
4.869999999999958455e-06,2.700000000000000178e+00,4.973629922870718367e+00
4.874999999999958407e-06,2.700000000000000178e+00,4.973636288057310395e+00
4.879999999999958359e-06,2.700000000000000178e+00,4.973642617489602458e+00
4.884999999999958311e-06,2.700000000000000178e+00,4.973648911386041149e+00
4.889999999999958264e-06,2.700000000000000178e+00,4.973655169963693723e+00
4.894999999999958216e-06,2.700000000000000178e+00,4.973661393438309375e+00
4.899999999999958168e-06,2.700000000000000178e+00,4.973667582023801437e+00
4.904999999999958120e-06,2.700000000000000178e+00,4.973673735932979234e+00
4.909999999999958072e-06,2.700000000000000178e+00,4.973679855376797576e+00
4.914999999999958024e-06,2.700000000000000178e+00,4.973685940564856800e+00
4.919999999999957976e-06,2.700000000000000178e+00,4.973691991705590176e+00
4.924999999999957928e-06,2.700000000000000178e+00,4.973698009005445009e+00
4.929999999999957881e-06,2.700000000000000178e+00,4.973703992669790352e+00
4.934999999999957833e-06,2.700000000000000178e+00,4.973709942902845071e+00
4.939999999999957785e-06,2.700000000000000178e+00,4.973715859906727488e+00
4.944999999999957737e-06,2.700000000000000178e+00,4.973721743882685509e+00
4.949999999999957689e-06,2.700000000000000178e+00,4.973727595030508652e+00
4.954999999999957641e-06,2.700000000000000178e+00,4.973733413548250937e+00
4.959999999999957593e-06,2.700000000000000178e+00,4.973739199633082642e+00
4.964999999999957545e-06,2.700000000000000178e+00,4.973744953480801811e+00
4.969999999999957498e-06,2.700000000000000178e+00,4.973750675285454115e+00
4.974999999999957450e-06,2.700000000000000178e+00,4.973756365239871080e+00
4.979999999999957402e-06,2.700000000000000178e+00,4.973762023536023591e+00
4.984999999999957354e-06,2.700000000000000178e+00,4.973767650364165682e+00
4.989999999999957306e-06,2.700000000000000178e+00,4.973773245913247543e+00
4.994999999999957258e-06,2.700000000000000178e+00,4.973778810370959924e+00
4.999999999999957210e-06,2.700000000000000178e+00,4.973784343923857598e+00
5.004999999999957162e-06,2.700000000000000178e+00,4.973789846757259880e+00
5.009999999999957115e-06,2.700000000000000178e+00,4.973795319054991282e+00
5.014999999999957067e-06,2.700000000000000178e+00,4.973800760999752768e+00
5.019999999999957019e-06,2.700000000000000178e+00,4.973806172772955669e+00
5.024999999999956971e-06,2.700000000000000178e+00,4.973811554554967707e+00
5.029999999999956923e-06,2.700000000000000178e+00,4.973816906524798576e+00
5.034999999999956875e-06,2.700000000000000178e+00,4.973822228860334427e+00
5.039999999999956827e-06,2.700000000000000178e+00,4.973827521738124702e+00
5.044999999999956779e-06,2.700000000000000178e+00,4.973832785333608619e+00
5.049999999999956732e-06,2.700000000000000178e+00,4.973838019820959744e+00
5.054999999999956684e-06,2.700000000000000178e+00,4.973843225373379973e+00
5.059999999999956636e-06,2.700000000000000178e+00,4.973848402162910354e+00
5.064999999999956588e-06,2.700000000000000178e+00,4.973853550360145981e+00
5.069999999999956540e-06,2.700000000000000178e+00,4.973858670134761795e+00
5.074999999999956492e-06,2.700000000000000178e+00,4.973863761655310967e+00
5.079999999999956444e-06,2.700000000000000178e+00,4.973868825089285295e+00
5.084999999999956397e-06,2.700000000000000178e+00,4.973873860602811448e+00
5.089999999999956349e-06,2.700000000000000178e+00,4.973878868361171435e+00
5.094999999999956301e-06,2.700000000000000178e+00,4.973883848528251939e+00
5.099999999999956253e-06,2.700000000000000178e+00,4.973888801267273507e+00
5.104999999999956205e-06,2.700000000000000178e+00,4.973893726739969878e+00
5.109999999999956157e-06,2.700000000000000178e+00,4.973898625107241678e+00
5.114999999999956109e-06,2.700000000000000178e+00,4.973903496528929047e+00
5.119999999999956061e-06,2.700000000000000178e+00,4.973908341163548741e+00
5.124999999999956014e-06,2.700000000000000178e+00,4.973913159169020659e+00
5.129999999999955966e-06,2.700000000000000178e+00,4.973917950701840951e+00
5.134999999999955918e-06,2.700000000000000178e+00,4.973922715917582948e+00
5.139999999999955870e-06,2.700000000000000178e+00,4.973927454970942463e+00
5.144999999999955822e-06,2.700000000000000178e+00,4.973932168015376298e+00
5.149999999999955774e-06,2.700000000000000178e+00,4.973936855203365148e+00
5.154999999999955726e-06,2.700000000000000178e+00,4.973941516686703146e+00
5.159999999999955678e-06,2.700000000000000178e+00,4.973946152615756233e+00
5.164999999999955631e-06,2.700000000000000178e+00,4.973950763140142506e+00
5.169999999999955583e-06,2.700000000000000178e+00,4.973955348408501287e+00
5.174999999999955535e-06,2.700000000000000178e+00,4.973959908568434507e+00
5.179999999999955487e-06,2.700000000000000178e+00,4.973964443766623944e+00
5.184999999999955439e-06,2.700000000000000178e+00,4.973968954148841881e+00
5.189999999999955391e-06,2.700000000000000178e+00,4.973973439859934231e+00
5.194999999999955343e-06,2.700000000000000178e+00,4.973977901043654448e+00
5.199999999999955295e-06,2.700000000000000178e+00,4.973982337842778101e+00
5.204999999999955248e-06,2.700000000000000178e+00,4.973986750399342682e+00
5.209999999999955200e-06,2.700000000000000178e+00,4.973991138854459315e+00
5.214999999999955152e-06,2.700000000000000178e+00,4.973995503348207059e+00
5.219999999999955104e-06,2.700000000000000178e+00,4.973999844019822980e+00
5.224999999999955056e-06,2.700000000000000178e+00,4.974004161007758107e+00
5.229999999999955008e-06,2.700000000000000178e+00,4.974008454449402095e+00
5.234999999999954960e-06,2.700000000000000178e+00,4.974012724481235104e+00
5.239999999999954912e-06,2.700000000000000178e+00,4.974016971239023199e+00
5.244999999999954865e-06,2.700000000000000178e+00,4.974021194857479067e+00
5.249999999999954817e-06,2.700000000000000178e+00,4.974025395470638600e+00
5.254999999999954769e-06,2.700000000000000178e+00,4.974029573211693034e+00
5.259999999999954721e-06,2.700000000000000178e+00,4.974033728212812200e+00
5.264999999999954673e-06,2.700000000000000178e+00,4.974037860605241335e+00
5.269999999999954625e-06,2.700000000000000178e+00,4.974041970519524014e+00
5.274999999999954577e-06,2.700000000000000178e+00,4.974046058085535016e+00
5.279999999999954530e-06,2.700000000000000178e+00,4.974050123432198767e+00
5.284999999999954482e-06,2.700000000000000178e+00,4.974054166687643885e+00
5.289999999999954434e-06,2.700000000000000178e+00,4.974058187978820378e+00
5.294999999999954386e-06,2.700000000000000178e+00,4.974062187432103599e+00
5.299999999999954338e-06,2.700000000000000178e+00,4.974066165173571363e+00
5.304999999999954290e-06,2.700000000000000178e+00,4.974070121327881289e+00
5.309999999999954242e-06,2.700000000000000178e+00,4.974074056018982226e+00
5.314999999999954194e-06,2.700000000000000178e+00,4.974077969370214625e+00
5.319999999999954147e-06,2.700000000000000178e+00,4.974081861504138224e+00
5.324999999999954099e-06,2.700000000000000178e+00,4.974085732542444127e+00
5.329999999999954051e-06,2.700000000000000178e+00,4.974089582605826898e+00
5.334999999999954003e-06,2.700000000000000178e+00,4.974093411814730636e+00
5.339999999999953955e-06,2.700000000000000178e+00,4.974097220288589583e+00
5.344999999999953907e-06,2.700000000000000178e+00,4.974101008145939140e+00
5.349999999999953859e-06,2.700000000000000178e+00,4.974104775504804010e+00
5.354999999999953811e-06,2.700000000000000178e+00,4.974108522482338479e+00
5.359999999999953764e-06,2.700000000000000178e+00,4.974112249194888591e+00
5.364999999999953716e-06,2.700000000000000178e+00,4.974115955758134255e+00
5.369999999999953668e-06,2.700000000000000178e+00,4.974119642287298859e+00
5.374999999999953620e-06,2.700000000000000178e+00,4.974123308896649220e+00
5.379999999999953572e-06,2.700000000000000178e+00,4.974126955699480490e+00
5.384999999999953524e-06,2.700000000000000178e+00,4.974130582808758305e+00
5.389999999999953476e-06,2.700000000000000178e+00,4.974134190336740424e+00
5.394999999999953428e-06,2.700000000000000178e+00,4.974137778394752019e+00
5.399999999999953381e-06,2.700000000000000178e+00,4.974141347093516963e+00
5.404999999999953333e-06,2.700000000000000178e+00,4.974144896543029937e+00
5.409999999999953285e-06,2.700000000000000178e+00,4.974148426852833538e+00
5.414999999999953237e-06,2.700000000000000178e+00,4.974151938131629258e+00
5.419999999999953189e-06,2.700000000000000178e+00,4.974155430487483542e+00
5.424999999999953141e-06,2.700000000000000178e+00,4.974158904027582651e+00
5.429999999999953093e-06,2.700000000000000178e+00,4.974162358858533750e+00
5.434999999999953045e-06,2.700000000000000178e+00,4.974165795086560315e+00
5.439999999999952998e-06,2.700000000000000178e+00,4.974169212816980767e+00
5.444999999999952950e-06,2.700000000000000178e+00,4.974172612154335482e+00
5.449999999999952902e-06,2.700000000000000178e+00,4.974175993202862855e+00
5.454999999999952854e-06,2.700000000000000178e+00,4.974179356066087188e+00
5.459999999999952806e-06,2.700000000000000178e+00,4.974182700846509597e+00
5.464999999999952758e-06,2.700000000000000178e+00,4.974186027646442909e+00
5.469999999999952710e-06,2.700000000000000178e+00,4.974189336567551578e+00
5.474999999999952663e-06,2.700000000000000178e+00,4.974192627710481318e+00
5.479999999999952615e-06,2.700000000000000178e+00,4.974195901175618495e+00
5.484999999999952567e-06,2.700000000000000178e+00,4.974199157062725085e+00
5.489999999999952519e-06,2.700000000000000178e+00,4.974202395470634031e+00
5.494999999999952471e-06,2.700000000000000178e+00,4.974205616498045046e+00
5.499999999999952423e-06,2.700000000000000178e+00,4.974208820242691509e+00
5.504999999999952375e-06,2.700000000000000178e+00,4.974212006801669084e+00
5.509999999999952327e-06,2.700000000000000178e+00,4.974215176271795436e+00
5.514999999999952280e-06,2.700000000000000178e+00,4.974218328749186568e+00
5.519999999999952232e-06,2.700000000000000178e+00,4.974221464329229292e+00
5.524999999999952184e-06,2.700000000000000178e+00,4.974224583106734876e+00
5.529999999999952136e-06,2.700000000000000178e+00,4.974227685176031422e+00
5.534999999999952088e-06,2.700000000000000178e+00,4.974230770631098864e+00
5.539999999999952040e-06,2.700000000000000178e+00,4.974233839564893955e+00
5.544999999999951992e-06,2.700000000000000178e+00,4.974236892069860971e+00
5.549999999999951944e-06,2.700000000000000178e+00,4.974239928238395336e+00
5.554999999999951897e-06,2.700000000000000178e+00,4.974242948161851530e+00
5.559999999999951849e-06,2.700000000000000178e+00,4.974245951931116849e+00
5.564999999999951801e-06,2.700000000000000178e+00,4.974248939636567002e+00
5.569999999999951753e-06,2.700000000000000178e+00,4.974251911368031465e+00
5.574999999999951705e-06,2.700000000000000178e+00,4.974254867214814801e+00
5.579999999999951657e-06,2.700000000000000178e+00,4.974257807265656695e+00
5.584999999999951609e-06,2.700000000000000178e+00,4.974260731608695529e+00
5.589999999999951561e-06,2.700000000000000178e+00,4.974263640331701097e+00
5.594999999999951514e-06,2.700000000000000178e+00,4.974266533521939593e+00
5.599999999999951466e-06,2.700000000000000178e+00,4.974269411265773044e+00
5.604999999999951418e-06,2.700000000000000178e+00,4.974272273649385845e+00
5.609999999999951370e-06,2.700000000000000178e+00,4.974275120758453461e+00
5.614999999999951322e-06,2.700000000000000178e+00,4.974277952677938153e+00
5.619999999999951274e-06,2.700000000000000178e+00,4.974280769492557930e+00
5.624999999999951226e-06,2.700000000000000178e+00,4.974283571286252759e+00
5.629999999999951178e-06,2.700000000000000178e+00,4.974286358142505193e+00
5.634999999999951131e-06,2.700000000000000178e+00,4.974289130144470050e+00
5.639999999999951083e-06,2.700000000000000178e+00,4.974291887374600485e+00
5.644999999999951035e-06,2.700000000000000178e+00,4.974294629914946420e+00
5.649999999999950987e-06,2.700000000000000178e+00,4.974297357847301981e+00
5.654999999999950939e-06,2.700000000000000178e+00,4.974300071252496735e+00
5.659999999999950891e-06,2.700000000000000178e+00,4.974302770211140867e+00
5.664999999999950843e-06,2.700000000000000178e+00,4.974305454803456428e+00
5.669999999999950796e-06,2.700000000000000178e+00,4.974308125109112133e+00
5.674999999999950748e-06,2.700000000000000178e+00,4.974310781207102572e+00
5.679999999999950700e-06,2.700000000000000178e+00,4.974313423176208282e+00
5.684999999999950652e-06,2.700000000000000178e+00,4.974316051094623603e+00
5.689999999999950604e-06,2.700000000000000178e+00,4.974318665040128984e+00
5.694999999999950556e-06,2.700000000000000178e+00,4.974321265090069666e+00
5.699999999999950508e-06,2.700000000000000178e+00,4.974323851321148737e+00
5.704999999999950460e-06,2.700000000000000178e+00,4.974326423810003561e+00
5.709999999999950413e-06,2.700000000000000178e+00,4.974328982632275853e+00
5.714999999999950365e-06,2.700000000000000178e+00,4.974331527863459890e+00
5.719999999999950317e-06,2.700000000000000178e+00,4.974334059578769285e+00
5.724999999999950269e-06,2.700000000000000178e+00,4.974336577852680463e+00
5.729999999999950221e-06,2.700000000000000178e+00,4.974339082759234643e+00
5.734999999999950173e-06,2.700000000000000178e+00,4.974341574372308727e+00
5.739999999999950125e-06,2.700000000000000178e+00,4.974344052765115265e+00
5.744999999999950077e-06,2.700000000000000178e+00,4.974346518010465346e+00
5.749999999999950030e-06,2.700000000000000178e+00,4.974348970180854757e+00
5.754999999999949982e-06,2.700000000000000178e+00,4.974351409348241049e+00
5.759999999999949934e-06,2.700000000000000178e+00,4.974353835584031103e+00
5.764999999999949886e-06,2.700000000000000178e+00,4.974356248959599824e+00
5.769999999999949838e-06,2.700000000000000178e+00,4.974358649545597366e+00
5.774999999999949790e-06,2.700000000000000178e+00,4.974361037412171171e+00
5.779999999999949742e-06,2.700000000000000178e+00,4.974363412629386083e+00
5.784999999999949694e-06,2.700000000000000178e+00,4.974365775266617717e+00
5.789999999999949647e-06,2.700000000000000178e+00,4.974368125393059614e+00
5.794999999999949599e-06,2.700000000000000178e+00,4.974370463077225857e+00
5.799999999999949551e-06,2.700000000000000178e+00,4.974372788387523059e+00
5.804999999999949503e-06,2.700000000000000178e+00,4.974375101391785847e+00
5.809999999999949455e-06,2.700000000000000178e+00,4.974377402157426076e+00
5.814999999999949407e-06,2.700000000000000178e+00,4.974379690751577598e+00
5.819999999999949359e-06,2.700000000000000178e+00,4.974381967240822711e+00
5.824999999999949311e-06,2.700000000000000178e+00,4.974384231691725944e+00
5.829999999999949264e-06,2.700000000000000178e+00,4.974386484169922795e+00
5.834999999999949216e-06,2.700000000000000178e+00,4.974388724740999024e+00
5.839999999999949168e-06,2.700000000000000178e+00,4.974390953470240184e+00
5.844999999999949120e-06,2.700000000000000178e+00,4.974393170422232835e+00
5.849999999999949072e-06,2.700000000000000178e+00,4.974395375661367247e+00
5.854999999999949024e-06,2.700000000000000178e+00,4.974397569251747697e+00
5.859999999999948976e-06,2.700000000000000178e+00,4.974399751257125857e+00
5.864999999999948929e-06,2.700000000000000178e+00,4.974401921740632559e+00
5.869999999999948881e-06,2.700000000000000178e+00,4.974404080764960767e+00
5.874999999999948833e-06,2.700000000000000178e+00,4.974406228392948215e+00
5.879999999999948785e-06,2.700000000000000178e+00,4.974408364686817130e+00
5.884999999999948737e-06,2.700000000000000178e+00,4.974410489708272820e+00
5.889999999999948689e-06,2.700000000000000178e+00,4.974412603518617360e+00
5.894999999999948641e-06,2.700000000000000178e+00,4.974414706179029366e+00
5.899999999999948593e-06,2.700000000000000178e+00,4.974416797750483177e+00
5.904999999999948546e-06,2.700000000000000178e+00,4.974418878293262125e+00
5.909999999999948498e-06,2.700000000000000178e+00,4.974420947867320031e+00
5.914999999999948450e-06,2.700000000000000178e+00,4.974423006532332714e+00
5.919999999999948402e-06,2.700000000000000178e+00,4.974425054347735298e+00
5.924999999999948354e-06,2.700000000000000178e+00,4.974427091372537468e+00
5.929999999999948306e-06,2.700000000000000178e+00,4.974429117665545519e+00
5.934999999999948258e-06,2.700000000000000178e+00,4.974431133284969775e+00
5.939999999999948210e-06,2.700000000000000178e+00,4.974433138288703482e+00
5.944999999999948163e-06,2.700000000000000178e+00,4.974435132734552845e+00
5.949999999999948115e-06,2.700000000000000178e+00,4.974437116679972348e+00
5.954999999999948067e-06,2.700000000000000178e+00,4.974439090181729028e+00
5.959999999999948019e-06,2.700000000000000178e+00,4.974441053296500215e+00
5.964999999999947971e-06,2.700000000000000178e+00,4.974443006080901952e+00
5.969999999999947923e-06,2.700000000000000178e+00,4.974444948590914350e+00
5.974999999999947875e-06,2.700000000000000178e+00,4.974446880881977506e+00
5.979999999999947827e-06,2.700000000000000178e+00,4.974448803009586584e+00
5.984999999999947780e-06,2.700000000000000178e+00,4.974450715029058223e+00
5.989999999999947732e-06,2.700000000000000178e+00,4.974452616994904375e+00
5.994999999999947684e-06,2.700000000000000178e+00,4.974454508961661858e+00
5.999999999999947636e-06,2.700000000000000178e+00,4.974456390983364784e+00
6.004999999999947588e-06,2.700000000000000178e+00,4.974458263113952228e+00
6.009999999999947540e-06,2.700000000000000178e+00,4.974460125407034639e+00
6.014999999999947492e-06,2.700000000000000178e+00,4.974461977915638933e+00
6.019999999999947444e-06,2.700000000000000178e+00,4.974463820692772487e+00
6.024999999999947397e-06,2.700000000000000178e+00,4.974465653790922204e+00
6.029999999999947349e-06,2.700000000000000178e+00,4.974467477262407122e+00
6.034999999999947301e-06,2.700000000000000178e+00,4.974469291159389961e+00
6.039999999999947253e-06,2.700000000000000178e+00,4.974471095533518294e+00
6.044999999999947205e-06,2.700000000000000178e+00,4.974472890436250516e+00
6.049999999999947157e-06,2.700000000000000178e+00,4.974474675918648003e+00
6.054999999999947109e-06,2.700000000000000178e+00,4.974476452031534990e+00
6.059999999999947062e-06,2.700000000000000178e+00,4.974478218825420406e+00
6.064999999999947014e-06,2.700000000000000178e+00,4.974479976350586696e+00
6.069999999999946966e-06,2.700000000000000178e+00,4.974481724657165316e+00
6.074999999999946918e-06,2.700000000000000178e+00,4.974483463794720173e+00
6.079999999999946870e-06,2.700000000000000178e+00,4.974485193812657968e+00
6.084999999999946822e-06,2.700000000000000178e+00,4.974486914760166023e+00
6.089999999999946774e-06,2.700000000000000178e+00,4.974488626686040860e+00
6.094999999999946726e-06,2.700000000000000178e+00,4.974490329638837416e+00
6.099999999999946679e-06,2.700000000000000178e+00,4.974492023666907237e+00
6.104999999999946631e-06,2.700000000000000178e+00,4.974493708818197746e+00
6.109999999999946583e-06,2.700000000000000178e+00,4.974495385140686565e+00
6.114999999999946535e-06,2.700000000000000178e+00,4.974497052681626563e+00
6.119999999999946487e-06,2.700000000000000178e+00,4.974498711488190672e+00
6.124999999999946439e-06,2.700000000000000178e+00,4.974500361607683274e+00
6.129999999999946391e-06,2.700000000000000178e+00,4.974502003086454849e+00
6.134999999999946343e-06,2.700000000000000178e+00,4.974503635971065485e+00
6.139999999999946296e-06,2.700000000000000178e+00,4.974505260307704901e+00
6.144999999999946248e-06,2.700000000000000178e+00,4.974506876141978395e+00
6.149999999999946200e-06,2.700000000000000178e+00,4.974508483519893609e+00
6.154999999999946152e-06,2.700000000000000178e+00,4.974510082486821361e+00
6.159999999999946104e-06,2.700000000000000178e+00,4.974511673087680386e+00
6.164999999999946056e-06,2.700000000000000178e+00,4.974513255367497777e+00
6.169999999999946008e-06,2.700000000000000178e+00,4.974514829370858315e+00
6.174999999999945960e-06,2.700000000000000178e+00,4.974516395142146052e+00
6.179999999999945913e-06,2.700000000000000178e+00,4.974517952725472369e+00
6.184999999999945865e-06,2.700000000000000178e+00,4.974519502164709728e+00
6.189999999999945817e-06,2.700000000000000178e+00,4.974521043503541406e+00
6.194999999999945769e-06,2.700000000000000178e+00,4.974522576785221695e+00
6.199999999999945721e-06,2.700000000000000178e+00,4.974524102053029750e+00
6.204999999999945673e-06,2.700000000000000178e+00,4.974525619349843275e+00
6.209999999999945625e-06,2.700000000000000178e+00,4.974527128718364111e+00
6.214999999999945577e-06,2.700000000000000178e+00,4.974528630200864221e+00
6.219999999999945530e-06,2.700000000000000178e+00,4.974530123839721263e+00
6.224999999999945482e-06,2.700000000000000178e+00,4.974531609676721366e+00
6.229999999999945434e-06,2.700000000000000178e+00,4.974533087753586713e+00
6.234999999999945386e-06,2.700000000000000178e+00,4.974534558112052807e+00
6.239999999999945338e-06,2.700000000000000178e+00,4.974536020793057567e+00
6.244999999999945290e-06,2.700000000000000178e+00,4.974537475837824907e+00
6.249999999999945242e-06,2.700000000000000178e+00,4.974538923287111558e+00
6.254999999999945194e-06,2.700000000000000178e+00,4.974540363181329639e+00
6.259999999999945147e-06,2.700000000000000178e+00,4.974541795560912583e+00
6.264999999999945099e-06,2.700000000000000178e+00,4.974543220466162374e+00
6.269999999999945051e-06,2.700000000000000178e+00,4.974544637936691771e+00
6.274999999999945003e-06,2.700000000000000178e+00,4.974546048012276067e+00
6.279999999999944955e-06,2.700000000000000178e+00,4.974547450732385911e+00
6.284999999999944907e-06,2.700000000000000178e+00,4.974548846136230829e+00
6.289999999999944859e-06,2.700000000000000178e+00,4.974550234262898663e+00
6.294999999999944812e-06,2.700000000000000178e+00,4.974551615151077577e+00
6.299999999999944764e-06,2.700000000000000178e+00,4.974552988839354484e+00
6.304999999999944716e-06,2.700000000000000178e+00,4.974554355366065828e+00
6.309999999999944668e-06,2.700000000000000178e+00,4.974555714769378412e+00
6.314999999999944620e-06,2.700000000000000178e+00,4.974557067087408413e+00
6.319999999999944572e-06,2.700000000000000178e+00,4.974558412357709791e+00
6.324999999999944524e-06,2.700000000000000178e+00,4.974559750617737919e+00
6.329999999999944476e-06,2.700000000000000178e+00,4.974561081905065407e+00
6.334999999999944429e-06,2.700000000000000178e+00,4.974562406256499258e+00
6.339999999999944381e-06,2.700000000000000178e+00,4.974563723709136021e+00
6.344999999999944333e-06,2.700000000000000178e+00,4.974565034299766708e+00
6.349999999999944285e-06,2.700000000000000178e+00,4.974566338064485116e+00
6.354999999999944237e-06,2.700000000000000178e+00,4.974567635039837121e+00
6.359999999999944189e-06,2.700000000000000178e+00,4.974568925262017771e+00
6.364999999999944141e-06,2.700000000000000178e+00,4.974570208766766477e+00
6.369999999999944093e-06,2.700000000000000178e+00,4.974571485589893705e+00
6.374999999999944046e-06,2.700000000000000178e+00,4.974572755766877741e+00
6.379999999999943998e-06,2.700000000000000178e+00,4.974574019332870023e+00
6.384999999999943950e-06,2.700000000000000178e+00,4.974575276322970474e+00
6.389999999999943902e-06,2.700000000000000178e+00,4.974576526772311880e+00
6.394999999999943854e-06,2.700000000000000178e+00,4.974577770715479019e+00
6.399999999999943806e-06,2.700000000000000178e+00,4.974579008186985618e+00
6.404999999999943758e-06,2.700000000000000178e+00,4.974580239221131350e+00
6.409999999999943710e-06,2.700000000000000178e+00,4.974581463852098651e+00
6.414999999999943663e-06,2.700000000000000178e+00,4.974582682113961596e+00
6.419999999999943615e-06,2.700000000000000178e+00,4.974583894040403464e+00
6.424999999999943567e-06,2.700000000000000178e+00,4.974585099665038257e+00
6.429999999999943519e-06,2.700000000000000178e+00,4.974586299021184210e+00
6.434999999999943471e-06,2.700000000000000178e+00,4.974587492142228839e+00
6.439999999999943423e-06,2.700000000000000178e+00,4.974588679061009877e+00
6.444999999999943375e-06,2.700000000000000178e+00,4.974589859810458314e+00
6.449999999999943327e-06,2.700000000000000178e+00,4.974591034423395008e+00
6.454999999999943280e-06,2.700000000000000178e+00,4.974592202932109686e+00
6.459999999999943232e-06,2.700000000000000178e+00,4.974593365368995990e+00
6.464999999999943184e-06,2.700000000000000178e+00,4.974594521766277033e+00
6.469999999999943136e-06,2.700000000000000178e+00,4.974595672155742498e+00
6.474999999999943088e-06,2.700000000000000178e+00,4.974596816569278879e+00
6.479999999999943040e-06,2.700000000000000178e+00,4.974597955038555064e+00
6.484999999999942992e-06,2.700000000000000178e+00,4.974599087594854474e+00
6.489999999999942945e-06,2.700000000000000178e+00,4.974600214269672804e+00
6.494999999999942897e-06,2.700000000000000178e+00,4.974601335094071430e+00
6.499999999999942849e-06,2.700000000000000178e+00,4.974602450098756456e+00
6.504999999999942801e-06,2.700000000000000178e+00,4.974603559314648038e+00
6.509999999999942753e-06,2.700000000000000178e+00,4.974604662772408759e+00
6.514999999999942705e-06,2.700000000000000178e+00,4.974605760502242902e+00
6.519999999999942657e-06,2.700000000000000178e+00,4.974606852534484425e+00
6.524999999999942609e-06,2.700000000000000178e+00,4.974607938899397119e+00
6.529999999999942562e-06,2.700000000000000178e+00,4.974609019626744733e+00
6.534999999999942514e-06,2.700000000000000178e+00,4.974610094746402922e+00
6.539999999999942466e-06,2.700000000000000178e+00,4.974611164287883192e+00
6.544999999999942418e-06,2.700000000000000178e+00,4.974612228280478554e+00
6.549999999999942370e-06,2.700000000000000178e+00,4.974613286753863051e+00
6.554999999999942322e-06,2.700000000000000178e+00,4.974614339736853630e+00
6.559999999999942274e-06,2.700000000000000178e+00,4.974615387258527477e+00
6.564999999999942226e-06,2.700000000000000178e+00,4.974616429347752167e+00
6.569999999999942179e-06,2.700000000000000178e+00,4.974617466032944968e+00
6.574999999999942131e-06,2.700000000000000178e+00,4.974618497342688350e+00
6.579999999999942083e-06,2.700000000000000178e+00,4.974619523305435997e+00
6.584999999999942035e-06,2.700000000000000178e+00,4.974620543949244578e+00
6.589999999999941987e-06,2.700000000000000178e+00,4.974621559302239149e+00
6.594999999999941939e-06,2.700000000000000178e+00,4.974622569392284532e+00
6.599999999999941891e-06,2.700000000000000178e+00,4.974623574246963109e+00
6.604999999999941843e-06,2.700000000000000178e+00,4.974624573894026902e+00
6.609999999999941796e-06,2.700000000000000178e+00,4.974625568360885097e+00
6.614999999999941748e-06,2.700000000000000178e+00,4.974626557674837635e+00
6.619999999999941700e-06,2.700000000000000178e+00,4.974627541862883362e+00
6.624999999999941652e-06,2.700000000000000178e+00,4.974628520951997146e+00
6.629999999999941604e-06,2.700000000000000178e+00,4.974629494969126320e+00
6.634999999999941556e-06,2.700000000000000178e+00,4.974630463940859393e+00
6.639999999999941508e-06,2.700000000000000178e+00,4.974631427893822178e+00
6.644999999999941460e-06,2.700000000000000178e+00,4.974632386854417554e+00
6.649999999999941413e-06,2.700000000000000178e+00,4.974633340848860996e+00
6.654999999999941365e-06,2.700000000000000178e+00,4.974634289903282713e+00
6.659999999999941317e-06,2.700000000000000178e+00,4.974635234043666365e+00
6.664999999999941269e-06,2.700000000000000178e+00,4.974636173295802877e+00
6.669999999999941221e-06,2.700000000000000178e+00,4.974637107685389026e+00
6.674999999999941173e-06,2.700000000000000178e+00,4.974638037238074517e+00
6.679999999999941125e-06,2.700000000000000178e+00,4.974638961979056972e+00
6.684999999999941078e-06,2.700000000000000178e+00,4.974639881933812902e+00
6.689999999999941030e-06,2.700000000000000178e+00,4.974640797127614533e+00
6.694999999999940982e-06,2.700000000000000178e+00,4.974641707585082173e+00
6.699999999999940934e-06,2.700000000000000178e+00,4.974642613331356600e+00
6.704999999999940886e-06,2.700000000000000178e+00,4.974643514391118515e+00
6.709999999999940838e-06,2.700000000000000178e+00,4.974644410788835458e+00
6.714999999999940790e-06,2.700000000000000178e+00,4.974645302549318693e+00
6.719999999999940742e-06,2.700000000000000178e+00,4.974646189696715126e+00
6.724999999999940695e-06,2.700000000000000178e+00,4.974647072255145908e+00
6.729999999999940647e-06,2.700000000000000178e+00,4.974647950248646033e+00
6.734999999999940599e-06,2.700000000000000178e+00,4.974648823701238953e+00
6.739999999999940551e-06,2.700000000000000178e+00,4.974649692636909926e+00
6.744999999999940503e-06,2.700000000000000178e+00,4.974650557079241864e+00
6.749999999999940455e-06,2.700000000000000178e+00,4.974651417051577873e+00
6.754999999999940407e-06,2.700000000000000178e+00,4.974652272577583467e+00
6.759999999999940359e-06,2.700000000000000178e+00,4.974653123680714550e+00
6.764999999999940312e-06,2.700000000000000178e+00,4.974653970383879908e+00
6.769999999999940264e-06,2.700000000000000178e+00,4.974654812710210372e+00
6.774999999999940216e-06,2.700000000000000178e+00,4.974655650682563213e+00
6.779999999999940168e-06,2.700000000000000178e+00,4.974656484323821459e+00
6.784999999999940120e-06,2.700000000000000178e+00,4.974657313656789093e+00
6.789999999999940072e-06,2.700000000000000178e+00,4.974658138703882848e+00
6.794999999999940024e-06,2.700000000000000178e+00,4.974658959487682885e+00
6.799999999999939976e-06,2.700000000000000178e+00,4.974659776030499359e+00
6.804999999999939929e-06,2.700000000000000178e+00,4.974660588354270274e+00
6.809999999999939881e-06,2.700000000000000178e+00,4.974661396481230291e+00
6.814999999999939833e-06,2.700000000000000178e+00,4.974662200433645154e+00
6.819999999999939785e-06,2.700000000000000178e+00,4.974663000232975918e+00
6.824999999999939737e-06,2.700000000000000178e+00,4.974663795901078878e+00
6.829999999999939689e-06,2.700000000000000178e+00,4.974664587459624698e+00
6.834999999999939641e-06,2.700000000000000178e+00,4.974665374930000716e+00
6.839999999999939593e-06,2.700000000000000178e+00,4.974666158333747035e+00
6.844999999999939546e-06,2.700000000000000178e+00,4.974666937692066249e+00
6.849999999999939498e-06,2.700000000000000178e+00,4.974667713025990423e+00
6.854999999999939450e-06,2.700000000000000178e+00,4.974668484356676856e+00
6.859999999999939402e-06,2.700000000000000178e+00,4.974669251705146067e+00
6.864999999999939354e-06,2.700000000000000178e+00,4.974670015092038433e+00
6.869999999999939306e-06,2.700000000000000178e+00,4.974670774538109796e+00
6.874999999999939258e-06,2.700000000000000178e+00,4.974671530063996983e+00
6.879999999999939211e-06,2.700000000000000178e+00,4.974672281690238229e+00
6.884999999999939163e-06,2.700000000000000178e+00,4.974673029437059135e+00
6.889999999999939115e-06,2.700000000000000178e+00,4.974673773324752801e+00
6.894999999999939067e-06,2.700000000000000178e+00,4.974674513373694928e+00
6.899999999999939019e-06,2.700000000000000178e+00,4.974675249603720317e+00
6.904999999999938971e-06,2.700000000000000178e+00,4.974675982034678867e+00
6.909999999999938923e-06,2.700000000000000178e+00,4.974676710686655845e+00
6.914999999999938875e-06,2.700000000000000178e+00,4.974677435579270224e+00
6.919999999999938828e-06,2.700000000000000178e+00,4.974678156732074363e+00
6.924999999999938780e-06,2.700000000000000178e+00,4.974678874164778719e+00
6.929999999999938732e-06,2.700000000000000178e+00,4.974679587896567057e+00
6.934999999999938684e-06,2.700000000000000178e+00,4.974680297946876273e+00
6.939999999999938636e-06,2.700000000000000178e+00,4.974681004335016254e+00
6.944999999999938588e-06,2.700000000000000178e+00,4.974681707079918525e+00
6.949999999999938540e-06,2.700000000000000178e+00,4.974682406200638951e+00
6.954999999999938492e-06,2.700000000000000178e+00,4.974683101716074418e+00
6.959999999999938445e-06,2.700000000000000178e+00,4.974683793645120922e+00
6.964999999999938397e-06,2.700000000000000178e+00,4.974684482006393793e+00
6.969999999999938349e-06,2.700000000000000178e+00,4.974685166818513693e+00
6.974999999999938301e-06,2.700000000000000178e+00,4.974685848099967167e+00
6.979999999999938253e-06,2.700000000000000178e+00,4.974686525869177700e+00
6.984999999999938205e-06,2.700000000000000178e+00,4.974687200144499499e+00
6.989999999999938157e-06,2.700000000000000178e+00,4.974687870944101142e+00
6.994999999999938109e-06,2.700000000000000178e+00,4.974688538286061501e+00
6.999999999999938062e-06,2.700000000000000178e+00,4.974689202188378623e+00
7.004999999999938014e-06,2.700000000000000178e+00,4.974689862669083418e+00
7.009999999999937966e-06,2.700000000000000178e+00,4.974690519745890604e+00
7.014999999999937918e-06,2.700000000000000178e+00,4.974691173436542435e+00
7.019999999999937870e-06,2.700000000000000178e+00,4.974691823758809583e+00
7.024999999999937822e-06,2.700000000000000178e+00,4.974692470730105676e+00
7.029999999999937774e-06,2.700000000000000178e+00,4.974693114367922497e+00
7.034999999999937726e-06,2.700000000000000178e+00,4.974693754689523573e+00
7.039999999999937679e-06,2.700000000000000178e+00,4.974694391712180419e+00
7.044999999999937631e-06,2.700000000000000178e+00,4.974695025453278241e+00
7.049999999999937583e-06,2.700000000000000178e+00,4.974695655929668447e+00
7.054999999999937535e-06,2.700000000000000178e+00,4.974696283158552390e+00
7.059999999999937487e-06,2.700000000000000178e+00,4.974696907156633152e+00
7.064999999999937439e-06,2.700000000000000178e+00,4.974697527940703523e+00
7.069999999999937391e-06,2.700000000000000178e+00,4.974698145527725934e+00
7.074999999999937344e-06,2.700000000000000178e+00,4.974698759934027770e+00
7.079999999999937296e-06,2.700000000000000178e+00,4.974699371176416030e+00
7.084999999999937248e-06,2.700000000000000178e+00,4.974699979271187011e+00
7.089999999999937200e-06,2.700000000000000178e+00,4.974700584234832412e+00
7.094999999999937152e-06,2.700000000000000178e+00,4.974701186083512638e+00
7.099999999999937104e-06,2.700000000000000178e+00,4.974701784833403195e+00
7.104999999999937056e-06,2.700000000000000178e+00,4.974702380500952259e+00
7.109999999999937008e-06,2.700000000000000178e+00,4.974702973101726933e+00
7.114999999999936961e-06,2.700000000000000178e+00,4.974703562651802358e+00
7.119999999999936913e-06,2.700000000000000178e+00,4.974704149167162193e+00
7.124999999999936865e-06,2.700000000000000178e+00,4.974704732663429496e+00
7.129999999999936817e-06,2.700000000000000178e+00,4.974705313156452036e+00
7.134999999999936769e-06,2.700000000000000178e+00,4.974705890661891949e+00
7.139999999999936721e-06,2.700000000000000178e+00,4.974706465195042782e+00
7.144999999999936673e-06,2.700000000000000178e+00,4.974707036771450319e+00
7.149999999999936625e-06,2.700000000000000178e+00,4.974707605406284650e+00
7.154999999999936578e-06,2.700000000000000178e+00,4.974708171115008071e+00
7.159999999999936530e-06,2.700000000000000178e+00,4.974708733912992287e+00
7.164999999999936482e-06,2.700000000000000178e+00,4.974709293815112510e+00
7.169999999999936434e-06,2.700000000000000178e+00,4.974709850836485536e+00
7.174999999999936386e-06,2.700000000000000178e+00,4.974710404992102042e+00
7.179999999999936338e-06,2.700000000000000178e+00,4.974710956296729769e+00
7.184999999999936290e-06,2.700000000000000178e+00,4.974711504765181758e+00
7.189999999999936242e-06,2.700000000000000178e+00,4.974712050412220421e+00
7.194999999999936195e-06,2.700000000000000178e+00,4.974712593252537118e+00
7.199999999999936147e-06,2.700000000000000178e+00,4.974713133300606493e+00
7.204999999999936099e-06,2.700000000000000178e+00,4.974713670570899637e+00
7.209999999999936051e-06,2.700000000000000178e+00,4.974714205077962248e+00
7.214999999999936003e-06,2.700000000000000178e+00,4.974714736836199691e+00
7.219999999999935955e-06,2.700000000000000178e+00,4.974715265859581237e+00
7.224999999999935907e-06,2.700000000000000178e+00,4.974715792162337280e+00
7.229999999999935859e-06,2.700000000000000178e+00,4.974716315758965557e+00
7.234999999999935812e-06,2.700000000000000178e+00,4.974716836663076514e+00
7.239999999999935764e-06,2.700000000000000178e+00,4.974717354888714915e+00
7.244999999999935716e-06,2.700000000000000178e+00,4.974717870449839374e+00
7.249999999999935668e-06,2.700000000000000178e+00,4.974718383360320573e+00
7.254999999999935620e-06,2.700000000000000178e+00,4.974718893633961692e+00
7.259999999999935572e-06,2.700000000000000178e+00,4.974719401284118270e+00
7.264999999999935524e-06,2.700000000000000178e+00,4.974719906324732044e+00
7.269999999999935477e-06,2.700000000000000178e+00,4.974720408769153224e+00
7.274999999999935429e-06,2.700000000000000178e+00,4.974720908630689387e+00
7.279999999999935381e-06,2.700000000000000178e+00,4.974721405923094864e+00
7.284999999999935333e-06,2.700000000000000178e+00,4.974721900659391238e+00
7.289999999999935285e-06,2.700000000000000178e+00,4.974722392852969577e+00
7.294999999999935237e-06,2.700000000000000178e+00,4.974722882516950051e+00
7.299999999999935189e-06,2.700000000000000178e+00,4.974723369664463490e+00
7.304999999999935141e-06,2.700000000000000178e+00,4.974723854308717996e+00
7.309999999999935094e-06,2.700000000000000178e+00,4.974724336462315044e+00
7.314999999999935046e-06,2.700000000000000178e+00,4.974724816138259342e+00
7.319999999999934998e-06,2.700000000000000178e+00,4.974725293349418820e+00
7.324999999999934950e-06,2.700000000000000178e+00,4.974725768108715585e+00
7.329999999999934902e-06,2.700000000000000178e+00,4.974726240428712920e+00
7.334999999999934854e-06,2.700000000000000178e+00,4.974726710322020296e+00
7.339999999999934806e-06,2.700000000000000178e+00,4.974727177801241851e+00
7.344999999999934758e-06,2.700000000000000178e+00,4.974727642878804090e+00
7.349999999999934711e-06,2.700000000000000178e+00,4.974728105567272074e+00
7.354999999999934663e-06,2.700000000000000178e+00,4.974728565878976383e+00
7.359999999999934615e-06,2.700000000000000178e+00,4.974729023826135688e+00
7.364999999999934567e-06,2.700000000000000178e+00,4.974729479420980205e+00
7.369999999999934519e-06,2.700000000000000178e+00,4.974729932675794331e+00
7.374999999999934471e-06,2.700000000000000178e+00,4.974730383602634198e+00
7.379999999999934423e-06,2.700000000000000178e+00,4.974730832213551501e+00
7.384999999999934375e-06,2.700000000000000178e+00,4.974731278520572175e+00
7.389999999999934328e-06,2.700000000000000178e+00,4.974731722535503664e+00
7.394999999999934280e-06,2.700000000000000178e+00,4.974732164270155188e+00
7.399999999999934232e-06,2.700000000000000178e+00,4.974732603736492287e+00
7.404999999999934184e-06,2.700000000000000178e+00,4.974733040946220264e+00
7.409999999999934136e-06,2.700000000000000178e+00,4.974733475910926295e+00
7.414999999999934088e-06,2.700000000000000178e+00,4.974733908642337887e+00
7.419999999999934040e-06,2.700000000000000178e+00,4.974734339151990703e+00
7.424999999999933992e-06,2.700000000000000178e+00,4.974734767451160167e+00
7.429999999999933945e-06,2.700000000000000178e+00,4.974735193551476975e+00
7.434999999999933897e-06,2.700000000000000178e+00,4.974735617464292048e+00
7.439999999999933849e-06,2.700000000000000178e+00,4.974736039200850612e+00
7.444999999999933801e-06,2.700000000000000178e+00,4.974736458772483161e+00
7.449999999999933753e-06,2.700000000000000178e+00,4.974736876190364754e+00
7.454999999999933705e-06,2.700000000000000178e+00,4.974737291465461730e+00
7.459999999999933657e-06,2.700000000000000178e+00,4.974737704608970468e+00
7.464999999999933610e-06,2.700000000000000178e+00,4.974738115632102442e+00
7.469999999999933562e-06,2.700000000000000178e+00,4.974738524545537999e+00
7.474999999999933514e-06,2.700000000000000178e+00,4.974738931360247918e+00
7.479999999999933466e-06,2.700000000000000178e+00,4.974739336087056429e+00
7.484999999999933418e-06,2.700000000000000178e+00,4.974739738736889905e+00
7.489999999999933370e-06,2.700000000000000178e+00,4.974740139320287469e+00
7.494999999999933322e-06,2.700000000000000178e+00,4.974740537847920585e+00
7.499999999999933274e-06,2.700000000000000178e+00,4.974740934330702302e+00
7.504999999999933227e-06,2.700000000000000178e+00,4.974741328778969240e+00
7.509999999999933179e-06,2.700000000000000178e+00,4.974741721203300493e+00
7.514999999999933131e-06,2.700000000000000178e+00,4.974742111614003370e+00
7.519999999999933083e-06,2.700000000000000178e+00,4.974742500021567260e+00
7.524999999999933035e-06,2.700000000000000178e+00,4.974742886436408718e+00
7.529999999999932987e-06,2.700000000000000178e+00,4.974743270868756007e+00
7.534999999999932939e-06,2.700000000000000178e+00,4.974743653328772552e+00
7.539999999999932891e-06,2.700000000000000178e+00,4.974744033826747902e+00
7.544999999999932844e-06,2.700000000000000178e+00,4.974744412372818836e+00
7.549999999999932796e-06,2.700000000000000178e+00,4.974744788976861898e+00
7.554999999999932748e-06,2.700000000000000178e+00,4.974745163649147983e+00
7.559999999999932700e-06,2.700000000000000178e+00,4.974745536399501233e+00
7.564999999999932652e-06,2.700000000000000178e+00,4.974745907237879017e+00
7.569999999999932604e-06,2.700000000000000178e+00,4.974746276174256465e+00
7.574999999999932556e-06,2.700000000000000178e+00,4.974746643218379560e+00
7.579999999999932508e-06,2.700000000000000178e+00,4.974747008379914348e+00
7.584999999999932461e-06,2.700000000000000178e+00,4.974747371668748919e+00
7.589999999999932413e-06,2.700000000000000178e+00,4.974747733094442737e+00
7.594999999999932365e-06,2.700000000000000178e+00,4.974748092666386512e+00
7.599999999999932317e-06,2.700000000000000178e+00,4.974748450394471000e+00
7.604999999999932269e-06,2.700000000000000178e+00,4.974748806288179281e+00
7.609999999999932221e-06,2.700000000000000178e+00,4.974749160356861211e+00
7.614999999999932173e-06,2.700000000000000178e+00,4.974749512609863977e+00
7.619999999999932125e-06,2.700000000000000178e+00,4.974749863056731058e+00
7.624999999999932078e-06,2.700000000000000178e+00,4.974750211706735037e+00
7.629999999999932030e-06,2.700000000000000178e+00,4.974750558569084546e+00
7.634999999999932829e-06,2.700000000000000178e+00,4.974750903652962464e+00
7.639999999999933628e-06,2.700000000000000178e+00,4.974751246967613838e+00
7.644999999999934427e-06,2.700000000000000178e+00,4.974751588522323686e+00
7.649999999999935226e-06,2.700000000000000178e+00,4.974751928325842343e+00
7.654999999999936026e-06,2.700000000000000178e+00,4.974752266387222122e+00
7.659999999999936825e-06,2.700000000000000178e+00,4.974752602715698302e+00
7.664999999999937624e-06,2.700000000000000178e+00,4.974752937319981250e+00
7.669999999999938423e-06,2.700000000000000178e+00,4.974753270209124167e+00
7.674999999999939222e-06,2.700000000000000178e+00,4.974753601391914692e+00
7.679999999999940021e-06,2.700000000000000178e+00,4.974753930877026775e+00
7.684999999999940821e-06,2.700000000000000178e+00,4.974754258673374174e+00
7.689999999999941620e-06,2.700000000000000178e+00,4.974754584789598866e+00
7.694999999999942419e-06,2.700000000000000178e+00,4.974754909234234468e+00
7.699999999999943218e-06,2.700000000000000178e+00,4.974755232016032203e+00
7.704999999999944017e-06,2.700000000000000178e+00,4.974755553143685560e+00
7.709999999999944816e-06,2.700000000000000178e+00,4.974755872625536313e+00
7.714999999999945615e-06,2.700000000000000178e+00,4.974756190469984851e+00
7.719999999999946415e-06,2.700000000000000178e+00,4.974756506685627855e+00
7.724999999999947214e-06,2.700000000000000178e+00,4.974756821280733377e+00
7.729999999999948013e-06,2.700000000000000178e+00,4.974757134263762204e+00
7.734999999999948812e-06,2.700000000000000178e+00,4.974757445643088083e+00
7.739999999999949611e-06,2.700000000000000178e+00,4.974757755426828076e+00
7.744999999999950410e-06,2.700000000000000178e+00,4.974758063623173854e+00
7.749999999999951210e-06,2.700000000000000178e+00,4.974758370240351724e+00
7.754999999999952009e-06,2.700000000000000178e+00,4.974758675286479637e+00
7.759999999999952808e-06,2.700000000000000178e+00,4.974758978769581397e+00
7.764999999999953607e-06,2.700000000000000178e+00,4.974759280697909958e+00
7.769999999999954406e-06,2.700000000000000178e+00,4.974759581079412740e+00
7.774999999999955205e-06,2.700000000000000178e+00,4.974759879922012296e+00
7.779999999999956005e-06,2.700000000000000178e+00,4.974760177233534364e+00
7.784999999999956804e-06,2.700000000000000178e+00,4.974760473021853535e+00
7.789999999999957603e-06,2.700000000000000178e+00,4.974760767294969632e+00
7.794999999999958402e-06,2.700000000000000178e+00,4.974761060060675533e+00
7.799999999999959201e-06,2.700000000000000178e+00,4.974761351326701053e+00
7.804999999999960000e-06,2.700000000000000178e+00,4.974761641100696963e+00
7.809999999999960800e-06,2.700000000000000178e+00,4.974761929390290938e+00
7.814999999999961599e-06,2.700000000000000178e+00,4.974762216203219012e+00
7.819999999999962398e-06,2.700000000000000178e+00,4.974762501547014715e+00
7.824999999999963197e-06,2.700000000000000178e+00,4.974762785429441614e+00
7.829999999999963996e-06,2.700000000000000178e+00,4.974763067857859156e+00
7.834999999999964795e-06,2.700000000000000178e+00,4.974763348839643662e+00
7.839999999999965595e-06,2.700000000000000178e+00,4.974763628382484981e+00
7.844999999999966394e-06,2.700000000000000178e+00,4.974763906493550714e+00
7.849999999999967193e-06,2.700000000000000178e+00,4.974764183180377053e+00
7.854999999999967992e-06,2.700000000000000178e+00,4.974764458450307458e+00
7.859999999999968791e-06,2.700000000000000178e+00,4.974764732310380744e+00
7.864999999999969590e-06,2.700000000000000178e+00,4.974765004768074483e+00
7.869999999999970389e-06,2.700000000000000178e+00,4.974765275830738354e+00
7.874999999999971189e-06,2.700000000000000178e+00,4.974765545505229980e+00
7.879999999999971988e-06,2.700000000000000178e+00,4.974765813798684100e+00
7.884999999999972787e-06,2.700000000000000178e+00,4.974766080718518779e+00
7.889999999999973586e-06,2.700000000000000178e+00,4.974766346271547235e+00
7.894999999999974385e-06,2.700000000000000178e+00,4.974766610464918415e+00
7.899999999999975184e-06,2.700000000000000178e+00,4.974766873305534354e+00
7.904999999999975984e-06,2.700000000000000178e+00,4.974767134800352153e+00
7.909999999999976783e-06,2.700000000000000178e+00,4.974767394956397304e+00
7.914999999999977582e-06,2.700000000000000178e+00,4.974767653780487464e+00
7.919999999999978381e-06,2.700000000000000178e+00,4.974767911279489141e+00
7.924999999999979180e-06,2.700000000000000178e+00,4.974768167460107193e+00
7.929999999999979979e-06,2.700000000000000178e+00,4.974768422329257866e+00
7.934999999999980779e-06,2.700000000000000178e+00,4.974768675893651348e+00
7.939999999999981578e-06,2.700000000000000178e+00,4.974768928160069770e+00
7.944999999999982377e-06,2.700000000000000178e+00,4.974769179135074992e+00
7.949999999999983176e-06,2.700000000000000178e+00,4.974769428825274176e+00
7.954999999999983975e-06,2.700000000000000178e+00,4.974769677237328658e+00
7.959999999999984774e-06,2.700000000000000178e+00,4.974769924377801189e+00
7.964999999999985574e-06,2.700000000000000178e+00,4.974770170253220769e+00
7.969999999999986373e-06,2.700000000000000178e+00,4.974770414870147484e+00
7.974999999999987172e-06,2.700000000000000178e+00,4.974770658234833220e+00
7.979999999999987971e-06,2.700000000000000178e+00,4.974770900353978398e+00
7.984999999999988770e-06,2.700000000000000178e+00,4.974771141234134220e+00
7.989999999999989569e-06,2.700000000000000178e+00,4.974771380881224836e+00
7.994999999999990368e-06,2.700000000000000178e+00,4.974771619301667336e+00
7.999999999999991168e-06,2.700000000000000178e+00,4.974771856501891243e+00
8.004999999999991967e-06,2.700000000000000178e+00,4.974772092488248809e+00
8.009999999999992766e-06,2.700000000000000178e+00,4.974772327266925309e+00
8.014999999999993565e-06,2.700000000000000178e+00,4.974772560844052727e+00
8.019999999999994364e-06,2.700000000000000178e+00,4.974772793225863410e+00
8.024999999999995163e-06,2.700000000000000178e+00,4.974773024418459144e+00
8.029999999999995963e-06,2.700000000000000178e+00,4.974773254427771185e+00
8.034999999999996762e-06,2.700000000000000178e+00,4.974773483260164220e+00
8.039999999999997561e-06,2.700000000000000178e+00,4.974773710921767567e+00
8.044999999999998360e-06,2.700000000000000178e+00,4.974773937418332181e+00
8.049999999999999159e-06,2.700000000000000178e+00,4.974774162755743134e+00
8.054999999999999958e-06,2.700000000000000178e+00,4.974774386940229220e+00
8.060000000000000758e-06,2.700000000000000178e+00,4.974774609977718143e+00
8.065000000000001557e-06,2.700000000000000178e+00,4.974774831873898684e+00
8.070000000000002356e-06,2.700000000000000178e+00,4.974775052634781147e+00
8.075000000000003155e-06,2.700000000000000178e+00,4.974775272266065862e+00
8.080000000000003954e-06,2.700000000000000178e+00,4.974775490773621911e+00
8.085000000000004753e-06,2.700000000000000178e+00,4.974775708163275745e+00
8.090000000000005553e-06,2.700000000000000178e+00,4.974775924440761443e+00
8.095000000000006352e-06,2.700000000000000178e+00,4.974776139611743808e+00
8.100000000000007151e-06,2.700000000000000178e+00,4.974776353681841456e+00
8.105000000000007950e-06,2.700000000000000178e+00,4.974776566656906596e+00
8.110000000000008749e-06,2.700000000000000178e+00,4.974776778542392641e+00
8.115000000000009548e-06,2.700000000000000178e+00,4.974776989343769884e+00
8.120000000000010348e-06,2.700000000000000178e+00,4.974777199066950040e+00
8.125000000000011147e-06,2.700000000000000178e+00,4.974777407717188460e+00
8.130000000000011946e-06,2.700000000000000178e+00,4.974777615299941225e+00
8.135000000000012745e-06,2.700000000000000178e+00,4.974777821821113832e+00
8.140000000000013544e-06,2.700000000000000178e+00,4.974778027285756465e+00
8.145000000000014343e-06,2.700000000000000178e+00,4.974778231699288789e+00
8.150000000000015142e-06,2.700000000000000178e+00,4.974778435067416460e+00
8.155000000000015942e-06,2.700000000000000178e+00,4.974778637395213643e+00
8.160000000000016741e-06,2.700000000000000178e+00,4.974778838688134641e+00
8.165000000000017540e-06,2.700000000000000178e+00,4.974779038951425925e+00
8.170000000000018339e-06,2.700000000000000178e+00,4.974779238190537356e+00
8.175000000000019138e-06,2.700000000000000178e+00,4.974779436410620370e+00
8.180000000000019937e-06,2.700000000000000178e+00,4.974779633616763341e+00
8.185000000000020737e-06,2.700000000000000178e+00,4.974779829814348631e+00
8.190000000000021536e-06,2.700000000000000178e+00,4.974780025008505469e+00
8.195000000000022335e-06,2.700000000000000178e+00,4.974780219204320453e+00
8.200000000000023134e-06,2.700000000000000178e+00,4.974780412406981434e+00
8.205000000000023933e-06,2.700000000000000178e+00,4.974780604621671820e+00
8.210000000000024732e-06,2.700000000000000178e+00,4.974780795853257054e+00
8.215000000000025532e-06,2.700000000000000178e+00,4.974780986106948966e+00
8.220000000000026331e-06,2.700000000000000178e+00,4.974781175387692933e+00
8.225000000000027130e-06,2.700000000000000178e+00,4.974781363700492953e+00
8.230000000000027929e-06,2.700000000000000178e+00,4.974781551050367234e+00
8.235000000000028728e-06,2.700000000000000178e+00,4.974781737442195428e+00
8.240000000000029527e-06,2.700000000000000178e+00,4.974781922880727514e+00
8.245000000000030327e-06,2.700000000000000178e+00,4.974782107371052753e+00
8.250000000000031126e-06,2.700000000000000178e+00,4.974782290918218663e+00
8.255000000000031925e-06,2.700000000000000178e+00,4.974782473526765614e+00
8.260000000000032724e-06,2.700000000000000178e+00,4.974782655201506643e+00
8.265000000000033523e-06,2.700000000000000178e+00,4.974782835947230808e+00
8.270000000000034322e-06,2.700000000000000178e+00,4.974783015768867500e+00
8.275000000000035122e-06,2.700000000000000178e+00,4.974783194671143605e+00
8.280000000000035921e-06,2.700000000000000178e+00,4.974783372658675873e+00
8.285000000000036720e-06,2.700000000000000178e+00,4.974783549736217836e+00
8.290000000000037519e-06,2.700000000000000178e+00,4.974783725908441312e+00
8.295000000000038318e-06,2.700000000000000178e+00,4.974783901179861800e+00
8.300000000000039117e-06,2.700000000000000178e+00,4.974784075555095164e+00
8.305000000000039916e-06,2.700000000000000178e+00,4.974784249038869177e+00
8.310000000000040716e-06,2.700000000000000178e+00,4.974784421635757958e+00
8.315000000000041515e-06,2.700000000000000178e+00,4.974784593350209505e+00
8.320000000000042314e-06,2.700000000000000178e+00,4.974784764186841457e+00
8.325000000000043113e-06,2.700000000000000178e+00,4.974784934150210169e+00
8.330000000000043912e-06,2.700000000000000178e+00,4.974785103244531825e+00
8.335000000000044711e-06,2.700000000000000178e+00,4.974785271474499559e+00
8.340000000000045511e-06,2.700000000000000178e+00,4.974785438844536500e+00
8.345000000000046310e-06,2.700000000000000178e+00,4.974785605358920115e+00
8.350000000000047109e-06,2.700000000000000178e+00,4.974785771022069980e+00
8.355000000000047908e-06,2.700000000000000178e+00,4.974785935838410111e+00
8.360000000000048707e-06,2.700000000000000178e+00,4.974786099812249063e+00
8.365000000000049506e-06,2.700000000000000178e+00,4.974786262947936244e+00
8.370000000000050306e-06,2.700000000000000178e+00,4.974786425249623889e+00
8.375000000000051105e-06,2.700000000000000178e+00,4.974786586721673842e+00
8.380000000000051904e-06,2.700000000000000178e+00,4.974786747368636242e+00
8.385000000000052703e-06,2.700000000000000178e+00,4.974786907194378216e+00
8.390000000000053502e-06,2.700000000000000178e+00,4.974787066202998709e+00
8.395000000000054301e-06,2.700000000000000178e+00,4.974787224399092267e+00
8.400000000000055101e-06,2.700000000000000178e+00,4.974787381786520690e+00
8.405000000000055900e-06,2.700000000000000178e+00,4.974787538369419337e+00
8.410000000000056699e-06,2.700000000000000178e+00,4.974787694152216666e+00
8.415000000000057498e-06,2.700000000000000178e+00,4.974787849138821549e+00
8.420000000000058297e-06,2.700000000000000178e+00,4.974788003333193487e+00
8.425000000000059096e-06,2.700000000000000178e+00,4.974788156739464284e+00
8.430000000000059896e-06,2.700000000000000178e+00,4.974788309361770189e+00
8.435000000000060695e-06,2.700000000000000178e+00,4.974788461204067147e+00
8.440000000000061494e-06,2.700000000000000178e+00,4.974788612270387489e+00
8.445000000000062293e-06,2.700000000000000178e+00,4.974788762564647193e+00
8.450000000000063092e-06,2.700000000000000178e+00,4.974788912090789772e+00
8.455000000000063891e-06,2.700000000000000178e+00,4.974789060852797817e+00
8.460000000000064690e-06,2.700000000000000178e+00,4.974789208854557110e+00
8.465000000000065490e-06,2.700000000000000178e+00,4.974789356099995175e+00
8.470000000000066289e-06,2.700000000000000178e+00,4.974789502593083057e+00
8.475000000000067088e-06,2.700000000000000178e+00,4.974789648337452519e+00
8.480000000000067887e-06,2.700000000000000178e+00,4.974789793337023980e+00
8.485000000000068686e-06,2.700000000000000178e+00,4.974789937595685885e+00
8.490000000000069485e-06,2.700000000000000178e+00,4.974790081117212992e+00
8.495000000000070285e-06,2.700000000000000178e+00,4.974790223905290354e+00
8.500000000000071084e-06,2.700000000000000178e+00,4.974790365963716710e+00
8.505000000000071883e-06,2.700000000000000178e+00,4.974790507296275699e+00
8.510000000000072682e-06,2.700000000000000178e+00,4.974790647906678132e+00
8.515000000000073481e-06,2.700000000000000178e+00,4.974790787798585079e+00
8.520000000000074280e-06,2.700000000000000178e+00,4.974790926975809491e+00
8.525000000000075080e-06,2.700000000000000178e+00,4.974791065441850790e+00
8.530000000000075879e-06,2.700000000000000178e+00,4.974791203200243928e+00
8.535000000000076678e-06,2.700000000000000178e+00,4.974791340254991923e+00
8.540000000000077477e-06,2.700000000000000178e+00,4.974791476609322416e+00
8.545000000000078276e-06,2.700000000000000178e+00,4.974791612266863616e+00
8.550000000000079075e-06,2.700000000000000178e+00,4.974791747231444461e+00
8.555000000000079875e-06,2.700000000000000178e+00,4.974791881506499536e+00
8.560000000000080674e-06,2.700000000000000178e+00,4.974792015095390596e+00
8.565000000000081473e-06,2.700000000000000178e+00,4.974792148001848879e+00
8.570000000000082272e-06,2.700000000000000178e+00,4.974792280229323183e+00
8.575000000000083071e-06,2.700000000000000178e+00,4.974792411781204571e+00
8.580000000000083870e-06,2.700000000000000178e+00,4.974792542661127470e+00
8.585000000000084670e-06,2.700000000000000178e+00,4.974792672872250243e+00
8.590000000000085469e-06,2.700000000000000178e+00,4.974792802418088300e+00
8.595000000000086268e-06,2.700000000000000178e+00,4.974792931302212118e+00
8.600000000000087067e-06,2.700000000000000178e+00,4.974793059527940819e+00
8.605000000000087866e-06,2.700000000000000178e+00,4.974793187098562441e+00
8.610000000000088665e-06,2.700000000000000178e+00,4.974793314017449397e+00
8.615000000000089464e-06,2.700000000000000178e+00,4.974793440287959001e+00
8.620000000000090264e-06,2.700000000000000178e+00,4.974793565913500082e+00
8.625000000000091063e-06,2.700000000000000178e+00,4.974793690897319820e+00
8.630000000000091862e-06,2.700000000000000178e+00,4.974793815242597006e+00
8.635000000000092661e-06,2.700000000000000178e+00,4.974793938952584149e+00
8.640000000000093460e-06,2.700000000000000178e+00,4.974794062030735375e+00
8.645000000000094259e-06,2.700000000000000178e+00,4.974794184480188619e+00
8.650000000000095059e-06,2.700000000000000178e+00,4.974794306304112901e+00
8.655000000000095858e-06,2.700000000000000178e+00,4.974794427505768724e+00
8.660000000000096657e-06,2.700000000000000178e+00,4.974794548088353530e+00
8.665000000000097456e-06,2.700000000000000178e+00,4.974794668054951075e+00
8.670000000000098255e-06,2.700000000000000178e+00,4.974794787408738372e+00
8.675000000000099054e-06,2.700000000000000178e+00,4.974794906152980367e+00
8.680000000000099854e-06,2.700000000000000178e+00,4.974795024290599166e+00
8.685000000000100653e-06,2.700000000000000178e+00,4.974795141824848166e+00
8.690000000000101452e-06,2.700000000000000178e+00,4.974795258758753391e+00
8.695000000000102251e-06,2.700000000000000178e+00,4.974795375095417249e+00
8.700000000000103050e-06,2.700000000000000178e+00,4.974795490837825795e+00
8.705000000000103849e-06,2.700000000000000178e+00,4.974795605989072556e+00
8.710000000000104649e-06,2.700000000000000178e+00,4.974795720552235068e+00
8.715000000000105448e-06,2.700000000000000178e+00,4.974795834530255867e+00
8.720000000000106247e-06,2.700000000000000178e+00,4.974795947926078377e+00
8.725000000000107046e-06,2.700000000000000178e+00,4.974796060742755266e+00
8.730000000000107845e-06,2.700000000000000178e+00,4.974796172983317888e+00
8.735000000000108644e-06,2.700000000000000178e+00,4.974796284650571998e+00
8.740000000000109443e-06,2.700000000000000178e+00,4.974796395747514310e+00
8.745000000000110243e-06,2.700000000000000178e+00,4.974796506277116670e+00
8.750000000000111042e-06,2.700000000000000178e+00,4.974796616242165292e+00
8.755000000000111841e-06,2.700000000000000178e+00,4.974796725645539652e+00
8.760000000000112640e-06,2.700000000000000178e+00,4.974796834490402553e+00
8.765000000000113439e-06,2.700000000000000178e+00,4.974796942779370568e+00
8.770000000000114238e-06,2.700000000000000178e+00,4.974797050515152641e+00
8.775000000000115038e-06,2.700000000000000178e+00,4.974797157700757033e+00
8.780000000000115837e-06,2.700000000000000178e+00,4.974797264339006375e+00
8.785000000000116636e-06,2.700000000000000178e+00,4.974797370432679777e+00
8.790000000000117435e-06,2.700000000000000178e+00,4.974797475984522599e+00
8.795000000000118234e-06,2.700000000000000178e+00,4.974797580997449842e+00
8.800000000000119033e-06,2.700000000000000178e+00,4.974797685474115383e+00
8.805000000000119833e-06,2.700000000000000178e+00,4.974797789417211291e+00
8.810000000000120632e-06,2.700000000000000178e+00,4.974797892829398549e+00
8.815000000000121431e-06,2.700000000000000178e+00,4.974797995713601040e+00
8.820000000000122230e-06,2.700000000000000178e+00,4.974798098072423791e+00
8.825000000000123029e-06,2.700000000000000178e+00,4.974798199908597951e+00
8.830000000000123828e-06,2.700000000000000178e+00,4.974798301224786279e+00
8.835000000000124628e-06,2.700000000000000178e+00,4.974798402023541399e+00
8.840000000000125427e-06,2.700000000000000178e+00,4.974798502307616666e+00
8.845000000000126226e-06,2.700000000000000178e+00,4.974798602079477661e+00
8.850000000000127025e-06,2.700000000000000178e+00,4.974798701341982543e+00
8.855000000000127824e-06,2.700000000000000178e+00,4.974798800097703477e+00
8.860000000000128623e-06,2.700000000000000178e+00,4.974798898349102494e+00
8.865000000000129423e-06,2.700000000000000178e+00,4.974798996098733106e+00
8.870000000000130222e-06,2.700000000000000178e+00,4.974799093349221657e+00
8.875000000000131021e-06,2.700000000000000178e+00,4.974799190103268209e+00
8.880000000000131820e-06,2.700000000000000178e+00,4.974799286363289497e+00
8.885000000000132619e-06,2.700000000000000178e+00,4.974799382131896763e+00
8.890000000000133418e-06,2.700000000000000178e+00,4.974799477411528059e+00
8.895000000000134217e-06,2.700000000000000178e+00,4.974799572204566367e+00
8.900000000000135017e-06,2.700000000000000178e+00,4.974799666513640695e+00
8.905000000000135816e-06,2.700000000000000178e+00,4.974799760341149124e+00
8.910000000000136615e-06,2.700000000000000178e+00,4.974799853689616747e+00
8.915000000000137414e-06,2.700000000000000178e+00,4.974799946561438091e+00
8.920000000000138213e-06,2.700000000000000178e+00,4.974800038959083182e+00
8.925000000000139012e-06,2.700000000000000178e+00,4.974800130885030924e+00
8.930000000000139812e-06,2.700000000000000178e+00,4.974800222341636768e+00
8.935000000000140611e-06,2.700000000000000178e+00,4.974800313331368073e+00
8.940000000000141410e-06,2.700000000000000178e+00,4.974800403856475484e+00
8.945000000000142209e-06,2.700000000000000178e+00,4.974800493919474320e+00
8.950000000000143008e-06,2.700000000000000178e+00,4.974800583522672959e+00
8.955000000000143807e-06,2.700000000000000178e+00,4.974800672668330037e+00
8.960000000000144607e-06,2.700000000000000178e+00,4.974800761358945778e+00
8.965000000000145406e-06,2.700000000000000178e+00,4.974800849596752172e+00
8.970000000000146205e-06,2.700000000000000178e+00,4.974800937384042498e+00
8.975000000000147004e-06,2.700000000000000178e+00,4.974801024723076281e+00
8.980000000000147803e-06,2.700000000000000178e+00,4.974801111616365290e+00
8.985000000000148602e-06,2.700000000000000178e+00,4.974801198066100660e+00
8.990000000000149402e-06,2.700000000000000178e+00,4.974801284074363394e+00
8.995000000000150201e-06,2.700000000000000178e+00,4.974801369643556015e+00
9.000000000000151000e-06,2.700000000000000178e+00,4.974801454775910514e+00
9.005000000000151799e-06,2.700000000000000178e+00,4.974801539473757472e+00
9.010000000000152598e-06,2.700000000000000178e+00,4.974801623739288914e+00
9.015000000000153397e-06,2.700000000000000178e+00,4.974801707574512122e+00
9.020000000000154197e-06,2.700000000000000178e+00,4.974801790981803862e+00
9.025000000000154996e-06,2.700000000000000178e+00,4.974801873963273557e+00
9.030000000000155795e-06,2.700000000000000178e+00,4.974801956521170965e+00
9.035000000000156594e-06,2.700000000000000178e+00,4.974802038657778702e+00
9.040000000000157393e-06,2.700000000000000178e+00,4.974802120374926417e+00
9.045000000000158192e-06,2.700000000000000178e+00,4.974802201674919822e+00
9.050000000000158991e-06,2.700000000000000178e+00,4.974802282559827482e+00
9.055000000000159791e-06,2.700000000000000178e+00,4.974802363031966657e+00
9.060000000000160590e-06,2.700000000000000178e+00,4.974802443093497395e+00
9.065000000000161389e-06,2.700000000000000178e+00,4.974802522746165856e+00
9.070000000000162188e-06,2.700000000000000178e+00,4.974802601992085016e+00
9.075000000000162987e-06,2.700000000000000178e+00,4.974802680833658286e+00
9.080000000000163786e-06,2.700000000000000178e+00,4.974802759272901831e+00
9.085000000000164586e-06,2.700000000000000178e+00,4.974802837311608883e+00
9.090000000000165385e-06,2.700000000000000178e+00,4.974802914952092259e+00
9.095000000000166184e-06,2.700000000000000178e+00,4.974802992196245555e+00
9.100000000000166983e-06,2.700000000000000178e+00,4.974803069046002335e+00
9.105000000000167782e-06,2.700000000000000178e+00,4.974803145503639001e+00
9.110000000000168581e-06,2.700000000000000178e+00,4.974803221570919476e+00
9.115000000000169381e-06,2.700000000000000178e+00,4.974803297250002032e+00
9.120000000000170180e-06,2.700000000000000178e+00,4.974803372542779378e+00
9.125000000000170979e-06,2.700000000000000178e+00,4.974803447451232152e+00
9.130000000000171778e-06,2.700000000000000178e+00,4.974803521977323228e+00
9.135000000000172577e-06,2.700000000000000178e+00,4.974803596122951532e+00
9.140000000000173376e-06,2.700000000000000178e+00,4.974803669890288660e+00
9.145000000000174176e-06,2.700000000000000178e+00,4.974803743281009716e+00
9.150000000000174975e-06,2.700000000000000178e+00,4.974803816297199255e+00
9.155000000000175774e-06,2.700000000000000178e+00,4.974803888940750873e+00
9.160000000000176573e-06,2.700000000000000178e+00,4.974803961213469350e+00
9.165000000000177372e-06,2.700000000000000178e+00,4.974804033117373514e+00
9.170000000000178171e-06,2.700000000000000178e+00,4.974804104654285908e+00
9.175000000000178971e-06,2.700000000000000178e+00,4.974804175825987329e+00
9.180000000000179770e-06,2.700000000000000178e+00,4.974804246634480620e+00
9.185000000000180569e-06,2.700000000000000178e+00,4.974804317081662042e+00
9.190000000000181368e-06,2.700000000000000178e+00,4.974804387169372788e+00
9.195000000000182167e-06,2.700000000000000178e+00,4.974804456899232008e+00
9.200000000000182966e-06,2.700000000000000178e+00,4.974804526273172378e+00
9.205000000000183765e-06,2.700000000000000178e+00,4.974804595293180753e+00
9.210000000000184565e-06,2.700000000000000178e+00,4.974804663960774143e+00
9.215000000000185364e-06,2.700000000000000178e+00,4.974804732278055752e+00
9.220000000000186163e-06,2.700000000000000178e+00,4.974804800246738878e+00
9.225000000000186962e-06,2.700000000000000178e+00,4.974804867868395597e+00
9.230000000000187761e-06,2.700000000000000178e+00,4.974804935145033191e+00
9.235000000000188560e-06,2.700000000000000178e+00,4.974805002078302785e+00
9.240000000000189360e-06,2.700000000000000178e+00,4.974805068669924779e+00
9.245000000000190159e-06,2.700000000000000178e+00,4.974805134921789218e+00
9.250000000000190958e-06,2.700000000000000178e+00,4.974805200835461072e+00
9.255000000000191757e-06,2.700000000000000178e+00,4.974805266412630544e+00
9.260000000000192556e-06,2.700000000000000178e+00,4.974805331655300478e+00
9.265000000000193355e-06,2.700000000000000178e+00,4.974805396565058935e+00
9.270000000000194155e-06,2.700000000000000178e+00,4.974805461143475327e+00
9.275000000000194954e-06,2.700000000000000178e+00,4.974805525392363315e+00
9.280000000000195753e-06,2.700000000000000178e+00,4.974805589313505472e+00
9.285000000000196552e-06,2.700000000000000178e+00,4.974805652908345088e+00
9.290000000000197351e-06,2.700000000000000178e+00,4.974805716178516413e+00
9.295000000000198150e-06,2.700000000000000178e+00,4.974805779125907712e+00
9.300000000000198950e-06,2.700000000000000178e+00,4.974805841752156788e+00
9.305000000000199749e-06,2.700000000000000178e+00,4.974805904058762884e+00
9.310000000000200548e-06,2.700000000000000178e+00,4.974805966047309624e+00
9.315000000000201347e-06,2.700000000000000178e+00,4.974806027719592016e+00
9.320000000000202146e-06,2.700000000000000178e+00,4.974806089077207005e+00
9.325000000000202945e-06,2.700000000000000178e+00,4.974806150121765747e+00
9.330000000000203745e-06,2.700000000000000178e+00,4.974806210854759492e+00
9.335000000000204544e-06,2.700000000000000178e+00,4.974806271277687486e+00
9.340000000000205343e-06,2.700000000000000178e+00,4.974806331392489511e+00
9.345000000000206142e-06,2.700000000000000178e+00,4.974806391200460531e+00
9.350000000000206941e-06,2.700000000000000178e+00,4.974806450703125549e+00
9.355000000000207740e-06,2.700000000000000178e+00,4.974806509902382601e+00
9.360000000000208539e-06,2.700000000000000178e+00,4.974806568799441386e+00
9.365000000000209339e-06,2.700000000000000178e+00,4.974806627396034742e+00
9.370000000000210138e-06,2.700000000000000178e+00,4.974806685693581088e+00
9.375000000000210937e-06,2.700000000000000178e+00,4.974806743693485522e+00
9.380000000000211736e-06,2.700000000000000178e+00,4.974806801397662070e+00
9.385000000000212535e-06,2.700000000000000178e+00,4.974806858807350629e+00
9.390000000000213334e-06,2.700000000000000178e+00,4.974806915923982054e+00
9.395000000000214134e-06,2.700000000000000178e+00,4.974806972749247436e+00
9.400000000000214933e-06,2.700000000000000178e+00,4.974807029284629145e+00
9.405000000000215732e-06,2.700000000000000178e+00,4.974807085531488760e+00
9.410000000000216531e-06,2.700000000000000178e+00,4.974807141491297990e+00
9.415000000000217330e-06,2.700000000000000178e+00,4.974807197165693751e+00
9.420000000000218129e-06,2.700000000000000178e+00,4.974807252555924819e+00
9.425000000000218929e-06,2.700000000000000178e+00,4.974807307663487776e+00
9.430000000000219728e-06,2.700000000000000178e+00,4.974807362489856999e+00
9.435000000000220527e-06,2.700000000000000178e+00,4.974807417036471335e+00
9.440000000000221326e-06,2.700000000000000178e+00,4.974807471304814044e+00
9.445000000000222125e-06,2.700000000000000178e+00,4.974807525296346178e+00
9.450000000000222924e-06,2.700000000000000178e+00,4.974807579012280989e+00
9.455000000000223724e-06,2.700000000000000178e+00,4.974807632454061768e+00
9.460000000000224523e-06,2.700000000000000178e+00,4.974807685623276576e+00
9.465000000000225322e-06,2.700000000000000178e+00,4.974807738521223044e+00
9.470000000000226121e-06,2.700000000000000178e+00,4.974807791149319591e+00
9.475000000000226920e-06,2.700000000000000178e+00,4.974807843508824767e+00
9.480000000000227719e-06,2.700000000000000178e+00,4.974807895601188967e+00
9.485000000000228518e-06,2.700000000000000178e+00,4.974807947427724031e+00
9.490000000000229318e-06,2.700000000000000178e+00,4.974807998989843938e+00
9.495000000000230117e-06,2.700000000000000178e+00,4.974808050288930694e+00
9.500000000000230916e-06,2.700000000000000178e+00,4.974808101326323673e+00
9.505000000000231715e-06,2.700000000000000178e+00,4.974808152103218362e+00
9.510000000000232514e-06,2.700000000000000178e+00,4.974808202621068709e+00
9.515000000000233313e-06,2.700000000000000178e+00,4.974808252881206982e+00
9.520000000000234113e-06,2.700000000000000178e+00,4.974808302884925482e+00
9.525000000000234912e-06,2.700000000000000178e+00,4.974808352633479203e+00
9.530000000000235711e-06,2.700000000000000178e+00,4.974808402128174656e+00
9.535000000000236510e-06,2.700000000000000178e+00,4.974808451370425821e+00
9.540000000000237309e-06,2.700000000000000178e+00,4.974808500361509900e+00
9.545000000000238108e-06,2.700000000000000178e+00,4.974808549102569089e+00
9.550000000000238908e-06,2.700000000000000178e+00,4.974808597594797099e+00
9.555000000000239707e-06,2.700000000000000178e+00,4.974808645839809529e+00
9.560000000000240506e-06,2.700000000000000178e+00,4.974808693838726370e+00
9.565000000000241305e-06,2.700000000000000178e+00,4.974808741592748440e+00
9.570000000000242104e-06,2.700000000000000178e+00,4.974808789103103202e+00
9.575000000000242903e-06,2.700000000000000178e+00,4.974808836371048315e+00
9.580000000000243703e-06,2.700000000000000178e+00,4.974808883397781045e+00
9.585000000000244502e-06,2.700000000000000178e+00,4.974808930184653200e+00
9.590000000000245301e-06,2.700000000000000178e+00,4.974808976732885135e+00
9.595000000000246100e-06,2.700000000000000178e+00,4.974809023043571088e+00
9.600000000000246899e-06,2.700000000000000178e+00,4.974809069117935856e+00
9.605000000000247698e-06,2.700000000000000178e+00,4.974809114957348122e+00
9.610000000000248498e-06,2.700000000000000178e+00,4.974809160562816857e+00
9.615000000000249297e-06,2.700000000000000178e+00,4.974809205935611267e+00
9.620000000000250096e-06,2.700000000000000178e+00,4.974809251077157768e+00
9.625000000000250895e-06,2.700000000000000178e+00,4.974809295988290359e+00
9.630000000000251694e-06,2.700000000000000178e+00,4.974809340670218738e+00
9.635000000000252493e-06,2.700000000000000178e+00,4.974809385124291161e+00
9.640000000000253292e-06,2.700000000000000178e+00,4.974809429351479295e+00
9.645000000000254092e-06,2.700000000000000178e+00,4.974809473353041689e+00
9.650000000000254891e-06,2.700000000000000178e+00,4.974809517130258207e+00
9.655000000000255690e-06,2.700000000000000178e+00,4.974809560684010812e+00
9.660000000000256489e-06,2.700000000000000178e+00,4.974809604015670850e+00
9.665000000000257288e-06,2.700000000000000178e+00,4.974809647126229528e+00
9.670000000000258087e-06,2.700000000000000178e+00,4.974809690016844144e+00
9.675000000000258887e-06,2.700000000000000178e+00,4.974809732688792785e+00
9.680000000000259686e-06,2.700000000000000178e+00,4.974809775142977841e+00
9.685000000000260485e-06,2.700000000000000178e+00,4.974809817380542398e+00
9.690000000000261284e-06,2.700000000000000178e+00,4.974809859402649970e+00
9.695000000000262083e-06,2.700000000000000178e+00,4.974809901210380580e+00
9.700000000000262882e-06,2.700000000000000178e+00,4.974809942804855112e+00
9.705000000000263682e-06,2.700000000000000178e+00,4.974809984187159806e+00
9.710000000000264481e-06,2.700000000000000178e+00,4.974810025358313403e+00
9.715000000000265280e-06,2.700000000000000178e+00,4.974810066319402146e+00
9.720000000000266079e-06,2.700000000000000178e+00,4.974810107071672149e+00
9.725000000000266878e-06,2.700000000000000178e+00,4.974810147616019584e+00
9.730000000000267677e-06,2.700000000000000178e+00,4.974810187953464080e+00
9.735000000000268477e-06,2.700000000000000178e+00,4.974810228085231323e+00
9.740000000000269276e-06,2.700000000000000178e+00,4.974810268012201497e+00
9.745000000000270075e-06,2.700000000000000178e+00,4.974810307735599402e+00
9.750000000000270874e-06,2.700000000000000178e+00,4.974810347256307885e+00
9.755000000000271673e-06,2.700000000000000178e+00,4.974810386575342136e+00
9.760000000000272472e-06,2.700000000000000178e+00,4.974810425693800831e+00
9.765000000000273272e-06,2.700000000000000178e+00,4.974810464612735572e+00
9.770000000000274071e-06,2.700000000000000178e+00,4.974810503333345402e+00
9.775000000000274870e-06,2.700000000000000178e+00,4.974810541856241386e+00
9.780000000000275669e-06,2.700000000000000178e+00,4.974810580182598585e+00
9.785000000000276468e-06,2.700000000000000178e+00,4.974810618313650679e+00
9.790000000000277267e-06,2.700000000000000178e+00,4.974810656250096663e+00
9.795000000000278066e-06,2.700000000000000178e+00,4.974810693992977484e+00
9.800000000000278866e-06,2.700000000000000178e+00,4.974810731543264808e+00
9.805000000000279665e-06,2.700000000000000178e+00,4.974810768902121261e+00
9.810000000000280464e-06,2.700000000000000178e+00,4.974810806070371072e+00
9.815000000000281263e-06,2.700000000000000178e+00,4.974810843048999232e+00
9.820000000000282062e-06,2.700000000000000178e+00,4.974810879839224320e+00
9.825000000000282861e-06,2.700000000000000178e+00,4.974810916441536612e+00
9.830000000000283661e-06,2.700000000000000178e+00,4.974810952857118274e+00
9.835000000000284460e-06,2.700000000000000178e+00,4.974810989087162127e+00
9.840000000000285259e-06,2.700000000000000178e+00,4.974811025132366282e+00
9.845000000000286058e-06,2.700000000000000178e+00,4.974811060993565626e+00
9.850000000000286857e-06,2.700000000000000178e+00,4.974811096671930777e+00
9.855000000000287656e-06,2.700000000000000178e+00,4.974811132168362349e+00
9.860000000000288456e-06,2.700000000000000178e+00,4.974811167483690788e+00
9.865000000000289255e-06,2.700000000000000178e+00,4.974811202618782957e+00
9.870000000000290054e-06,2.700000000000000178e+00,4.974811237574785494e+00
9.875000000000290853e-06,2.700000000000000178e+00,4.974811272352519076e+00
9.880000000000291652e-06,2.700000000000000178e+00,4.974811306952680034e+00
9.885000000000292451e-06,2.700000000000000178e+00,4.974811341376354612e+00
9.890000000000293251e-06,2.700000000000000178e+00,4.974811375624565102e+00
9.895000000000294050e-06,2.700000000000000178e+00,4.974811409698095765e+00
9.900000000000294849e-06,2.700000000000000178e+00,4.974811443597762839e+00
9.905000000000295648e-06,2.700000000000000178e+00,4.974811477324570852e+00
9.910000000000296447e-06,2.700000000000000178e+00,4.974811510879304954e+00
9.915000000000297246e-06,2.700000000000000178e+00,4.974811544262943031e+00
9.920000000000298046e-06,2.700000000000000178e+00,4.974811577476383029e+00
9.925000000000298845e-06,2.700000000000000178e+00,4.974811610520401217e+00
9.930000000000299644e-06,2.700000000000000178e+00,4.974811643395731231e+00
9.935000000000300443e-06,2.700000000000000178e+00,4.974811676103383817e+00
9.940000000000301242e-06,2.700000000000000178e+00,4.974811708644341302e+00
9.945000000000302041e-06,2.700000000000000178e+00,4.974811741019237843e+00
9.950000000000302840e-06,2.700000000000000178e+00,4.974811773228909217e+00
9.955000000000303640e-06,2.700000000000000178e+00,4.974811805274421239e+00
9.960000000000304439e-06,2.700000000000000178e+00,4.974811837156432048e+00
9.965000000000305238e-06,2.700000000000000178e+00,4.974811868875923970e+00
9.970000000000306037e-06,2.700000000000000178e+00,4.974811900433543599e+00
9.975000000000306836e-06,2.700000000000000178e+00,4.974811931830325662e+00
9.980000000000307635e-06,2.700000000000000178e+00,4.974811963067020670e+00
9.985000000000308435e-06,2.700000000000000178e+00,4.974811994144163307e+00
9.990000000000309234e-06,2.700000000000000178e+00,4.974812025062810505e+00
9.995000000000310033e-06,2.700000000000000178e+00,4.974812055823789159e+00
1.000000000000031083e-05,2.700000000000000178e+00,4.974812086427927049e+00
1.000500000000031163e-05,2.700000000000000178e+00,4.974812116876002221e+00
1.001000000000031243e-05,2.700000000000000178e+00,4.974812147168722554e+00
1.001500000000031323e-05,2.700000000000000178e+00,4.974812177306993988e+00
1.002000000000031403e-05,2.700000000000000178e+00,4.974812207291638089e+00
1.002500000000031483e-05,2.700000000000000178e+00,4.974812237123174441e+00
1.003000000000031563e-05,2.700000000000000178e+00,4.974812266802569383e+00
1.003500000000031643e-05,2.700000000000000178e+00,4.974812296330659578e+00
1.004000000000031723e-05,2.700000000000000178e+00,4.974812325708184879e+00
1.004500000000031802e-05,2.700000000000000178e+00,4.974812354935783887e+00
1.005000000000031882e-05,2.700000000000000178e+00,4.974812384014283495e+00
1.005500000000031962e-05,2.700000000000000178e+00,4.974812412944536355e+00
1.006000000000032042e-05,2.700000000000000178e+00,4.974812441727319623e+00
1.006500000000032122e-05,2.700000000000000178e+00,4.974812470363295880e+00
1.007000000000032202e-05,2.700000000000000178e+00,4.974812498853093956e+00
1.007500000000032282e-05,2.700000000000000178e+00,4.974812527197659762e+00
1.008000000000032362e-05,2.700000000000000178e+00,4.974812555397756242e+00
1.008500000000032442e-05,2.700000000000000178e+00,4.974812583453902981e+00
1.009000000000032522e-05,2.700000000000000178e+00,4.974812611366949966e+00
1.009500000000032602e-05,2.700000000000000178e+00,4.974812639137776493e+00
1.010000000000032682e-05,2.700000000000000178e+00,4.974812666766903924e+00
1.010500000000032761e-05,2.700000000000000178e+00,4.974812694255017043e+00
1.011000000000032841e-05,2.700000000000000178e+00,4.974812721602991594e+00
1.011500000000032921e-05,2.700000000000000178e+00,4.974812748811392460e+00
1.012000000000033001e-05,2.700000000000000178e+00,4.974812775881100713e+00
1.012500000000033081e-05,2.700000000000000178e+00,4.974812802812924595e+00
1.013000000000033161e-05,2.700000000000000178e+00,4.974812829607244247e+00
1.013500000000033241e-05,2.700000000000000178e+00,4.974812856264985150e+00
1.014000000000033321e-05,2.700000000000000178e+00,4.974812882786622481e+00
1.014500000000033401e-05,2.700000000000000178e+00,4.974812909172951159e+00
1.015000000000033481e-05,2.700000000000000178e+00,4.974812935424869131e+00
1.015500000000033561e-05,2.700000000000000178e+00,4.974812961542979473e+00
1.016000000000033641e-05,2.700000000000000178e+00,4.974812987527768904e+00
1.016500000000033720e-05,2.700000000000000178e+00,4.974813013380018134e+00
1.017000000000033800e-05,2.700000000000000178e+00,4.974813039100640211e+00
1.017500000000033880e-05,2.700000000000000178e+00,4.974813064689872277e+00
1.018000000000033960e-05,2.700000000000000178e+00,4.974813090148558103e+00
1.018500000000034040e-05,2.700000000000000178e+00,4.974813115477401126e+00
1.019000000000034120e-05,2.700000000000000178e+00,4.974813140677173173e+00
1.019500000000034200e-05,2.700000000000000178e+00,4.974813165748470212e+00
1.020000000000034280e-05,2.700000000000000178e+00,4.974813190691770970e+00
1.020500000000034360e-05,2.700000000000000178e+00,4.974813215508033792e+00
1.021000000000034440e-05,2.700000000000000178e+00,4.974813240197614839e+00
1.021500000000034520e-05,2.700000000000000178e+00,4.974813264761263731e+00
1.022000000000034600e-05,2.700000000000000178e+00,4.974813289199792266e+00
1.022500000000034679e-05,2.700000000000000178e+00,4.974813313513539725e+00
1.023000000000034759e-05,2.700000000000000178e+00,4.974813337703244187e+00
1.023500000000034839e-05,2.700000000000000178e+00,4.974813361769776954e+00
1.024000000000034919e-05,2.700000000000000178e+00,4.974813385713525271e+00
1.024500000000034999e-05,2.700000000000000178e+00,4.974813409534999842e+00
1.025000000000035079e-05,2.700000000000000178e+00,4.974813433235203419e+00
1.025500000000035159e-05,2.700000000000000178e+00,4.974813456814475288e+00
1.026000000000035239e-05,2.700000000000000178e+00,4.974813480273396316e+00
1.026500000000035319e-05,2.700000000000000178e+00,4.974813503612797838e+00
1.027000000000035399e-05,2.700000000000000178e+00,4.974813526833122168e+00
1.027500000000035479e-05,2.700000000000000178e+00,4.974813549935015899e+00
1.028000000000035559e-05,2.700000000000000178e+00,4.974813572919170923e+00
1.028500000000035638e-05,2.700000000000000178e+00,4.974813595786057974e+00
1.029000000000035718e-05,2.700000000000000178e+00,4.974813618536243709e+00
1.029500000000035798e-05,2.700000000000000178e+00,4.974813641170478640e+00
1.030000000000035878e-05,2.700000000000000178e+00,4.974813663689388044e+00
1.030500000000035958e-05,2.700000000000000178e+00,4.974813686093273013e+00
1.031000000000036038e-05,2.700000000000000178e+00,4.974813708382919586e+00
1.031500000000036118e-05,2.700000000000000178e+00,4.974813730559073832e+00
1.032000000000036198e-05,2.700000000000000178e+00,4.974813752622121221e+00
1.032500000000036278e-05,2.700000000000000178e+00,4.974813774572543146e+00
1.033000000000036358e-05,2.700000000000000178e+00,4.974813796411110545e+00
1.033500000000036438e-05,2.700000000000000178e+00,4.974813818138240862e+00
1.034000000000036518e-05,2.700000000000000178e+00,4.974813839754508749e+00
1.034500000000036597e-05,2.700000000000000178e+00,4.974813861260689585e+00
1.035000000000036677e-05,2.700000000000000178e+00,4.974813882657164399e+00
1.035500000000036757e-05,2.700000000000000178e+00,4.974813903944413696e+00
1.036000000000036837e-05,2.700000000000000178e+00,4.974813925123151570e+00
1.036500000000036917e-05,2.700000000000000178e+00,4.974813946194042380e+00
1.037000000000036997e-05,2.700000000000000178e+00,4.974813967157373007e+00
1.037500000000037077e-05,2.700000000000000178e+00,4.974813988013759847e+00
1.038000000000037157e-05,2.700000000000000178e+00,4.974814008763800643e+00
1.038500000000037237e-05,2.700000000000000178e+00,4.974814029408056726e+00
1.039000000000037317e-05,2.700000000000000178e+00,4.974814049946965078e+00
1.039500000000037397e-05,2.700000000000000178e+00,4.974814070381254005e+00
1.040000000000037476e-05,2.700000000000000178e+00,4.974814090711295655e+00
1.040500000000037556e-05,2.700000000000000178e+00,4.974814110937526124e+00
1.041000000000037636e-05,2.700000000000000178e+00,4.974814131060768752e+00
1.041500000000037716e-05,2.700000000000000178e+00,4.974814151081365488e+00
1.042000000000037796e-05,2.700000000000000178e+00,4.974814170999839469e+00
1.042500000000037876e-05,2.700000000000000178e+00,4.974814190816755577e+00
1.043000000000037956e-05,2.700000000000000178e+00,4.974814210532650272e+00
1.043500000000038036e-05,2.700000000000000178e+00,4.974814230147993399e+00
1.044000000000038116e-05,2.700000000000000178e+00,4.974814249663354282e+00
1.044500000000038196e-05,2.700000000000000178e+00,4.974814269079062434e+00
1.045000000000038276e-05,2.700000000000000178e+00,4.974814288395768891e+00
1.045500000000038356e-05,2.700000000000000178e+00,4.974814307614090048e+00
1.046000000000038435e-05,2.700000000000000178e+00,4.974814326734359859e+00
1.046500000000038515e-05,2.700000000000000178e+00,4.974814345757201828e+00
1.047000000000038595e-05,2.700000000000000178e+00,4.974814364682981882e+00
1.047500000000038675e-05,2.700000000000000178e+00,4.974814383512283555e+00
1.048000000000038755e-05,2.700000000000000178e+00,4.974814402245494094e+00
1.048500000000038835e-05,2.700000000000000178e+00,4.974814420883173938e+00
1.049000000000038915e-05,2.700000000000000178e+00,4.974814439425916390e+00
1.049500000000038995e-05,2.700000000000000178e+00,4.974814457874003004e+00
1.050000000000039075e-05,2.700000000000000178e+00,4.974814476227922277e+00
1.050500000000039155e-05,2.700000000000000178e+00,4.974814494488418504e+00
1.051000000000039235e-05,2.700000000000000178e+00,4.974814512655767018e+00
1.051500000000039315e-05,2.700000000000000178e+00,4.974814530730441220e+00
1.052000000000039394e-05,2.700000000000000178e+00,4.974814548713018425e+00
1.052500000000039474e-05,2.700000000000000178e+00,4.974814566603756205e+00
1.053000000000039554e-05,2.700000000000000178e+00,4.974814584403351780e+00
1.053500000000039634e-05,2.700000000000000178e+00,4.974814602112222595e+00
1.054000000000039714e-05,2.700000000000000178e+00,4.974814619730653753e+00
1.054500000000039794e-05,2.700000000000000178e+00,4.974814637259315830e+00
1.055000000000039874e-05,2.700000000000000178e+00,4.974814654698701766e+00
1.055500000000039954e-05,2.700000000000000178e+00,4.974814672049017616e+00
1.056000000000040034e-05,2.700000000000000178e+00,4.974814689310879778e+00
1.056500000000040114e-05,2.700000000000000178e+00,4.974814706484823823e+00
1.057000000000040194e-05,2.700000000000000178e+00,4.974814723571168606e+00
1.057500000000040274e-05,2.700000000000000178e+00,4.974814740570353777e+00
1.058000000000040353e-05,2.700000000000000178e+00,4.974814757482941552e+00
1.058500000000040433e-05,2.700000000000000178e+00,4.974814774309177956e+00
1.059000000000040513e-05,2.700000000000000178e+00,4.974814791049515961e+00
1.059500000000040593e-05,2.700000000000000178e+00,4.974814807704645681e+00
1.060000000000040673e-05,2.700000000000000178e+00,4.974814824274769620e+00
1.060500000000040753e-05,2.700000000000000178e+00,4.974814840760481083e+00
1.061000000000040833e-05,2.700000000000000178e+00,4.974814857162046522e+00
1.061500000000040913e-05,2.700000000000000178e+00,4.974814873479981969e+00
1.062000000000040993e-05,2.700000000000000178e+00,4.974814889714832766e+00
1.062500000000041073e-05,2.700000000000000178e+00,4.974814905866804082e+00
1.063000000000041153e-05,2.700000000000000178e+00,4.974814921936393297e+00
1.063500000000041233e-05,2.700000000000000178e+00,4.974814937923985880e+00
1.064000000000041312e-05,2.700000000000000178e+00,4.974814953830186681e+00
1.064500000000041392e-05,2.700000000000000178e+00,4.974814969655179553e+00
1.065000000000041472e-05,2.700000000000000178e+00,4.974814985399561351e+00
1.065500000000041552e-05,2.700000000000000178e+00,4.974815001063708664e+00
1.066000000000041632e-05,2.700000000000000178e+00,4.974815016647917254e+00
1.066500000000041712e-05,2.700000000000000178e+00,4.974815032152699601e+00
1.067000000000041792e-05,2.700000000000000178e+00,4.974815047578371896e+00
1.067500000000041872e-05,2.700000000000000178e+00,4.974815062925391551e+00
1.068000000000041952e-05,2.700000000000000178e+00,4.974815078194117390e+00
1.068500000000042032e-05,2.700000000000000178e+00,4.974815093385059228e+00
1.069000000000042112e-05,2.700000000000000178e+00,4.974815108498525262e+00
1.069500000000042192e-05,2.700000000000000178e+00,4.974815123534820138e+00
1.070000000000042271e-05,2.700000000000000178e+00,4.974815138494522060e+00
1.070500000000042351e-05,2.700000000000000178e+00,4.974815153378008503e+00
1.071000000000042431e-05,2.700000000000000178e+00,4.974815168185549474e+00
1.071500000000042511e-05,2.700000000000000178e+00,4.974815182917615708e+00
1.072000000000042591e-05,2.700000000000000178e+00,4.974815197574540271e+00
1.072500000000042671e-05,2.700000000000000178e+00,4.974815212156629585e+00
1.073000000000042751e-05,2.700000000000000178e+00,4.974815226664524026e+00
1.073500000000042831e-05,2.700000000000000178e+00,4.974815241098362151e+00
1.074000000000042911e-05,2.700000000000000178e+00,4.974815255458537422e+00
1.074500000000042991e-05,2.700000000000000178e+00,4.974815269745612945e+00
1.075000000000043071e-05,2.700000000000000178e+00,4.974815283959879153e+00
1.075500000000043151e-05,2.700000000000000178e+00,4.974815298101482597e+00
1.076000000000043230e-05,2.700000000000000178e+00,4.974815312171038784e+00
1.076500000000043310e-05,2.700000000000000178e+00,4.974815326169061080e+00
1.077000000000043390e-05,2.700000000000000178e+00,4.974815340095494420e+00
1.077500000000043470e-05,2.700000000000000178e+00,4.974815353950889474e+00
1.078000000000043550e-05,2.700000000000000178e+00,4.974815367735759608e+00
1.078500000000043630e-05,2.700000000000000178e+00,4.974815381450372165e+00
1.079000000000043710e-05,2.700000000000000178e+00,4.974815395094909221e+00
1.079500000000043790e-05,2.700000000000000178e+00,4.974815408669877037e+00
1.080000000000043870e-05,2.700000000000000178e+00,4.974815422175684176e+00
1.080500000000043950e-05,2.700000000000000178e+00,4.974815435612693904e+00
1.081000000000044030e-05,2.700000000000000178e+00,4.974815448981176225e+00
1.081500000000044110e-05,2.700000000000000178e+00,4.974815462281368283e+00
1.082000000000044189e-05,2.700000000000000178e+00,4.974815475513762131e+00
1.082500000000044269e-05,2.700000000000000178e+00,4.974815488678727249e+00
1.083000000000044349e-05,2.700000000000000178e+00,4.974815501776655324e+00
1.083500000000044429e-05,2.700000000000000178e+00,4.974815514807819028e+00
1.084000000000044509e-05,2.700000000000000178e+00,4.974815527772359580e+00
1.084500000000044589e-05,2.700000000000000178e+00,4.974815540670842751e+00
1.085000000000044669e-05,2.700000000000000178e+00,4.974815553503765919e+00
1.085500000000044749e-05,2.700000000000000178e+00,4.974815566271125533e+00
1.086000000000044829e-05,2.700000000000000178e+00,4.974815578973256436e+00
1.086500000000044909e-05,2.700000000000000178e+00,4.974815591610608045e+00
1.087000000000044989e-05,2.700000000000000178e+00,4.974815604183556061e+00
1.087500000000045069e-05,2.700000000000000178e+00,4.974815616692588982e+00
1.088000000000045148e-05,2.700000000000000178e+00,4.974815629137691708e+00
1.088500000000045228e-05,2.700000000000000178e+00,4.974815641519290565e+00
1.089000000000045308e-05,2.700000000000000178e+00,4.974815653837865170e+00
1.089500000000045388e-05,2.700000000000000178e+00,4.974815666093628685e+00
1.090000000000045468e-05,2.700000000000000178e+00,4.974815678286933718e+00
1.090500000000045548e-05,2.700000000000000178e+00,4.974815690418058267e+00
1.091000000000045628e-05,2.700000000000000178e+00,4.974815702487268787e+00
1.091500000000045708e-05,2.700000000000000178e+00,4.974815714494988939e+00
1.092000000000045788e-05,2.700000000000000178e+00,4.974815726441444319e+00
1.092500000000045868e-05,2.700000000000000178e+00,4.974815738326861414e+00
1.093000000000045948e-05,2.700000000000000178e+00,4.974815750151890370e+00
1.093500000000046028e-05,2.700000000000000178e+00,4.974815761916516088e+00
1.094000000000046107e-05,2.700000000000000178e+00,4.974815773621192427e+00
1.094500000000046187e-05,2.700000000000000178e+00,4.974815785266202717e+00
1.095000000000046267e-05,2.700000000000000178e+00,4.974815796851750349e+00
1.095500000000046347e-05,2.700000000000000178e+00,4.974815808378311388e+00
1.096000000000046427e-05,2.700000000000000178e+00,4.974815819845995968e+00
1.096500000000046507e-05,2.700000000000000178e+00,4.974815831255306797e+00
1.097000000000046587e-05,2.700000000000000178e+00,4.974815842606429506e+00
1.097500000000046667e-05,2.700000000000000178e+00,4.974815853899698936e+00
1.098000000000046747e-05,2.700000000000000178e+00,4.974815865135403747e+00
1.098500000000046827e-05,2.700000000000000178e+00,4.974815876313808616e+00
1.099000000000046907e-05,2.700000000000000178e+00,4.974815887435210193e+00
1.099500000000046987e-05,2.700000000000000178e+00,4.974815898499855393e+00
1.100000000000047066e-05,2.700000000000000178e+00,4.974815909508169653e+00
1.100500000000047146e-05,2.700000000000000178e+00,4.974815920460295082e+00
1.101000000000047226e-05,2.700000000000000178e+00,4.974815931356495469e+00
1.101500000000047306e-05,2.700000000000000178e+00,4.974815942197226448e+00
1.102000000000047386e-05,2.700000000000000178e+00,4.974815952982710066e+00
1.102500000000047466e-05,2.700000000000000178e+00,4.974815963713170142e+00
1.103000000000047546e-05,2.700000000000000178e+00,4.974815974389012574e+00
1.103500000000047626e-05,2.700000000000000178e+00,4.974815985010259567e+00
1.104000000000047706e-05,2.700000000000000178e+00,4.974815995577474226e+00
1.104500000000047786e-05,2.700000000000000178e+00,4.974816006090800435e+00
1.105000000000047866e-05,2.700000000000000178e+00,4.974816016550511755e+00
1.105500000000047946e-05,2.700000000000000178e+00,4.974816026956928816e+00
1.106000000000048025e-05,2.700000000000000178e+00,4.974816037310140437e+00
1.106500000000048105e-05,2.700000000000000178e+00,4.974816047610636005e+00
1.107000000000048185e-05,2.700000000000000178e+00,4.974816057858613583e+00
1.107500000000048265e-05,2.700000000000000178e+00,4.974816068054427554e+00
1.108000000000048345e-05,2.700000000000000178e+00,4.974816078198199598e+00
1.108500000000048425e-05,2.700000000000000178e+00,4.974816088290282323e+00
1.109000000000048505e-05,2.700000000000000178e+00,4.974816098330818726e+00
1.109500000000048585e-05,2.700000000000000178e+00,4.974816108320229802e+00
1.110000000000048665e-05,2.700000000000000178e+00,4.974816118258779341e+00
1.110500000000048745e-05,2.700000000000000178e+00,4.974816128146493099e+00
1.111000000000048825e-05,2.700000000000000178e+00,4.974816137983903097e+00
1.111500000000048905e-05,2.700000000000000178e+00,4.974816147771169206e+00
1.112000000000048984e-05,2.700000000000000178e+00,4.974816157508479719e+00
1.112500000000049064e-05,2.700000000000000178e+00,4.974816167196081551e+00
1.113000000000049144e-05,2.700000000000000178e+00,4.974816176834325532e+00
1.113500000000049224e-05,2.700000000000000178e+00,4.974816186423471898e+00
1.114000000000049304e-05,2.700000000000000178e+00,4.974816195963779109e+00
1.114500000000049384e-05,2.700000000000000178e+00,4.974816205455393714e+00
1.115000000000049464e-05,2.700000000000000178e+00,4.974816214898581279e+00
1.115500000000049544e-05,2.700000000000000178e+00,4.974816224293671318e+00
1.116000000000049624e-05,2.700000000000000178e+00,4.974816233640718899e+00
1.116500000000049704e-05,2.700000000000000178e+00,4.974816242940167221e+00
1.117000000000049784e-05,2.700000000000000178e+00,4.974816252192373334e+00
1.117500000000049863e-05,2.700000000000000178e+00,4.974816261397352335e+00
1.118000000000049943e-05,2.700000000000000178e+00,4.974816270555316500e+00
1.118500000000050023e-05,2.700000000000000178e+00,4.974816279666646857e+00
1.119000000000050103e-05,2.700000000000000178e+00,4.974816288731439329e+00
1.119500000000050183e-05,2.700000000000000178e+00,4.974816297749944383e+00
1.120000000000050263e-05,2.700000000000000178e+00,4.974816306722660286e+00
1.120500000000050343e-05,2.700000000000000178e+00,4.974816315649619902e+00
1.121000000000050423e-05,2.700000000000000178e+00,4.974816324530952016e+00
1.121500000000050503e-05,2.700000000000000178e+00,4.974816333367001242e+00
1.122000000000050583e-05,2.700000000000000178e+00,4.974816342158027815e+00
1.122500000000050663e-05,2.700000000000000178e+00,4.974816350904352369e+00
1.123000000000050743e-05,2.700000000000000178e+00,4.974816359605932270e+00
1.123500000000050822e-05,2.700000000000000178e+00,4.974816368263216937e+00
1.124000000000050902e-05,2.700000000000000178e+00,4.974816376876436408e+00
1.124500000000050982e-05,2.700000000000000178e+00,4.974816385445615552e+00
1.125000000000051062e-05,2.700000000000000178e+00,4.974816393971035033e+00
1.125500000000051142e-05,2.700000000000000178e+00,4.974816402453074993e+00
1.126000000000051222e-05,2.700000000000000178e+00,4.974816410891948593e+00
1.126500000000051302e-05,2.700000000000000178e+00,4.974816419287805935e+00
1.127000000000051382e-05,2.700000000000000178e+00,4.974816427640672778e+00
1.127500000000051462e-05,2.700000000000000178e+00,4.974816435950934590e+00
1.128000000000051542e-05,2.700000000000000178e+00,4.974816444219043454e+00
1.128500000000051622e-05,2.700000000000000178e+00,4.974816452444951409e+00
1.129000000000051702e-05,2.700000000000000178e+00,4.974816460628959547e+00
1.129500000000051781e-05,2.700000000000000178e+00,4.974816468771090072e+00
1.130000000000051861e-05,2.700000000000000178e+00,4.974816476871780857e+00
1.130500000000051941e-05,2.700000000000000178e+00,4.974816484931289473e+00
1.131000000000052021e-05,2.700000000000000178e+00,4.974816492949476476e+00
1.131500000000052101e-05,2.700000000000000178e+00,4.974816500926837470e+00
1.132000000000052181e-05,2.700000000000000178e+00,4.974816508863693088e+00
1.132500000000052261e-05,2.700000000000000178e+00,4.974816516760042440e+00
1.133000000000052341e-05,2.700000000000000178e+00,4.974816524616037405e+00
1.133500000000052421e-05,2.700000000000000178e+00,4.974816532431969307e+00
1.134000000000052501e-05,2.700000000000000178e+00,4.974816540208032656e+00
1.134500000000052581e-05,2.700000000000000178e+00,4.974816547944537426e+00
1.135000000000052661e-05,2.700000000000000178e+00,4.974816555641529803e+00
1.135500000000052740e-05,2.700000000000000178e+00,4.974816563299301109e+00
1.136000000000052820e-05,2.700000000000000178e+00,4.974816570918072500e+00
1.136500000000052900e-05,2.700000000000000178e+00,4.974816578497971875e+00
1.137000000000052980e-05,2.700000000000000178e+00,4.974816586039272792e+00
1.137500000000053060e-05,2.700000000000000178e+00,4.974816593542084497e+00
1.138000000000053140e-05,2.700000000000000178e+00,4.974816601006549099e+00
1.138500000000053220e-05,2.700000000000000178e+00,4.974816608432977461e+00
1.139000000000053300e-05,2.700000000000000178e+00,4.974816615821635146e+00
1.139500000000053380e-05,2.700000000000000178e+00,4.974816623172606533e+00
1.140000000000053460e-05,2.700000000000000178e+00,4.974816630486127877e+00
1.140500000000053540e-05,2.700000000000000178e+00,4.974816637762344840e+00
1.141000000000053620e-05,2.700000000000000178e+00,4.974816645001470583e+00
1.141500000000053699e-05,2.700000000000000178e+00,4.974816652203573497e+00
1.142000000000053779e-05,2.700000000000000178e+00,4.974816659369041716e+00
1.142500000000053859e-05,2.700000000000000178e+00,4.974816666497990703e+00
1.143000000000053939e-05,2.700000000000000178e+00,4.974816673590674476e+00
1.143500000000054019e-05,2.700000000000000178e+00,4.974816680647159650e+00
1.144000000000054099e-05,2.700000000000000178e+00,4.974816687667491522e+00
1.144500000000054179e-05,2.700000000000000178e+00,4.974816694652138160e+00
1.145000000000054259e-05,2.700000000000000178e+00,4.974816701601269209e+00
1.145500000000054339e-05,2.700000000000000178e+00,4.974816708514940622e+00
1.146000000000054419e-05,2.700000000000000178e+00,4.974816715393243882e+00
1.146500000000054499e-05,2.700000000000000178e+00,4.974816722236534261e+00
1.147000000000054579e-05,2.700000000000000178e+00,4.974816729044979624e+00
1.147500000000054658e-05,2.700000000000000178e+00,4.974816735818718527e+00
1.148000000000054738e-05,2.700000000000000178e+00,4.974816742557895743e+00
1.148500000000054818e-05,2.700000000000000178e+00,4.974816749262721771e+00
1.149000000000054898e-05,2.700000000000000178e+00,4.974816755933403556e+00
1.149500000000054978e-05,2.700000000000000178e+00,4.974816762569934880e+00
1.150000000000055058e-05,2.700000000000000178e+00,4.974816769172826447e+00
1.150500000000055138e-05,2.700000000000000178e+00,4.974816775742035624e+00
1.151000000000055218e-05,2.700000000000000178e+00,4.974816782277549088e+00
1.151500000000055298e-05,2.700000000000000178e+00,4.974816788779860666e+00
1.152000000000055378e-05,2.700000000000000178e+00,4.974816795249102697e+00
1.152500000000055458e-05,2.700000000000000178e+00,4.974816801685197909e+00
1.153000000000055538e-05,2.700000000000000178e+00,4.974816808088499798e+00
1.153500000000055617e-05,2.700000000000000178e+00,4.974816814459268599e+00
1.154000000000055697e-05,2.700000000000000178e+00,4.974816820797518524e+00
1.154500000000055777e-05,2.700000000000000178e+00,4.974816827103424544e+00
1.155000000000055857e-05,2.700000000000000178e+00,4.974816833377193603e+00
1.155500000000055937e-05,2.700000000000000178e+00,4.974816839619038866e+00
1.156000000000056017e-05,2.700000000000000178e+00,4.974816845828971879e+00
1.156500000000056097e-05,2.700000000000000178e+00,4.974816852007237777e+00
1.157000000000056177e-05,2.700000000000000178e+00,4.974816858154041732e+00
1.157500000000056257e-05,2.700000000000000178e+00,4.974816864269572925e+00
1.158000000000056337e-05,2.700000000000000178e+00,4.974816870353816256e+00
1.158500000000056417e-05,2.700000000000000178e+00,4.974816876407039068e+00
1.159000000000056497e-05,2.700000000000000178e+00,4.974816882429546006e+00
1.159500000000056576e-05,2.700000000000000178e+00,4.974816888421274008e+00
1.160000000000056656e-05,2.700000000000000178e+00,4.974816894382456667e+00
1.160500000000056736e-05,2.700000000000000178e+00,4.974816900313287604e+00
1.161000000000056816e-05,2.700000000000000178e+00,4.974816906213713530e+00
1.161500000000056896e-05,2.700000000000000178e+00,4.974816912084064846e+00
1.162000000000056976e-05,2.700000000000000178e+00,4.974816917924732351e+00
1.162500000000057056e-05,2.700000000000000178e+00,4.974816923735417618e+00
1.163000000000057136e-05,2.700000000000000178e+00,4.974816929516460817e+00
1.163500000000057216e-05,2.700000000000000178e+00,4.974816935268140838e+00
1.164000000000057296e-05,2.700000000000000178e+00,4.974816940990460346e+00
1.164500000000057376e-05,2.700000000000000178e+00,4.974816946683700003e+00
1.165000000000057456e-05,2.700000000000000178e+00,4.974816952347804744e+00
1.165500000000057535e-05,2.700000000000000178e+00,4.974816957983048127e+00
1.166000000000057615e-05,2.700000000000000178e+00,4.974816963589534069e+00
1.166500000000057695e-05,2.700000000000000178e+00,4.974816969167480174e+00
1.167000000000057775e-05,2.700000000000000178e+00,4.974816974717080065e+00
1.167500000000057855e-05,2.700000000000000178e+00,4.974816980238255582e+00
1.168000000000057935e-05,2.700000000000000178e+00,4.974816985731198571e+00
1.168500000000058015e-05,2.700000000000000178e+00,4.974816991196352234e+00
1.169000000000058095e-05,2.700000000000000178e+00,4.974816996633506960e+00
1.169500000000058175e-05,2.700000000000000178e+00,4.974817002042913217e+00
1.170000000000058255e-05,2.700000000000000178e+00,4.974817007424831239e+00
1.170500000000058335e-05,2.700000000000000178e+00,4.974817012779352510e+00
1.171000000000058415e-05,2.700000000000000178e+00,4.974817018106644895e+00
1.171500000000058494e-05,2.700000000000000178e+00,4.974817023406572503e+00
1.172000000000058574e-05,2.700000000000000178e+00,4.974817028679492381e+00
1.172500000000058654e-05,2.700000000000000178e+00,4.974817033925460485e+00
1.173000000000058734e-05,2.700000000000000178e+00,4.974817039144776132e+00
1.173500000000058814e-05,2.700000000000000178e+00,4.974817044337505045e+00
1.174000000000058894e-05,2.700000000000000178e+00,4.974817049503811539e+00
1.174500000000058974e-05,2.700000000000000178e+00,4.974817054643764003e+00
1.175000000000059054e-05,2.700000000000000178e+00,4.974817059757368654e+00
1.175500000000059134e-05,2.700000000000000178e+00,4.974817064845065140e+00
1.176000000000059214e-05,2.700000000000000178e+00,4.974817069906764644e+00
1.176500000000059294e-05,2.700000000000000178e+00,4.974817074942646578e+00
1.177000000000059374e-05,2.700000000000000178e+00,4.974817079952969401e+00
1.177500000000059453e-05,2.700000000000000178e+00,4.974817084937685152e+00
1.178000000000059533e-05,2.700000000000000178e+00,4.974817089896961697e+00
1.178500000000059613e-05,2.700000000000000178e+00,4.974817094830876307e+00
1.179000000000059693e-05,2.700000000000000178e+00,4.974817099739748727e+00
1.179500000000059773e-05,2.700000000000000178e+00,4.974817104623656228e+00
1.180000000000059853e-05,2.700000000000000178e+00,4.974817109482497557e+00
1.180500000000059933e-05,2.700000000000000178e+00,4.974817114316572919e+00
1.181000000000060013e-05,2.700000000000000178e+00,4.974817119126059950e+00
1.181500000000060093e-05,2.700000000000000178e+00,4.974817123911020822e+00
1.182000000000060173e-05,2.700000000000000178e+00,4.974817128671669586e+00
1.182500000000060253e-05,2.700000000000000178e+00,4.974817133408071079e+00
1.183000000000060333e-05,2.700000000000000178e+00,4.974817138120185334e+00
1.183500000000060412e-05,2.700000000000000178e+00,4.974817142808295678e+00
1.184000000000060492e-05,2.700000000000000178e+00,4.974817147472600176e+00
1.184500000000060572e-05,2.700000000000000178e+00,4.974817152113057972e+00
1.185000000000060652e-05,2.700000000000000178e+00,4.974817156729757883e+00
1.185500000000060732e-05,2.700000000000000178e+00,4.974817161322988568e+00
1.186000000000060812e-05,2.700000000000000178e+00,4.974817165892920556e+00
1.186500000000060892e-05,2.700000000000000178e+00,4.974817170439600922e+00
1.187000000000060972e-05,2.700000000000000178e+00,4.974817174962989696e+00
1.187500000000061052e-05,2.700000000000000178e+00,4.974817179463189909e+00
1.188000000000061132e-05,2.700000000000000178e+00,4.974817183940545284e+00
1.188500000000061212e-05,2.700000000000000178e+00,4.974817188395077139e+00
1.189000000000061291e-05,2.700000000000000178e+00,4.974817192827029722e+00
1.189500000000061371e-05,2.700000000000000178e+00,4.974817197236323985e+00
1.190000000000061451e-05,2.700000000000000178e+00,4.974817201622952823e+00
1.190500000000061531e-05,2.700000000000000178e+00,4.974817205987394075e+00
1.191000000000061611e-05,2.700000000000000178e+00,4.974817210329414152e+00
1.191500000000061691e-05,2.700000000000000178e+00,4.974817214649349673e+00
1.192000000000061771e-05,2.700000000000000178e+00,4.974817218947408470e+00
1.192500000000061851e-05,2.700000000000000178e+00,4.974817223223542584e+00
1.193000000000061931e-05,2.700000000000000178e+00,4.974817227477775106e+00
1.193500000000062011e-05,2.700000000000000178e+00,4.974817231710249921e+00
1.194000000000062091e-05,2.700000000000000178e+00,4.974817235921375591e+00
1.194500000000062171e-05,2.700000000000000178e+00,4.974817240110836813e+00
1.195000000000062250e-05,2.700000000000000178e+00,4.974817244278936457e+00
1.195500000000062330e-05,2.700000000000000178e+00,4.974817248425855709e+00
1.196000000000062410e-05,2.700000000000000178e+00,4.974817252551623881e+00
1.196500000000062490e-05,2.700000000000000178e+00,4.974817256656502984e+00
1.197000000000062570e-05,2.700000000000000178e+00,4.974817260740409530e+00
1.197500000000062650e-05,2.700000000000000178e+00,4.974817264803432337e+00
1.198000000000062730e-05,2.700000000000000178e+00,4.974817268845693974e+00
1.198500000000062810e-05,2.700000000000000178e+00,4.974817272867244178e+00
1.199000000000062890e-05,2.700000000000000178e+00,4.974817276868368943e+00
1.199500000000062970e-05,2.700000000000000178e+00,4.974817280849304524e+00
1.200000000000063050e-05,2.700000000000000178e+00,4.974817284809843088e+00
1.200500000000063130e-05,2.700000000000000178e+00,4.974817288750941202e+00
1.201000000000063209e-05,2.699999999974656895e+00,4.974817292671882107e+00
1.201500000000063289e-05,2.499999999974624743e+00,4.975116608872165891e+00
1.202000000000063369e-05,2.300000000000000266e+00,4.975979518725107020e+00
1.202500000000063449e-05,2.300000000000000266e+00,4.977040800062166426e+00
1.203000000000063529e-05,2.300000000000000266e+00,4.977757827932386192e+00
1.203500000000063609e-05,2.300000000000000266e+00,4.978118568257699827e+00
1.204000000000063689e-05,2.300000000000000266e+00,4.978273140933699992e+00
1.204500000000063769e-05,2.300000000000000266e+00,4.978303941244008435e+00
1.205000000000063849e-05,2.300000000000000266e+00,4.978267416692216507e+00
1.205500000000063929e-05,2.300000000000000266e+00,4.978194538938902625e+00
1.206000000000064009e-05,2.300000000000000266e+00,4.978101818223876762e+00
1.206500000000064089e-05,2.300000000000000266e+00,4.977998435097092056e+00
1.207000000000064168e-05,2.300000000000000266e+00,4.977889003313158867e+00
1.207500000000064248e-05,2.300000000000000266e+00,4.977776166949023029e+00
1.208000000000064328e-05,2.300000000000000266e+00,4.977661128428517934e+00
1.208500000000064408e-05,2.300000000000000266e+00,4.977544669388684895e+00
1.209000000000064488e-05,2.300000000000000266e+00,4.977427069219172218e+00
1.209500000000064568e-05,2.300000000000000266e+00,4.977308577126538403e+00
1.210000000000064648e-05,2.300000000000000266e+00,4.977189233467652407e+00
1.210500000000064728e-05,2.300000000000000266e+00,4.977069128511239171e+00
1.211000000000064808e-05,2.300000000000000266e+00,4.976948247025395844e+00
1.211500000000064888e-05,2.300000000000000266e+00,4.976826627080449761e+00
1.212000000000064968e-05,2.300000000000000266e+00,4.976704244968741087e+00
1.212500000000065048e-05,2.300000000000000266e+00,4.976581118562389605e+00
1.213000000000065127e-05,2.300000000000000266e+00,4.976457226401519662e+00
1.213500000000065207e-05,2.300000000000000266e+00,4.976332576768794702e+00
1.214000000000065287e-05,2.300000000000000266e+00,4.976207151887855673e+00
1.214500000000065367e-05,2.300000000000000266e+00,4.976080954605487605e+00
1.215000000000065447e-05,2.300000000000000266e+00,4.975953970194072262e+00
1.215500000000065527e-05,2.300000000000000266e+00,4.975826198045345095e+00
1.216000000000065607e-05,2.300000000000000266e+00,4.975697625603391572e+00
1.216500000000065687e-05,2.300000000000000266e+00,4.975568249920534925e+00
1.217000000000065767e-05,2.300000000000000266e+00,4.975438059889055964e+00
1.217500000000065847e-05,2.300000000000000266e+00,4.975307050914494766e+00
1.218000000000065927e-05,2.300000000000000266e+00,4.975175212809027414e+00
1.218500000000066007e-05,2.300000000000000266e+00,4.975042539781877160e+00
1.219000000000066086e-05,2.300000000000000266e+00,4.974909022191990715e+00
1.219500000000066166e-05,2.300000000000000266e+00,4.974774653350279685e+00
1.220000000000066246e-05,2.300000000000000266e+00,4.974639423902158519e+00
1.220500000000066326e-05,2.300000000000000266e+00,4.974503326458751040e+00
1.221000000000066406e-05,2.300000000000000266e+00,4.974366351769839767e+00
1.221500000000066486e-05,2.300000000000000266e+00,4.974228491877171976e+00
1.222000000000066566e-05,2.300000000000000266e+00,4.974089737506418807e+00
1.222500000000066646e-05,2.300000000000000266e+00,4.973950080214302183e+00
1.223000000000066726e-05,2.300000000000000266e+00,4.973809510611077123e+00
1.223500000000066806e-05,2.300000000000000266e+00,4.973668019820904007e+00
1.224000000000066886e-05,2.300000000000000266e+00,4.973525598271381298e+00
1.224500000000066966e-05,2.300000000000000266e+00,4.973382236686227920e+00
1.225000000000067045e-05,2.300000000000000266e+00,4.973237925259057945e+00
1.225500000000067125e-05,2.300000000000000266e+00,4.973092654329065887e+00
1.226000000000067205e-05,2.300000000000000266e+00,4.972946413816813127e+00
1.226500000000067285e-05,2.300000000000000266e+00,4.972799193682313934e+00
1.227000000000067365e-05,2.300000000000000266e+00,4.972650983540109593e+00
1.227500000000067445e-05,2.300000000000000266e+00,4.972501772969917688e+00
1.228000000000067525e-05,2.300000000000000266e+00,4.972351551252333302e+00
1.228500000000067605e-05,2.300000000000000266e+00,4.972200307579002221e+00
1.229000000000067685e-05,2.300000000000000266e+00,4.972048030871258462e+00
1.229500000000067765e-05,2.300000000000000266e+00,4.971894709921416577e+00
1.230000000000067845e-05,2.300000000000000266e+00,4.971740333267567813e+00
1.230500000000067925e-05,2.300000000000000266e+00,4.971584889288389597e+00
1.231000000000068004e-05,2.300000000000000266e+00,4.971428366115870467e+00
1.231500000000068084e-05,2.300000000000000266e+00,4.971270751697414170e+00
1.232000000000068164e-05,2.300000000000000266e+00,4.971112033734981672e+00
1.232500000000068244e-05,2.300000000000000266e+00,4.970952199726128562e+00
1.233000000000068324e-05,2.300000000000000266e+00,4.970791236919503753e+00
1.233500000000068404e-05,2.300000000000000266e+00,4.970629132340524059e+00
1.234000000000068484e-05,2.300000000000000266e+00,4.970465872759556980e+00
1.234500000000068564e-05,2.300000000000000266e+00,4.970301444707182270e+00
1.235000000000068644e-05,2.300000000000000266e+00,4.970135834450004175e+00
1.235500000000068724e-05,2.300000000000000266e+00,4.969969027998295097e+00
1.236000000000068804e-05,2.300000000000000266e+00,4.969801011087096043e+00
1.236500000000068884e-05,2.300000000000000266e+00,4.969631769179341241e+00
1.237000000000068963e-05,2.300000000000000266e+00,4.969461287450392284e+00
1.237500000000069043e-05,2.300000000000000266e+00,4.969289550786506027e+00
1.238000000000069123e-05,2.300000000000000266e+00,4.969116543772007510e+00
1.238500000000069203e-05,2.300000000000000266e+00,4.968942250686007256e+00
1.239000000000069283e-05,2.300000000000000266e+00,4.968766655489498696e+00
1.239500000000069363e-05,2.300000000000000266e+00,4.968589741820351513e+00
1.240000000000069443e-05,2.300000000000000266e+00,4.968411492981627653e+00
1.240500000000069523e-05,2.300000000000000266e+00,4.968231891934181021e+00
1.241000000000069603e-05,2.300000000000000266e+00,4.968050921285835919e+00
1.241500000000069683e-05,2.300000000000000266e+00,4.967868563282515026e+00
1.242000000000069763e-05,2.300000000000000266e+00,4.967684799796793449e+00
1.242500000000069843e-05,2.300000000000000266e+00,4.967499612318072799e+00
1.243000000000069922e-05,2.300000000000000266e+00,4.967312981941192085e+00
1.243500000000070002e-05,2.300000000000000266e+00,4.967124889355443607e+00
1.244000000000070082e-05,2.300000000000000266e+00,4.966935314831841808e+00
1.244500000000070162e-05,2.300000000000000266e+00,4.966744238211997065e+00
1.245000000000070242e-05,2.300000000000000266e+00,4.966551638894549647e+00
1.245500000000070322e-05,2.300000000000000266e+00,4.966357495821933199e+00
1.246000000000070402e-05,2.300000000000000266e+00,4.966161787467255451e+00
1.246500000000070482e-05,2.300000000000000266e+00,4.965964491819683246e+00
1.247000000000070562e-05,2.300000000000000266e+00,4.965765586369730755e+00
1.247500000000070642e-05,2.300000000000000266e+00,4.965565048094423339e+00
1.248000000000070722e-05,2.300000000000000266e+00,4.965362853440415059e+00
1.248500000000070802e-05,2.300000000000000266e+00,4.965158978307939286e+00
1.249000000000070881e-05,2.300000000000000266e+00,4.964953398034232634e+00
1.249500000000070961e-05,2.300000000000000266e+00,4.964746087375068839e+00
1.250000000000071041e-05,2.300000000000000266e+00,4.964537020486113228e+00
1.250500000000071121e-05,2.300000000000000266e+00,4.964326170903963664e+00
1.251000000000071201e-05,2.300000000000000266e+00,4.964113511525840572e+00
1.251500000000071281e-05,2.300000000000000266e+00,4.963899014588823100e+00
1.252000000000071361e-05,2.300000000000000266e+00,4.963682651648159805e+00
1.252500000000071441e-05,2.300000000000000266e+00,4.963464393554743559e+00
1.253000000000071521e-05,2.300000000000000266e+00,4.963244210430764802e+00
1.253500000000071601e-05,2.300000000000000266e+00,4.963022071646067346e+00
1.254000000000071681e-05,2.300000000000000266e+00,4.962797945792018162e+00
1.254500000000071761e-05,2.300000000000000266e+00,4.962571800654866472e+00
1.255000000000071840e-05,2.300000000000000266e+00,4.962343603188318575e+00
1.255500000000071920e-05,2.300000000000000266e+00,4.962113319483381524e+00
1.256000000000072000e-05,2.300000000000000266e+00,4.961880914738955539e+00
1.256500000000072080e-05,2.300000000000000266e+00,4.961646353230174000e+00
1.257000000000072160e-05,2.300000000000000266e+00,4.961409598274354238e+00
1.257500000000072240e-05,2.300000000000000266e+00,4.961170612197246754e+00
1.258000000000072320e-05,2.300000000000000266e+00,4.960929356296563064e+00
1.258500000000072400e-05,2.300000000000000266e+00,4.960685790804284956e+00
1.259000000000072480e-05,2.300000000000000266e+00,4.960439874847020647e+00
1.259500000000072560e-05,2.300000000000000266e+00,4.960191566403870489e+00
1.260000000000072640e-05,2.300000000000000266e+00,4.959940822264063520e+00
1.260500000000072720e-05,2.300000000000000266e+00,4.959687597981187857e+00
1.261000000000072799e-05,2.300000000000000266e+00,4.959431847825199746e+00
1.261500000000072879e-05,2.300000000000000266e+00,4.959173524732606531e+00
1.262000000000072959e-05,2.300000000000000266e+00,4.958912580254122737e+00
1.262500000000073039e-05,2.300000000000000266e+00,4.958648964499926315e+00
1.263000000000073119e-05,2.300000000000000266e+00,4.958382626081597522e+00
1.263500000000073199e-05,2.300000000000000266e+00,4.958113512051184557e+00
1.264000000000073279e-05,2.300000000000000266e+00,4.957841567837842689e+00
1.264500000000073359e-05,2.300000000000000266e+00,4.957566737181136496e+00
1.265000000000073439e-05,2.300000000000000266e+00,4.957288962059884341e+00
1.265500000000073519e-05,2.300000000000000266e+00,4.957008182617939518e+00
1.266000000000073599e-05,2.300000000000000266e+00,4.956724337086368060e+00
1.266500000000073678e-05,2.300000000000000266e+00,4.956437361701201638e+00
1.267000000000073758e-05,2.300000000000000266e+00,4.956147190616201570e+00
1.267500000000073838e-05,2.300000000000000266e+00,4.955853755811190808e+00
1.268000000000073918e-05,2.300000000000000266e+00,4.955556986995825142e+00
1.268500000000073998e-05,2.300000000000000266e+00,4.955256811507363857e+00
1.269000000000074078e-05,2.300000000000000266e+00,4.954953154202316412e+00
1.269500000000074158e-05,2.300000000000000266e+00,4.954645937343152617e+00
1.270000000000074238e-05,2.300000000000000266e+00,4.954335080477115127e+00
1.270500000000074318e-05,2.300000000000000266e+00,4.954020500308241814e+00
1.271000000000074398e-05,2.300000000000000266e+00,4.953702110562745453e+00
1.271500000000074478e-05,2.300000000000000266e+00,4.953379821844877462e+00
1.272000000000074558e-05,2.300000000000000266e+00,4.953053541485183509e+00
1.272500000000074637e-05,2.300000000000000266e+00,4.952723173378444699e+00
1.273000000000074717e-05,2.300000000000000266e+00,4.952388617812257365e+00
1.273500000000074797e-05,2.300000000000000266e+00,4.952049771285029323e+00
1.274000000000074877e-05,2.300000000000000266e+00,4.951706526311165923e+00
1.274500000000074957e-05,2.300000000000000266e+00,4.951358771215007337e+00
1.275000000000075037e-05,2.300000000000000266e+00,4.951006389910231675e+00
1.275500000000075117e-05,2.300000000000000266e+00,4.950649261664827883e+00
1.276000000000075197e-05,2.300000000000000266e+00,4.950287260851130355e+00
1.276500000000075277e-05,2.300000000000000266e+00,4.949920256677686758e+00
1.277000000000075357e-05,2.300000000000000266e+00,4.949548112903412900e+00
1.277500000000075437e-05,2.300000000000000266e+00,4.949170687530734192e+00
1.278000000000075517e-05,2.300000000000000266e+00,4.948787832477876236e+00
1.278500000000075596e-05,2.300000000000000266e+00,4.948399393227635557e+00
1.279000000000075676e-05,2.300000000000000266e+00,4.948005208449300696e+00
1.279500000000075756e-05,2.300000000000000266e+00,4.947605109593787631e+00
1.280000000000075836e-05,2.300000000000000266e+00,4.947198920457554827e+00
1.280500000000075916e-05,2.300000000000000266e+00,4.946786456713330615e+00
1.281000000000075996e-05,2.300000000000000266e+00,4.946367525405056753e+00
1.281500000000076076e-05,2.300000000000000266e+00,4.945941924402061929e+00
1.282000000000076156e-05,2.300000000000000266e+00,4.945509441809911699e+00
1.282500000000076236e-05,2.300000000000000266e+00,4.945069855333495745e+00
1.283000000000076316e-05,2.300000000000000266e+00,4.944622931587588255e+00
1.283500000000076396e-05,2.300000000000000266e+00,4.944168425348924423e+00
1.284000000000076476e-05,2.300000000000000266e+00,4.943706078745144339e+00
1.284500000000076555e-05,2.300000000000000266e+00,4.943235620372850470e+00
1.285000000000076635e-05,2.300000000000000266e+00,4.942756764337157271e+00
1.285500000000076715e-05,2.300000000000000266e+00,4.942269209205656821e+00
1.286000000000076795e-05,2.300000000000000266e+00,4.941772636865786161e+00
1.286500000000076875e-05,2.300000000000000266e+00,4.941266711276811385e+00
1.287000000000076955e-05,2.300000000000000266e+00,4.940751077101767308e+00
1.287500000000077035e-05,2.300000000000000266e+00,4.940225358207213979e+00
1.288000000000077115e-05,2.300000000000000266e+00,4.939689156015630189e+00
1.288500000000077195e-05,2.300000000000000266e+00,4.939142047690986637e+00
1.289000000000077275e-05,2.300000000000000266e+00,4.938583584138624083e+00
1.289500000000077355e-05,2.300000000000000266e+00,4.938013287794422723e+00
1.290000000000077435e-05,2.300000000000000266e+00,4.937430650178267655e+00
1.290500000000077514e-05,2.300000000000000266e+00,4.936835129179093506e+00
1.291000000000077594e-05,2.300000000000000266e+00,4.936226146037218321e+00
1.291500000000077674e-05,2.300000000000000266e+00,4.935603081980977969e+00
1.292000000000077754e-05,2.300000000000000266e+00,4.934965274470710206e+00
1.292500000000077834e-05,2.300000000000000266e+00,4.934312012993256502e+00
1.293000000000077914e-05,2.300000000000000266e+00,4.933642534340290986e+00
1.293500000000077994e-05,2.300000000000000266e+00,4.932956017295515139e+00
1.294000000000078074e-05,2.300000000000000266e+00,4.932251576636217827e+00
1.294500000000078154e-05,2.300000000000000266e+00,4.931528256343759686e+00
1.295000000000078234e-05,2.300000000000000266e+00,4.930785021893782094e+00
1.295500000000078314e-05,2.300000000000000266e+00,4.930020751471604790e+00
1.296000000000078394e-05,2.300000000000000266e+00,4.929234225931952373e+00
1.296500000000078473e-05,2.300000000000000266e+00,4.928424117279550210e+00
1.297000000000078553e-05,2.300000000000000266e+00,4.927588975402484195e+00
1.297500000000078633e-05,2.300000000000000266e+00,4.926727212733243988e+00
1.298000000000078713e-05,2.300000000000000266e+00,4.925837086439154966e+00
1.298500000000078793e-05,2.300000000000000266e+00,4.924916677649141761e+00
1.299000000000078873e-05,2.300000000000000266e+00,4.923963867108793302e+00
1.299500000000078953e-05,2.300000000000000266e+00,4.922976306507802491e+00
1.300000000000079033e-05,2.300000000000000266e+00,4.921951384524025030e+00
1.300500000000079113e-05,2.300000000000000266e+00,4.920886186381966176e+00
1.301000000000079193e-05,2.300000000000000266e+00,4.919777445390757009e+00
1.301500000000079273e-05,2.300000000000000266e+00,4.918621484487181839e+00
1.302000000000079353e-05,2.300000000000000266e+00,4.917414145223778732e+00
1.302500000000079432e-05,2.300000000000000266e+00,4.916150700849111210e+00
1.303000000000079512e-05,2.300000000000000266e+00,4.914825749041419556e+00
1.303500000000079592e-05,2.300000000000000266e+00,4.913433078354380257e+00
1.304000000000079672e-05,2.300000000000000266e+00,4.911965500329935175e+00
1.304500000000079752e-05,2.300000000000000266e+00,4.910414636228087382e+00
1.305000000000079832e-05,2.300000000000000266e+00,4.908770642996152844e+00
1.305500000000079912e-05,2.300000000000000266e+00,4.907021856731733855e+00
1.306000000000079992e-05,2.300000000000000266e+00,4.905154322359548402e+00
1.306500000000080072e-05,2.300000000000000266e+00,4.903151163707792470e+00
1.307000000000080152e-05,2.300000000000000266e+00,4.900991725473011762e+00
1.307500000000080232e-05,2.300000000000000266e+00,4.898650382316890095e+00
1.308000000000080312e-05,2.300000000000000266e+00,4.896094850914757934e+00
1.308500000000080391e-05,2.300000000000000266e+00,4.893283740506075397e+00
1.309000000000080471e-05,2.300000000000000266e+00,4.890162903019237284e+00
1.309500000000080551e-05,2.300000000000000266e+00,4.886659829917467057e+00
1.310000000000080631e-05,2.300000000000000266e+00,4.882674758014418970e+00
1.310500000000080711e-05,2.300000000000000266e+00,4.878066018841883178e+00
1.311000000000080791e-05,2.300000000000000266e+00,4.872624931186795294e+00
1.311500000000080871e-05,2.300000000000000266e+00,4.866031086214857027e+00
1.312000000000080951e-05,2.300000000000000266e+00,4.857770633294649087e+00
1.312500000000081031e-05,2.300000000000000266e+00,4.846919426312969570e+00
1.313000000000081111e-05,2.300000000000000266e+00,4.831917063510120514e+00
1.313500000000081191e-05,2.300000000000000266e+00,4.810710458058486516e+00
1.314000000000081271e-05,2.300000000000000266e+00,4.782129621951576759e+00
1.314500000000081350e-05,2.300000000000000266e+00,4.747561277439159788e+00
1.315000000000081430e-05,2.300000000000000266e+00,4.709459637231645068e+00
1.315500000000081510e-05,2.300000000000000266e+00,4.669369571912991290e+00
1.316000000000081590e-05,2.300000000000000266e+00,4.627902208279954799e+00
1.316500000000081670e-05,2.300000000000000266e+00,4.585262060373147541e+00
1.317000000000081750e-05,2.300000000000000266e+00,4.541526753397693739e+00
1.317500000000081830e-05,2.300000000000000266e+00,4.496742581574651787e+00
1.318000000000081910e-05,2.300000000000000266e+00,4.450947117805179154e+00
1.318500000000081990e-05,2.300000000000000266e+00,4.404174481314360179e+00
1.319000000000082070e-05,2.300000000000000266e+00,4.356456624609001516e+00
1.319500000000082150e-05,2.300000000000000266e+00,4.307823766804687260e+00
1.320000000000082230e-05,2.300000000000000266e+00,4.258304624668308946e+00
1.320500000000082309e-05,2.300000000000000266e+00,4.207926587254133821e+00
1.321000000000082389e-05,2.300000000000000266e+00,4.156715862889484470e+00
1.321500000000082469e-05,2.300000000000000266e+00,4.104697607610965804e+00
1.322000000000082549e-05,2.300000000000000266e+00,4.051896038614722251e+00
1.322500000000082629e-05,2.300000000000000266e+00,3.998334535344494789e+00
1.323000000000082709e-05,2.300000000000000266e+00,3.944035730213228952e+00
1.323500000000082789e-05,2.300000000000000266e+00,3.889021590617915525e+00
1.324000000000082869e-05,2.300000000000000266e+00,3.833313493641070213e+00
1.324500000000082949e-05,2.300000000000000266e+00,3.776932294621873965e+00
1.325000000000083029e-05,2.300000000000000266e+00,3.719898390598662008e+00
1.325500000000083109e-05,2.300000000000000266e+00,3.662231779478565041e+00
1.326000000000083189e-05,2.300000000000000266e+00,3.603952115707969028e+00
1.326500000000083268e-05,2.300000000000000266e+00,3.545078763101054520e+00
1.327000000000083348e-05,2.300000000000000266e+00,3.485630845419799506e+00
1.327500000000083428e-05,2.300000000000000266e+00,3.425627295271425954e+00
1.328000000000083508e-05,2.300000000000000266e+00,3.365086901803758579e+00
1.328500000000083588e-05,2.300000000000000266e+00,3.304028357678330252e+00
1.329000000000083668e-05,2.300000000000000266e+00,3.242470305778481166e+00
1.329500000000083748e-05,2.300000000000000266e+00,3.180431386094462187e+00
1.330000000000083828e-05,2.300000000000000266e+00,3.117930283225737842e+00
1.330500000000083908e-05,2.300000000000000266e+00,3.054985774947548638e+00
1.331000000000083988e-05,2.300000000000000266e+00,2.991616782295303700e+00
1.331500000000084068e-05,2.300000000000000266e+00,2.927842421657151473e+00
1.332000000000084148e-05,2.300000000000000266e+00,2.863682059390194379e+00
1.332500000000084227e-05,2.300000000000000266e+00,2.799155369499912727e+00
1.333000000000084307e-05,2.300000000000000266e+00,2.734282394997071375e+00
1.333500000000084387e-05,2.300000000000000266e+00,2.669083613584931847e+00
1.334000000000084467e-05,2.300000000000000266e+00,2.603580008413745261e+00
1.334500000000084547e-05,2.300000000000000266e+00,2.537793144723015093e+00
1.335000000000084627e-05,2.300000000000000266e+00,2.471745253284005184e+00
1.335500000000084707e-05,2.300000000000000266e+00,2.405459321684876084e+00
1.336000000000084787e-05,2.300000000000000266e+00,2.338959194631343497e+00
1.336500000000084867e-05,2.300000000000000266e+00,2.272269684591969874e+00
1.337000000000084947e-05,2.300000000000000266e+00,2.205416694307129610e+00
1.337500000000085027e-05,2.300000000000000266e+00,2.138427352883622401e+00
1.338000000000085106e-05,2.300000000000000266e+00,2.071330167453888205e+00
1.338500000000085186e-05,2.300000000000000266e+00,2.004155192630018956e+00
1.339000000000085266e-05,2.300000000000000266e+00,1.936934220307950483e+00
1.339500000000085346e-05,2.300000000000000266e+00,1.869700992719951937e+00
1.340000000000085426e-05,2.300000000000000266e+00,1.802491441995841104e+00
1.340500000000085506e-05,2.300000000000000266e+00,1.735343959918731249e+00
1.341000000000085586e-05,2.300000000000000266e+00,1.668299701954379044e+00
1.341500000000085666e-05,2.300000000000000266e+00,1.601402930051523565e+00
1.342000000000085746e-05,2.300000000000000266e+00,1.534701399077091022e+00
1.342500000000085826e-05,2.300000000000000266e+00,1.468246791998931711e+00
1.343000000000085906e-05,2.300000000000000266e+00,1.402095208994535769e+00
1.343500000000085986e-05,2.300000000000000266e+00,1.336307715381735539e+00
1.344000000000086065e-05,2.300000000000000266e+00,1.270950952470981221e+00
1.344500000000086145e-05,2.300000000000000266e+00,1.206097813804035690e+00
1.345000000000086225e-05,2.300000000000000266e+00,1.141828186367595199e+00
1.345500000000086305e-05,2.300000000000000266e+00,1.078229751723129626e+00
1.346000000000086385e-05,2.300000000000000266e+00,1.015398834796325866e+00
1.346500000000086465e-05,2.300000000000000266e+00,9.534412773800968743e-01
1.347000000000086545e-05,2.300000000000000266e+00,8.924732981237011309e-01
1.347500000000086625e-05,2.300000000000000266e+00,8.326222796432347639e-01
1.348000000000086705e-05,2.300000000000000266e+00,7.740273953259055872e-01
1.348500000000086785e-05,2.300000000000000266e+00,7.168399529821640748e-01
1.349000000000086865e-05,2.300000000000000266e+00,6.612232906225885554e-01
1.349500000000086945e-05,2.300000000000000266e+00,6.073520148567876920e-01
1.350000000000087024e-05,2.300000000000000266e+00,5.554103324397788866e-01
1.350500000000087104e-05,2.300000000000000266e+00,5.055892036520897026e-01
1.351000000000087184e-05,2.300000000000000266e+00,4.580820620781161923e-01
1.351500000000087264e-05,2.300000000000000266e+00,4.130789230217184471e-01
1.352000000000087344e-05,2.300000000000000266e+00,3.707588647347461741e-01
1.352500000000087424e-05,2.300000000000000266e+00,3.312811224220342243e-01
1.353000000000087504e-05,2.300000000000000266e+00,2.947753663638855159e-01
1.353500000000087584e-05,2.300000000000000266e+00,2.613320840186143523e-01
1.354000000000087664e-05,2.300000000000000266e+00,2.309942539213385992e-01
1.354500000000087744e-05,2.300000000000000266e+00,2.037515733008136709e-01
1.355000000000087824e-05,2.300000000000000266e+00,1.795382982421784290e-01
1.355500000000087904e-05,2.300000000000000266e+00,1.582352708907656391e-01
1.356000000000087983e-05,2.300000000000000266e+00,1.396760411142294878e-01
1.356500000000088063e-05,2.300000000000000266e+00,1.236563161058367027e-01
1.357000000000088143e-05,2.300000000000000266e+00,1.099454762754679682e-01
1.357500000000088223e-05,2.300000000000000266e+00,9.829869969415784559e-02
1.358000000000088303e-05,2.300000000000000266e+00,8.846835369543505634e-02
1.358500000000088383e-05,2.300000000000000266e+00,8.021365811416457381e-02
1.359000000000088463e-05,2.300000000000000266e+00,7.330806975528474101e-02
1.359500000000088543e-05,2.300000000000000266e+00,6.754425962085937318e-02
1.360000000000088623e-05,2.300000000000000266e+00,6.273687430232234574e-02
1.360500000000088703e-05,2.300000000000000266e+00,5.872346332953375103e-02
1.361000000000088783e-05,2.300000000000000266e+00,5.536402708798850159e-02
1.361500000000088863e-05,2.300000000000000266e+00,5.253962722975692723e-02
1.362000000000088942e-05,2.300000000000000266e+00,5.015043899331199373e-02
1.362500000000089022e-05,2.300000000000000266e+00,4.811354206357260077e-02
1.363000000000089102e-05,2.300000000000000266e+00,4.636066352744702690e-02
1.363500000000089182e-05,2.300000000000000266e+00,4.483584674257513891e-02
1.364000000000089262e-05,2.300000000000000266e+00,4.349298534976930863e-02
1.364500000000089342e-05,2.300000000000000266e+00,4.229455450926741800e-02
1.365000000000089422e-05,2.300000000000000266e+00,4.121053762555266370e-02
1.365500000000089502e-05,2.300000000000000266e+00,4.021711176074357214e-02
1.366000000000089582e-05,2.300000000000000266e+00,3.929546112800299390e-02
1.366500000000089662e-05,2.300000000000000266e+00,3.843079490543452326e-02
1.367000000000089742e-05,2.300000000000000266e+00,3.761154110674919809e-02
1.367500000000089822e-05,2.300000000000000266e+00,3.682868980899692973e-02
1.368000000000089901e-05,2.300000000000000266e+00,3.607526146692027758e-02
1.368500000000089981e-05,2.300000000000000266e+00,3.534587887405282042e-02
1.369000000000090061e-05,2.300000000000000266e+00,3.463642424299138295e-02
1.369500000000090141e-05,2.300000000000000266e+00,3.394376566648943383e-02
1.370000000000090221e-05,2.300000000000000266e+00,3.326553977307477455e-02
1.370500000000090301e-05,2.300000000000000266e+00,3.259997965038214512e-02
1.371000000000090381e-05,2.300000000000000266e+00,3.194577906204756901e-02
1.371500000000090461e-05,2.300000000000000266e+00,3.130198564421357577e-02
1.372000000000090541e-05,2.300000000000000266e+00,3.066791715818721273e-02
1.372500000000090621e-05,2.300000000000000266e+00,3.004309602661476078e-02
1.373000000000090701e-05,2.300000000000000266e+00,2.942719832607343725e-02
1.373500000000090781e-05,2.300000000000000266e+00,2.882001417936036827e-02
1.374000000000090860e-05,2.300000000000000266e+00,2.822141711411200321e-02
1.374500000000090940e-05,2.300000000000000266e+00,2.763134045686721496e-02
1.375000000000091020e-05,2.300000000000000266e+00,2.704975923425878906e-02
1.375500000000091100e-05,2.300000000000000266e+00,2.647667637500851837e-02
1.376000000000091180e-05,2.300000000000000266e+00,2.591211226275469057e-02
1.376500000000091260e-05,2.300000000000000266e+00,2.535609689247408233e-02
1.377000000000091340e-05,2.300000000000000266e+00,2.480866404447417545e-02
1.377500000000091420e-05,2.300000000000000266e+00,2.426984701754318283e-02
1.378000000000091500e-05,2.300000000000000266e+00,2.373967556231056444e-02
1.378500000000091580e-05,2.300000000000000266e+00,2.321817373519060104e-02
1.379000000000091660e-05,2.300000000000000266e+00,2.270535845520527118e-02
1.379500000000091740e-05,2.300000000000000266e+00,2.220123859393689086e-02
1.380000000000091819e-05,2.300000000000000266e+00,2.170581446734125633e-02
1.380500000000091899e-05,2.300000000000000266e+00,2.121907762807839423e-02
1.381000000000091979e-05,2.300000000000000266e+00,2.074101087998249729e-02
1.381500000000092059e-05,2.300000000000000266e+00,2.027158845337436940e-02
1.382000000000092139e-05,2.300000000000000266e+00,1.981077629526712888e-02
1.382500000000092219e-05,2.300000000000000266e+00,1.935853243949255467e-02
1.383000000000092299e-05,2.300000000000000266e+00,1.891480742892301392e-02
1.383500000000092379e-05,2.300000000000000266e+00,1.847954476990868594e-02
1.384000000000092459e-05,2.300000000000000266e+00,1.805268140379624395e-02
1.384500000000092539e-05,2.300000000000000266e+00,1.763414818342156493e-02
1.385000000000092619e-05,2.300000000000000266e+00,1.722387034625562710e-02
1.385500000000092699e-05,2.300000000000000266e+00,1.682176797826250014e-02
1.386000000000092778e-05,2.300000000000000266e+00,1.642775646431543154e-02
1.386500000000092858e-05,2.300000000000000266e+00,1.604174692219646411e-02
1.387000000000092938e-05,2.300000000000000266e+00,1.566364661794289806e-02
1.387500000000093018e-05,2.300000000000000266e+00,1.529335936125780782e-02
1.388000000000093098e-05,2.300000000000000266e+00,1.493078588061163246e-02
1.388500000000093178e-05,2.300000000000000266e+00,1.457582417801014940e-02
1.389000000000093258e-05,2.300000000000000266e+00,1.422836986349189890e-02
1.389500000000093338e-05,2.300000000000000266e+00,1.388831646970906802e-02
1.390000000000093418e-05,2.300000000000000266e+00,1.355555574691334406e-02
1.390500000000093498e-05,2.300000000000000266e+00,1.322997793925380361e-02
1.391000000000093578e-05,2.300000000000000266e+00,1.291147204307985935e-02
1.391500000000093658e-05,2.300000000000000266e+00,1.259992604807134119e-02
1.392000000000093737e-05,2.300000000000000266e+00,1.229522716210153070e-02
1.392500000000093817e-05,2.300000000000000266e+00,1.199726202020553328e-02
1.393000000000093897e-05,2.300000000000000266e+00,1.170591687880420673e-02
1.393500000000093977e-05,2.300000000000000266e+00,1.142107779598883037e-02
1.394000000000094057e-05,2.300000000000000266e+00,1.114263079831982750e-02
1.394500000000094137e-05,2.300000000000000266e+00,1.087046203535698558e-02
1.395000000000094217e-05,2.300000000000000266e+00,1.060445792261985321e-02
1.395500000000094297e-05,2.300000000000000266e+00,1.034450527288918731e-02
1.396000000000094377e-05,2.300000000000000266e+00,1.009049141685617809e-02
1.396500000000094457e-05,2.300000000000000266e+00,9.842304314471360047e-03
1.397000000000094537e-05,2.300000000000000266e+00,9.599832656945419054e-03
1.397500000000094617e-05,2.300000000000000266e+00,9.362965959813021599e-03
1.398000000000094696e-05,2.300000000000000266e+00,9.131594648002516051e-03
1.398500000000094776e-05,2.300000000000000266e+00,8.905610133084131824e-03
1.399000000000094856e-05,2.300000000000000266e+00,8.684904883441658605e-03
1.399500000000094936e-05,2.300000000000000266e+00,8.469372487615499379e-03
1.400000000000095016e-05,2.300000000000000266e+00,8.258907711140817468e-03
1.400500000000095096e-05,2.300000000000000266e+00,8.053406547937588464e-03
1.401000000000095176e-05,2.300000000000000266e+00,7.852766265989845340e-03
1.401500000000095256e-05,2.300000000000000266e+00,7.656885447592379386e-03
1.402000000000095336e-05,2.300000000000000266e+00,7.465664025028703396e-03
1.402500000000095416e-05,2.300000000000000266e+00,7.279003311784036125e-03
1.403000000000095496e-05,2.300000000000000266e+00,7.096806029243253426e-03
1.403500000000095576e-05,2.300000000000000266e+00,6.918976329553409160e-03
1.404000000000095655e-05,2.300000000000000266e+00,6.745419815079165514e-03
1.404500000000095735e-05,2.300000000000000266e+00,6.576043554326653322e-03
1.405000000000095815e-05,2.300000000000000266e+00,6.410756094773771389e-03
1.405500000000095895e-05,2.300000000000000266e+00,6.249467472574020584e-03
1.406000000000095975e-05,2.300000000000000266e+00,6.092089219376302031e-03
1.406500000000096055e-05,2.300000000000000266e+00,5.938534366959388744e-03
1.407000000000096135e-05,2.300000000000000266e+00,5.788717449521981785e-03
1.407500000000096215e-05,2.300000000000000266e+00,5.642554503659361759e-03
1.408000000000096295e-05,2.300000000000000266e+00,5.499963066231576721e-03
1.408500000000096375e-05,2.300000000000000266e+00,5.360862170300655614e-03
1.409000000000096455e-05,2.300000000000000266e+00,5.225172339709894913e-03
1.409500000000096535e-05,2.300000000000000266e+00,5.092815582326512200e-03
1.410000000000096614e-05,2.300000000000000266e+00,4.963715381242082662e-03
1.410500000000096694e-05,2.300000000000000266e+00,4.837796684563485002e-03
1.411000000000096774e-05,2.300000000000000266e+00,4.714985894559951818e-03
1.411500000000096854e-05,2.300000000000000266e+00,4.595210855471630780e-03
1.412000000000096934e-05,2.300000000000000266e+00,4.478400840171572507e-03
1.412500000000097014e-05,2.300000000000000266e+00,4.364486536234882773e-03
1.413000000000097094e-05,2.300000000000000266e+00,4.253400030922219709e-03
1.413500000000097174e-05,2.300000000000000266e+00,4.145074795439967694e-03
1.414000000000097254e-05,2.300000000000000266e+00,4.039445668867098008e-03
1.414500000000097334e-05,2.300000000000000266e+00,3.936448841259331671e-03
1.415000000000097414e-05,2.300000000000000266e+00,3.836021835963546872e-03
1.415500000000097493e-05,2.300000000000000266e+00,3.738103491682485090e-03
1.416000000000097573e-05,2.300000000000000266e+00,3.642633944370729775e-03
1.416500000000097653e-05,2.300000000000000266e+00,3.549554608555037863e-03
1.417000000000097733e-05,2.300000000000000266e+00,3.458808158341396266e-03
1.417500000000097813e-05,2.300000000000000266e+00,3.370338508490339311e-03
1.418000000000097893e-05,2.300000000000000266e+00,3.284090795151665357e-03
1.418500000000097973e-05,2.300000000000000266e+00,3.200011356075230500e-03
1.419000000000098053e-05,2.300000000000000266e+00,3.118047710885541064e-03
1.419500000000098133e-05,2.300000000000000266e+00,3.038148541511540967e-03
1.420000000000098213e-05,2.300000000000000266e+00,2.960263672316169187e-03
1.420500000000098293e-05,2.300000000000000266e+00,2.884344050381522362e-03
1.421000000000098373e-05,2.300000000000000266e+00,2.810341725822799053e-03
1.421500000000098452e-05,2.300000000000000266e+00,2.738209831750964239e-03
1.422000000000098532e-05,2.300000000000000266e+00,2.667902564579704375e-03
1.422500000000098612e-05,2.300000000000000266e+00,2.599375164604022376e-03
1.423000000000098692e-05,2.300000000000000266e+00,2.532583896390940784e-03
1.423500000000098772e-05,2.300000000000000266e+00,2.467486029384138857e-03
1.424000000000098852e-05,2.300000000000000266e+00,2.404039818659697066e-03
1.424500000000098932e-05,2.300000000000000266e+00,2.342204485572352366e-03
1.425000000000099012e-05,2.300000000000000266e+00,2.281940198710707707e-03
1.425500000000099092e-05,2.300000000000000266e+00,2.223208055377206682e-03
1.426000000000099172e-05,2.300000000000000266e+00,2.165970062974038012e-03
1.426500000000099252e-05,2.300000000000000266e+00,2.110189120440915216e-03
1.427000000000099332e-05,2.300000000000000266e+00,2.055829000109005156e-03
1.427500000000099411e-05,2.300000000000000266e+00,2.002854329782100158e-03
1.428000000000099491e-05,2.300000000000000266e+00,1.951230575077406680e-03
1.428500000000099571e-05,2.300000000000000266e+00,1.900924021786534182e-03
1.429000000000099651e-05,2.300000000000000266e+00,1.851901758307790240e-03
1.429500000000099731e-05,2.300000000000000266e+00,1.804131658658722666e-03
1.430000000000099811e-05,2.300000000000000266e+00,1.757582365952378798e-03
1.430500000000099891e-05,2.300000000000000266e+00,1.712223275799892820e-03
1.431000000000099971e-05,2.300000000000000266e+00,1.668024519940209532e-03
1.431500000000100051e-05,2.300000000000000266e+00,1.624956950300174155e-03
1.432000000000100131e-05,2.300000000000000266e+00,1.582992122965811658e-03
1.432500000000100211e-05,2.300000000000000266e+00,1.542102282639316304e-03
1.433000000000100291e-05,2.300000000000000266e+00,1.502260347669115989e-03
1.433500000000100370e-05,2.300000000000000266e+00,1.463439894953194207e-03
1.434000000000100450e-05,2.300000000000000266e+00,1.425615144945920586e-03
1.434500000000100530e-05,2.300000000000000266e+00,1.388760947213173516e-03
1.435000000000100610e-05,2.300000000000000266e+00,1.352852766434588195e-03
1.435500000000100690e-05,2.300000000000000266e+00,1.317866668502296274e-03
1.436000000000100770e-05,2.300000000000000266e+00,1.283779306721075054e-03
1.436500000000100850e-05,2.300000000000000266e+00,1.250567908290402047e-03
1.437000000000100930e-05,2.300000000000000266e+00,1.218210260936240016e-03
1.437500000000101010e-05,2.300000000000000266e+00,1.186684699922957833e-03
1.438000000000101090e-05,2.300000000000000266e+00,1.155970095606531894e-03
1.438500000000101170e-05,2.300000000000000266e+00,1.126045841163882686e-03
1.439000000000101250e-05,2.300000000000000266e+00,1.096891840272737903e-03
1.439500000000101329e-05,2.300000000000000266e+00,1.068488494928611149e-03
1.440000000000101409e-05,2.300000000000000266e+00,1.040816693854925735e-03
1.440500000000101489e-05,2.300000000000000266e+00,1.013857801152091235e-03
1.441000000000101569e-05,2.300000000000000266e+00,9.875936449620513653e-04
1.441500000000101649e-05,2.300000000000000266e+00,9.620065064698650210e-04
1.442000000000101729e-05,2.300000000000000266e+00,9.370791092870546166e-04
1.442500000000101809e-05,2.300000000000000266e+00,9.127946089487816743e-04
1.443000000000101889e-05,2.300000000000000266e+00,8.891365822927373630e-04
1.443500000000101969e-05,2.300000000000000266e+00,8.660890173310557610e-04
1.444000000000102049e-05,2.300000000000000266e+00,8.436363036835182582e-04
1.444500000000102129e-05,2.300000000000000266e+00,8.217632229672332039e-04
1.445000000000102209e-05,2.300000000000000266e+00,8.004549391179300449e-04
1.445500000000102288e-05,2.300000000000000266e+00,7.796969889900806638e-04
1.446000000000102368e-05,2.300000000000000266e+00,7.594752734988836039e-04
1.446500000000102448e-05,2.300000000000000266e+00,7.397760490751835189e-04
1.447000000000102528e-05,2.300000000000000266e+00,7.205859188371412875e-04
1.447500000000102608e-05,2.300000000000000266e+00,7.018918238584303214e-04
1.448000000000102688e-05,2.300000000000000266e+00,6.836810352154245457e-04
1.448500000000102768e-05,2.300000000000000266e+00,6.659411459530382559e-04
1.449000000000102848e-05,2.300000000000000266e+00,6.486600628980658924e-04
1.449500000000102928e-05,2.300000000000000266e+00,6.318259989525742276e-04
1.450000000000103008e-05,2.300000000000000266e+00,6.154274658756318968e-04
1.450500000000103088e-05,2.300000000000000266e+00,5.994532668949250059e-04
1.451000000000103168e-05,2.300000000000000266e+00,5.838924892968498084e-04
1.451500000000103247e-05,2.300000000000000266e+00,5.687344976102020602e-04
1.452000000000103327e-05,2.300000000000000266e+00,5.539689267387206545e-04
1.452500000000103407e-05,2.300000000000000266e+00,5.395856750264160350e-04
1.453000000000103487e-05,2.300000000000000266e+00,5.255748978459038592e-04
1.453500000000103567e-05,2.300000000000000266e+00,5.119270012592481512e-04
1.454000000000103647e-05,2.300000000000000266e+00,4.986326357811808954e-04
1.454500000000103727e-05,2.300000000000000266e+00,4.856826902375256942e-04
1.455000000000103807e-05,2.300000000000000266e+00,4.730682859170749462e-04
1.455500000000103887e-05,2.300000000000000266e+00,4.607807708354430998e-04
1.456000000000103967e-05,2.300000000000000266e+00,4.488117137717976581e-04
1.456500000000104047e-05,2.300000000000000266e+00,4.371528987989145316e-04
1.457000000000104127e-05,2.300000000000000266e+00,4.257963201250149709e-04
1.457500000000104206e-05,2.300000000000000266e+00,4.147341767119686160e-04
1.458000000000104286e-05,2.300000000000000266e+00,4.039588671886884226e-04
1.458500000000104366e-05,2.300000000000000266e+00,3.934629848235030427e-04
1.459000000000104446e-05,2.300000000000000266e+00,3.832393124041108350e-04
1.459500000000104526e-05,2.300000000000000266e+00,3.732808175451400698e-04
1.460000000000104606e-05,2.300000000000000266e+00,3.635806482109325876e-04
1.460500000000104686e-05,2.300000000000000266e+00,3.541321281302845436e-04
1.461000000000104766e-05,2.300000000000000266e+00,3.449287522633993474e-04
1.461500000000104846e-05,2.300000000000000266e+00,3.359641826090247548e-04
1.462000000000104926e-05,2.300000000000000266e+00,3.272322439480967494e-04
1.462500000000105006e-05,2.300000000000000266e+00,3.187269194437441469e-04
1.463000000000105086e-05,2.300000000000000266e+00,3.104423467757554296e-04
1.463500000000105165e-05,2.300000000000000266e+00,3.023728144424287791e-04
1.464000000000105245e-05,2.300000000000000266e+00,2.945127578085232644e-04
1.464500000000105325e-05,2.300000000000000266e+00,2.868567552960583282e-04
1.465000000000105405e-05,2.300000000000000266e+00,2.793995248976542038e-04
1.465500000000105485e-05,2.300000000000000266e+00,2.721359206318918564e-04
1.466000000000105565e-05,2.300000000000000266e+00,2.650609288559502307e-04
1.466500000000105645e-05,2.300000000000000266e+00,2.581696648584759328e-04
1.467000000000105725e-05,2.300000000000000266e+00,2.514573698138132139e-04
1.467500000000105805e-05,2.300000000000000266e+00,2.449194077507435064e-04
1.468000000000105885e-05,2.300000000000000266e+00,2.385512622142839097e-04
1.468500000000105965e-05,2.300000000000000266e+00,2.323485329212199356e-04
1.469000000000106045e-05,2.300000000000000266e+00,2.263069330953255184e-04
1.469500000000106124e-05,2.300000000000000266e+00,2.204222867617627846e-04
1.470000000000106204e-05,2.300000000000000266e+00,2.146905255399774956e-04
1.470500000000106284e-05,2.300000000000000266e+00,2.091076858732366934e-04
1.471000000000106364e-05,2.300000000000000266e+00,2.036699065671896086e-04
1.471500000000106444e-05,2.300000000000000266e+00,1.983734261459670718e-04
1.472000000000106524e-05,2.300000000000000266e+00,1.932145804138579368e-04
1.472500000000106604e-05,2.300000000000000266e+00,1.881897999095405525e-04
1.473000000000106684e-05,2.300000000000000266e+00,1.832956072146040504e-04
1.473500000000106764e-05,2.300000000000000266e+00,1.785286146188696426e-04
1.474000000000106844e-05,2.300000000000000266e+00,1.738855221117901692e-04
1.474500000000106924e-05,2.300000000000000266e+00,1.693631151838166789e-04
1.475000000000107004e-05,2.300000000000000266e+00,1.649582623113055317e-04
1.475500000000107083e-05,2.300000000000000266e+00,1.606679128218250433e-04
1.476000000000107163e-05,2.300000000000000266e+00,1.564890949707708025e-04
1.476500000000107243e-05,2.300000000000000266e+00,1.524189138095347453e-04
1.477000000000107323e-05,2.300000000000000266e+00,1.484545494399690116e-04
1.477500000000107403e-05,2.300000000000000266e+00,1.445932550840474883e-04
1.478000000000107483e-05,2.300000000000000266e+00,1.408323549939371826e-04
1.478500000000107563e-05,2.300000000000000266e+00,1.371692425928229737e-04
1.479000000000107643e-05,2.300000000000000266e+00,1.336013787148207987e-04
1.479500000000107723e-05,2.300000000000000266e+00,1.301262900260926540e-04
1.480000000000107803e-05,2.300000000000000266e+00,1.267415673362583609e-04
1.480500000000107883e-05,2.300000000000000266e+00,1.234448637675628795e-04
1.481000000000107963e-05,2.300000000000000266e+00,1.202338931520047466e-04
1.481500000000108042e-05,2.300000000000000266e+00,1.171064285813732851e-04
1.482000000000108122e-05,2.300000000000000266e+00,1.140603008690802488e-04
1.482500000000108202e-05,2.300000000000000266e+00,1.110933970478915556e-04
1.483000000000108282e-05,2.300000000000000266e+00,1.082036589838700701e-04
1.483500000000108362e-05,2.300000000000000266e+00,1.053890818739952579e-04
1.484000000000108442e-05,2.300000000000000266e+00,1.026477128984945179e-04
1.484500000000108522e-05,2.300000000000000266e+00,9.997764996593883991e-05
1.485000000000108602e-05,2.300000000000000266e+00,9.737704017133441171e-05
1.485500000000108682e-05,2.300000000000000266e+00,9.484407856283775585e-05
1.486000000000108762e-05,2.300000000000000266e+00,9.237700717643553905e-05
1.486500000000108842e-05,2.300000000000000266e+00,8.997411363286333496e-05
1.487000000000108921e-05,2.300000000000000266e+00,8.763372987307837712e-05
1.487500000000109001e-05,2.300000000000000266e+00,8.535423121815036238e-05
1.488000000000109081e-05,2.300000000000000266e+00,8.313403514160821800e-05
1.488500000000109161e-05,2.300000000000000266e+00,8.097160007214683334e-05
1.489000000000109241e-05,2.300000000000000266e+00,7.886542444103700233e-05
1.489500000000109321e-05,2.300000000000000266e+00,7.681404561601832767e-05
1.490000000000109401e-05,2.300000000000000266e+00,7.481603902561036299e-05
1.490500000000109481e-05,2.300000000000000266e+00,7.287001720334356598e-05
1.491000000000109561e-05,2.300000000000000266e+00,7.097462868647173959e-05
1.491500000000109641e-05,2.300000000000000266e+00,6.912855701718363189e-05
1.492000000000109721e-05,2.300000000000000266e+00,6.733051982211489864e-05
1.492500000000109801e-05,2.300000000000000266e+00,6.557926804205154348e-05
1.493000000000109880e-05,2.300000000000000266e+00,6.387358516400380346e-05
1.493500000000109960e-05,2.300000000000000266e+00,6.221228622210267989e-05
1.494000000000110040e-05,2.300000000000000266e+00,6.059421696342279630e-05
1.494500000000110120e-05,2.300000000000000266e+00,5.901825316741620618e-05
1.495000000000110200e-05,2.300000000000000266e+00,5.748329982173560655e-05
1.495500000000110280e-05,2.300000000000000266e+00,5.598829029450096866e-05
1.496000000000110360e-05,2.300000000000000266e+00,5.453218566893274204e-05
1.496500000000110440e-05,2.300000000000000266e+00,5.311397413519758728e-05
1.497000000000110520e-05,2.300000000000000266e+00,5.173267015709072852e-05
1.497500000000110600e-05,2.300000000000000266e+00,5.038731378160297254e-05
1.498000000000110680e-05,2.300000000000000266e+00,4.907696994694576862e-05
1.498500000000110760e-05,2.300000000000000266e+00,4.780072784721964529e-05
1.499000000000110839e-05,2.300000000000000266e+00,4.655770043581903406e-05
1.499500000000110919e-05,2.300000000000000266e+00,4.534702366898679888e-05
1.500000000000110999e-05,2.300000000000000266e+00,4.416785591113519247e-05
1.500500000000111079e-05,2.300000000000000266e+00,4.301937750880306292e-05
1.501000000000111159e-05,2.300000000000000266e+00,4.190079011885546972e-05
1.501500000000111239e-05,2.300000000000000266e+00,4.081131606473478149e-05
1.502000000000111319e-05,2.300000000000000266e+00,3.975019784454825010e-05
1.502500000000111399e-05,2.300000000000000266e+00,3.871669770420669887e-05
1.503000000000111479e-05,2.300000000000000266e+00,3.771009717314992125e-05
1.503500000000111559e-05,2.300000000000000266e+00,3.672969650507083606e-05
1.504000000000111639e-05,2.300000000000000266e+00,3.577481410741261401e-05
1.504500000000111719e-05,2.300000000000000266e+00,3.484478602201199822e-05
1.505000000000111798e-05,2.300000000000000266e+00,3.393896544065602851e-05
1.505500000000111878e-05,2.300000000000000266e+00,3.305672234150715532e-05
1.506000000000111958e-05,2.300000000000000266e+00,3.219744322800841690e-05
1.506500000000112038e-05,2.300000000000000266e+00,3.136053064551433021e-05
1.507000000000112118e-05,2.300000000000000266e+00,3.054540263818575206e-05
1.507500000000112198e-05,2.300000000000000266e+00,2.975149237961581590e-05
1.508000000000112278e-05,2.300000000000000266e+00,2.897824773075179504e-05
1.508500000000112358e-05,2.300000000000000266e+00,2.822513087136274275e-05
1.509000000000112438e-05,2.300000000000000266e+00,2.749161797464434867e-05
1.509500000000112518e-05,2.300000000000000266e+00,2.677719881692750190e-05
1.510000000000112598e-05,2.300000000000000266e+00,2.608137651557721008e-05
1.510500000000112678e-05,2.300000000000000266e+00,2.540366715654590029e-05
1.511000000000112757e-05,2.300000000000000266e+00,2.474359936640533000e-05
1.511500000000112837e-05,2.300000000000000266e+00,2.410071404120128121e-05
1.512000000000112917e-05,2.300000000000000266e+00,2.347456404528676428e-05
1.512500000000112997e-05,2.300000000000000266e+00,2.286471384816323517e-05
1.513000000000113077e-05,2.300000000000000266e+00,2.227073920810064360e-05
1.513500000000113157e-05,2.300000000000000266e+00,2.169222691169862041e-05
1.514000000000113237e-05,2.300000000000000266e+00,2.112877451946557975e-05
1.514500000000113317e-05,2.300000000000000266e+00,2.057999008876594473e-05
1.515000000000113397e-05,2.300000000000000266e+00,2.004549182664461195e-05
1.515500000000113477e-05,2.300000000000000266e+00,1.952490784461075746e-05
1.516000000000113557e-05,2.300000000000000266e+00,1.901787602515117698e-05
1.516500000000113637e-05,2.300000000000000266e+00,1.852404371304601472e-05
1.517000000000113716e-05,2.300000000000000266e+00,1.804306729865475038e-05
1.517500000000113796e-05,2.300000000000000266e+00,1.757461209807304462e-05
1.518000000000113876e-05,2.300000000000000266e+00,1.711835233150130995e-05
1.518500000000113956e-05,2.300000000000000266e+00,1.667397071892467688e-05
1.519000000000114036e-05,2.300000000000000266e+00,1.624115799997888319e-05
1.519500000000114116e-05,2.300000000000000266e+00,1.581961290722365019e-05
1.520000000000114196e-05,2.300000000000000266e+00,1.540904218853083419e-05
1.520500000000114276e-05,2.300000000000000266e+00,1.500916025919697852e-05
1.521000000000114356e-05,2.300000000000000266e+00,1.461968887365713637e-05
1.521500000000114436e-05,2.300000000000000266e+00,1.424035699827917542e-05
1.522000000000114516e-05,2.300000000000000266e+00,1.387090066799314658e-05
1.522500000000114596e-05,2.300000000000000266e+00,1.351106283327455162e-05
1.523000000000114675e-05,2.300000000000000266e+00,1.316059310524170055e-05
1.523500000000114755e-05,2.300000000000000266e+00,1.281924762084151576e-05
1.524000000000114835e-05,2.300000000000000266e+00,1.248678884286055879e-05
1.524500000000114915e-05,2.300000000000000266e+00,1.216298535112968261e-05
1.525000000000114995e-05,2.300000000000000266e+00,1.184761185955390852e-05
1.525500000000115075e-05,2.300000000000000266e+00,1.154044904100390905e-05
1.526000000000115155e-05,2.300000000000000266e+00,1.124128327586530922e-05
1.526500000000115235e-05,2.300000000000000266e+00,1.094990643119600777e-05
1.527000000000115315e-05,2.300000000000000266e+00,1.066611570104523191e-05
1.527500000000115395e-05,2.300000000000000266e+00,1.038971347469292736e-05
1.528000000000115475e-05,2.300000000000000266e+00,1.012050728289317832e-05
1.528500000000115555e-05,2.300000000000000266e+00,9.858309801682299859e-06
1.529000000000115634e-05,2.300000000000000266e+00,9.602938637757382417e-06
1.529500000000115714e-05,2.300000000000000266e+00,9.354216097271562572e-06
1.530000000000115794e-05,2.300000000000000266e+00,9.111969091695731651e-06
1.530500000000115874e-05,2.300000000000000266e+00,8.876029043691940177e-06
1.531000000000115954e-05,2.300000000000000266e+00,8.646231826837803199e-06
1.531500000000116034e-05,2.300000000000000266e+00,8.422417620903323366e-06
1.532000000000116114e-05,2.300000000000000266e+00,8.204430635208388760e-06
1.532500000000116194e-05,2.300000000000000266e+00,7.992119083339716939e-06
1.533000000000116274e-05,2.300000000000000266e+00,7.785335232052482724e-06
1.533500000000116354e-05,2.300000000000000266e+00,7.583935207285720153e-06
1.534000000000116434e-05,2.300000000000000266e+00,7.387778775782865542e-06
1.534500000000116514e-05,2.300000000000000266e+00,7.196729390049604950e-06
1.535000000000116593e-05,2.300000000000000266e+00,7.010654203441247897e-06
1.535500000000116673e-05,2.300000000000000266e+00,6.829423753514038329e-06
1.536000000000116753e-05,2.300000000000000266e+00,6.652911840061242215e-06
1.536500000000116833e-05,2.300000000000000266e+00,6.480995636556114529e-06
1.537000000000116913e-05,2.300000000000000266e+00,6.313555499847793193e-06
1.537500000000116993e-05,2.300000000000000266e+00,6.150474771431809653e-06
1.538000000000117073e-05,2.300000000000000266e+00,5.991639884649452129e-06
1.538500000000117153e-05,2.300000000000000266e+00,5.836940438613001464e-06
1.539000000000117233e-05,2.300000000000000266e+00,5.686268828338537138e-06
1.539500000000117313e-05,2.300000000000000266e+00,5.539520108867303038e-06
1.540000000000117393e-05,2.300000000000000266e+00,5.396592238881385358e-06
1.540500000000117473e-05,2.300000000000000266e+00,5.257385865836744592e-06
1.541000000000117552e-05,2.300000000000000266e+00,5.121804030771522751e-06
1.541500000000117632e-05,2.300000000000000266e+00,4.989752225009372295e-06
1.542000000000117712e-05,2.300000000000000266e+00,4.861138461238261475e-06
1.542500000000117792e-05,2.300000000000000266e+00,4.735873253794683039e-06
1.543000000000117872e-05,2.300000000000000266e+00,4.613869496781316193e-06
1.543500000000117952e-05,2.300000000000000266e+00,4.495042271539368427e-06
1.544000000000118032e-05,2.300000000000000266e+00,4.379308841855408338e-06
1.544500000000118112e-05,2.300000000000000266e+00,4.266588748730404341e-06
1.545000000000118192e-05,2.300000000000000266e+00,4.156803590779561961e-06
1.545500000000118272e-05,2.300000000000000266e+00,4.049876819136627950e-06
1.546000000000118352e-05,2.300000000000000266e+00,3.945733939741517792e-06
1.546500000000118432e-05,2.300000000000000266e+00,3.844302562325322865e-06
1.547000000000118511e-05,2.300000000000000266e+00,3.745512193873235112e-06
1.547500000000118591e-05,2.300000000000000266e+00,3.649294111823256169e-06
1.548000000000118671e-05,2.300000000000000266e+00,3.555581384097355125e-06
1.548500000000118751e-05,2.300000000000000266e+00,3.464308804127800946e-06
1.549000000000118831e-05,2.300000000000000266e+00,3.375412776422603034e-06
1.549500000000118911e-05,2.300000000000000266e+00,3.288831286501205014e-06
1.550000000000118991e-05,2.300000000000000266e+00,3.204504009063398741e-06
1.550500000000119071e-05,2.300000000000000266e+00,3.122372307745626564e-06
1.551000000000119151e-05,2.300000000000000266e+00,3.042379021660471722e-06
1.551500000000119231e-05,2.300000000000000266e+00,2.964468391372699958e-06
1.552000000000119311e-05,2.300000000000000266e+00,2.888586201938972858e-06
1.552500000000119391e-05,2.300000000000000266e+00,2.814679759000967604e-06
1.553000000000119470e-05,2.300000000000000266e+00,2.742697754936874047e-06
1.553500000000119550e-05,2.300000000000000266e+00,2.672590130860363155e-06
1.554000000000119630e-05,2.300000000000000266e+00,2.604308029555271180e-06
1.554500000000119710e-05,2.300000000000000266e+00,2.537803848597385718e-06
1.555000000000119790e-05,2.300000000000000266e+00,2.473031173325812682e-06
1.555500000000119870e-05,2.300000000000000266e+00,2.409944781341768183e-06
1.556000000000119950e-05,2.300000000000000266e+00,2.348500846706202646e-06
1.556500000000120030e-05,2.300000000000000266e+00,2.288656808976696138e-06
1.557000000000120110e-05,2.300000000000000266e+00,2.230371066398081909e-06
1.557500000000120190e-05,2.300000000000000266e+00,2.173602932126526688e-06
1.558000000000120270e-05,2.300000000000000266e+00,2.118312831447589329e-06
1.558500000000120350e-05,2.300000000000000266e+00,2.064462364439719100e-06
1.559000000000120429e-05,2.300000000000000266e+00,2.012014064916688861e-06
1.559500000000120509e-05,2.300000000000000266e+00,1.960931322729010396e-06
1.560000000000120589e-05,2.300000000000000266e+00,1.911178552272246269e-06
1.560500000000120669e-05,2.300000000000000266e+00,1.862721238126288944e-06
1.561000000000120749e-05,2.300000000000000266e+00,1.815525777228298712e-06
1.561500000000120829e-05,2.300000000000000266e+00,1.769559219235047775e-06
1.562000000000120909e-05,2.300000000000000266e+00,1.724789359281209888e-06
1.562500000000120989e-05,2.300000000000000266e+00,1.681185044239156421e-06
1.563000000000121069e-05,2.300000000000000266e+00,1.638716077027222219e-06
1.563500000000121149e-05,2.300000000000000266e+00,1.597352912162995630e-06
1.564000000000121229e-05,2.300000000000000266e+00,1.557066705680503217e-06
1.564500000000121308e-05,2.300000000000000266e+00,1.517829412403249587e-06
1.565000000000121388e-05,2.300000000000000266e+00,1.479613705076370653e-06
1.565500000000121468e-05,2.300000000000000266e+00,1.442392970467491103e-06
1.566000000000121548e-05,2.300000000000000266e+00,1.406141409952377104e-06
1.566500000000121628e-05,2.300000000000000266e+00,1.370833897282230003e-06
1.567000000000121708e-05,2.300000000000000266e+00,1.336445816530399534e-06
1.567500000000121788e-05,2.300000000000000266e+00,1.302953196410912098e-06
1.568000000000121868e-05,2.300000000000000266e+00,1.270332743572414084e-06
1.568500000000121948e-05,2.300000000000000266e+00,1.238561672280610340e-06
1.569000000000122028e-05,2.300000000000000266e+00,1.207617757350257255e-06
1.569500000000122108e-05,2.300000000000000266e+00,1.177479515308530765e-06
1.570000000000122188e-05,2.300000000000000266e+00,1.148126034979365180e-06
1.570500000000122267e-05,2.300000000000000266e+00,1.119536824133783135e-06
1.571000000000122347e-05,2.300000000000000266e+00,1.091691960600461358e-06
1.571500000000122427e-05,2.300000000000000266e+00,1.064572100630962840e-06
1.572000000000122507e-05,2.300000000000000266e+00,1.038158285387199565e-06
1.572500000000122587e-05,2.300000000000000266e+00,1.012432095457488103e-06
1.573000000000122667e-05,2.300000000000000266e+00,9.873757633698045533e-07
1.573500000000122747e-05,2.300000000000000266e+00,9.629719063226150288e-07
1.574000000000122827e-05,2.300000000000000266e+00,9.392035916594614674e-07
1.574500000000122907e-05,2.300000000000000266e+00,9.160542563263827393e-07
1.575000000000122987e-05,2.300000000000000266e+00,8.935075662740109465e-07
1.575500000000123067e-05,2.300000000000000266e+00,8.715477711735811978e-07
1.576000000000123147e-05,2.300000000000000266e+00,8.501597267144548700e-07
1.576500000000123226e-05,2.300000000000000266e+00,8.293285933018418917e-07
1.577000000000123306e-05,2.300000000000000266e+00,8.090398766781861645e-07
1.577500000000123386e-05,2.300000000000000266e+00,7.892794229561625598e-07
1.578000000000123466e-05,2.300000000000000266e+00,7.700334929751623327e-07
1.578500000000123546e-05,2.300000000000000266e+00,7.512887262618831952e-07
1.579000000000123626e-05,2.300000000000000266e+00,7.330320164911517376e-07
1.579500000000123706e-05,2.300000000000000266e+00,7.152506792239765584e-07
1.580000000000123786e-05,2.300000000000000266e+00,6.979323594240470183e-07
1.580500000000123866e-05,2.300000000000000266e+00,6.810649206008877588e-07
1.581000000000123946e-05,2.300000000000000266e+00,6.646365792368102743e-07
1.581500000000124026e-05,2.300000000000000266e+00,6.486360306806557333e-07
1.582000000000124106e-05,2.300000000000000266e+00,6.330522563919904883e-07
1.582500000000124185e-05,2.300000000000000266e+00,6.178742999578314118e-07
1.583000000000124265e-05,2.300000000000000266e+00,6.030914904253852808e-07
1.583500000000124345e-05,2.300000000000000266e+00,5.886935793454614068e-07
1.584000000000124425e-05,2.300000000000000266e+00,5.746705109824799152e-07
1.584500000000124505e-05,2.300000000000000266e+00,5.610124762719288641e-07
1.585000000000124585e-05,2.300000000000000266e+00,5.477100059041269290e-07
1.585500000000124665e-05,2.300000000000000266e+00,5.347538899768829587e-07
1.586000000000124745e-05,2.300000000000000266e+00,5.221351427879213192e-07
1.586500000000124825e-05,2.300000000000000266e+00,5.098449964087262550e-07
1.587000000000124905e-05,2.300000000000000266e+00,4.978749602557013964e-07
1.587500000000124985e-05,2.300000000000000266e+00,4.862167247713246099e-07
1.588000000000125065e-05,2.300000000000000266e+00,4.748620577114257276e-07
1.588500000000125144e-05,2.300000000000000266e+00,4.638029684292916274e-07
1.589000000000125224e-05,2.300000000000000266e+00,4.530317330928994641e-07
1.589500000000125304e-05,2.300000000000000266e+00,4.425408149354090618e-07
1.590000000000125384e-05,2.300000000000000266e+00,4.323228904009424078e-07
1.590500000000125464e-05,2.300000000000000266e+00,4.223710170395167599e-07
1.591000000000125544e-05,2.300000000000000266e+00,4.126784525645630332e-07
1.591500000000125624e-05,2.300000000000000266e+00,4.032383738642686686e-07
1.592000000000125704e-05,2.300000000000000266e+00,3.940441482470149365e-07
1.592500000000125784e-05,2.300000000000000266e+00,3.850893599881415094e-07
1.593000000000125864e-05,2.300000000000000266e+00,3.763676555968406350e-07
1.593500000000125944e-05,2.300000000000000266e+00,3.678729893396085043e-07
1.594000000000126024e-05,2.300000000000000266e+00,3.595995357994646602e-07
1.594500000000126103e-05,2.300000000000000266e+00,3.515415088866234269e-07
1.595000000000126183e-05,2.300000000000000266e+00,3.436933171054271115e-07
1.595500000000126263e-05,2.300000000000000266e+00,3.360494749950235189e-07
1.596000000000126343e-05,2.300000000000000266e+00,3.286046024132148413e-07
1.596500000000126423e-05,2.300000000000000266e+00,3.213535653413118372e-07
1.597000000000126503e-05,2.300000000000000266e+00,3.142914001751027671e-07
1.597500000000126583e-05,2.300000000000000266e+00,3.074132507324524264e-07
1.598000000000126663e-05,2.300000000000000266e+00,3.007142699471289730e-07
1.598500000000126743e-05,2.300000000000000266e+00,2.941895998432952990e-07
1.599000000000126823e-05,2.300000000000000266e+00,2.878346007682486802e-07
1.599500000000126903e-05,2.300000000000000266e+00,2.816450046627435320e-07
1.600000000000126983e-05,2.300000000000000266e+00,2.756166519734268366e-07
1.600500000000127062e-05,2.300000000000000266e+00,2.697453196457513997e-07
1.601000000000127142e-05,2.300000000000000266e+00,2.640268318586670587e-07
1.601500000000127222e-05,2.300000000000000266e+00,2.584572573143515576e-07
1.602000000000127302e-05,2.300000000000000266e+00,2.530328529160699499e-07
1.602500000000127382e-05,2.300000000000000266e+00,2.477498132870015383e-07
1.603000000000127462e-05,2.300000000000000266e+00,2.426043368699176278e-07
1.603500000000127542e-05,2.300000000000000266e+00,2.375928268121926619e-07
1.604000000000127622e-05,2.300000000000000266e+00,2.327117937743371550e-07
1.604500000000127702e-05,2.300000000000000266e+00,2.279577983865435821e-07
1.605000000000127782e-05,2.300000000000000266e+00,2.233274898908249202e-07
1.605500000000127862e-05,2.300000000000000266e+00,2.188176325539129172e-07
1.606000000000127942e-05,2.300000000000000266e+00,2.144252332036781124e-07
1.606500000000128021e-05,2.300000000000000266e+00,2.101472986314496996e-07
1.607000000000128101e-05,2.300000000000000266e+00,2.059807574405629210e-07
1.607500000000128181e-05,2.300000000000000266e+00,2.019226804032593944e-07
1.608000000000128261e-05,2.300000000000000266e+00,1.979701826384773324e-07
1.608500000000128341e-05,2.300000000000000266e+00,1.941204656477677448e-07
1.609000000000128421e-05,2.300000000000000266e+00,1.903709416184481120e-07
1.609500000000128501e-05,2.300000000000000266e+00,1.867191101810459020e-07
1.610000000000128581e-05,2.300000000000000266e+00,1.831624599829912975e-07
1.610500000000128661e-05,2.300000000000000266e+00,1.796984157893282673e-07
1.611000000000128741e-05,2.300000000000000266e+00,1.763244718395821269e-07
1.611500000000128821e-05,2.300000000000000266e+00,1.730383217547200314e-07
1.612000000000128901e-05,2.300000000000000266e+00,1.698377782653224602e-07
1.612500000000128980e-05,2.300000000000000266e+00,1.667206502203931045e-07
1.613000000000129060e-05,2.300000000000000266e+00,1.636846986800037040e-07
1.613500000000129140e-05,2.300000000000000266e+00,1.607277522727469735e-07
1.614000000000129220e-05,2.300000000000000266e+00,1.578478158465931674e-07
1.614500000000129300e-05,2.300000000000000266e+00,1.550429204187159624e-07
1.615000000000129380e-05,2.300000000000000266e+00,1.523111100578780741e-07
1.615500000000129460e-05,2.300000000000000266e+00,1.496505310922687421e-07
1.616000000000129540e-05,2.300000000000000266e+00,1.470592534850644929e-07
1.616500000000129620e-05,2.300000000000000266e+00,1.445353833781647446e-07
1.617000000000129700e-05,2.300000000000000266e+00,1.420771777765049763e-07
1.617500000000129780e-05,2.300000000000000266e+00,1.396829141246316866e-07
1.618000000000129860e-05,2.300000000000000266e+00,1.373508947532013996e-07
1.618500000000129939e-05,2.300000000000000266e+00,1.350795381979115585e-07
1.619000000000130019e-05,2.300000000000000266e+00,1.328674122765983510e-07
1.619500000000130099e-05,2.300000000000000266e+00,1.307131113148915850e-07
1.620000000000130179e-05,2.300000000000000266e+00,1.286150249299822203e-07
1.620500000000130259e-05,2.300000000000000266e+00,1.265714394152017665e-07
1.621000000000130339e-05,2.300000000000000266e+00,1.245809270910144799e-07
1.621500000000130419e-05,2.300000000000000266e+00,1.226423296797559538e-07
1.622000000000130499e-05,2.300000000000000266e+00,1.207543172376948446e-07
1.622500000000130579e-05,2.300000000000000266e+00,1.189153981895866772e-07
1.623000000000130659e-05,2.300000000000000266e+00,1.171243080565943899e-07
1.623500000000130739e-05,2.300000000000000266e+00,1.153798536884382579e-07
1.624000000000130819e-05,2.300000000000000266e+00,1.136807751034626410e-07
1.624500000000130898e-05,2.300000000000000266e+00,1.120259661183058684e-07
1.625000000000130978e-05,2.300000000000000266e+00,1.104143210703156708e-07
1.625500000000131058e-05,2.300000000000000266e+00,1.088445970446637166e-07
1.626000000000131138e-05,2.300000000000000266e+00,1.073156033948629724e-07
1.626500000000131218e-05,2.300000000000000266e+00,1.058262690290323261e-07
1.627000000000131298e-05,2.300000000000000266e+00,1.043756618276766253e-07
1.627500000000131378e-05,2.300000000000000266e+00,1.029629220329915116e-07
1.628000000000131458e-05,2.300000000000000266e+00,1.015871195747950922e-07
1.628500000000131538e-05,2.300000000000000266e+00,1.002472836605635724e-07
1.629000000000131618e-05,2.300000000000000266e+00,9.894246722677974423e-08
1.629500000000131698e-05,2.300000000000000266e+00,9.767167684521602716e-08
1.630000000000131778e-05,2.300000000000000266e+00,9.643388872149326026e-08
1.630500000000131857e-05,2.300000000000000266e+00,9.522821107524599507e-08
1.631000000000131937e-05,2.300000000000000266e+00,9.405384672494838148e-08
1.631500000000132017e-05,2.300000000000000266e+00,9.290992801416554709e-08
1.632000000000132097e-05,2.300000000000000266e+00,9.179568311185723716e-08
1.632500000000132177e-05,2.300000000000000266e+00,9.071051929538573317e-08
1.633000000000132257e-05,2.300000000000000266e+00,8.965370878058340068e-08
1.633500000000132337e-05,2.300000000000000266e+00,8.862444047322024255e-08
1.634000000000132417e-05,2.300000000000000266e+00,8.762199580537382586e-08
1.634500000000132497e-05,2.300000000000000266e+00,8.664572047472002278e-08
1.635000000000132577e-05,2.300000000000000266e+00,8.569492077057640670e-08
1.635500000000132657e-05,2.300000000000000266e+00,8.476877407774792040e-08
1.636000000000132736e-05,2.300000000000000266e+00,8.386658248254345838e-08
1.636500000000132816e-05,2.300000000000000266e+00,8.298789481987202947e-08
1.637000000000132896e-05,2.300000000000000266e+00,8.213225947783457600e-08
1.637500000000132976e-05,2.300000000000000266e+00,8.129904550979757572e-08
1.638000000000133056e-05,2.300000000000000266e+00,8.048754552839792258e-08
1.638500000000133136e-05,2.300000000000000266e+00,7.969709789760308733e-08
1.639000000000133216e-05,2.300000000000000266e+00,7.892713209517809292e-08
1.639500000000133296e-05,2.300000000000000266e+00,7.817715667888721525e-08
1.640000000000133376e-05,2.300000000000000266e+00,7.744664450951031331e-08
1.640500000000133456e-05,2.300000000000000266e+00,7.673505127843328720e-08
1.641000000000133536e-05,2.300000000000000266e+00,7.604198363093299636e-08
1.641500000000133616e-05,2.300000000000000266e+00,7.536711527403450396e-08
1.642000000000133695e-05,2.300000000000000266e+00,7.470990852476162938e-08
1.642500000000133775e-05,2.300000000000000266e+00,7.406972178995346945e-08
1.643000000000133855e-05,2.300000000000000266e+00,7.344613518003876675e-08
1.643500000000133935e-05,2.300000000000000266e+00,7.283889364519156399e-08
1.644000000000134015e-05,2.300000000000000266e+00,7.224761505203443090e-08
1.644500000000134095e-05,2.300000000000000266e+00,7.167180689026769845e-08
1.645000000000134175e-05,2.300000000000000266e+00,7.111105532699560845e-08
1.645500000000134255e-05,2.300000000000000266e+00,7.056493087520963830e-08
1.646000000000134335e-05,2.300000000000000266e+00,7.003293056201745137e-08
1.646500000000134415e-05,2.300000000000000266e+00,6.951460594882164488e-08
1.647000000000134495e-05,2.300000000000000266e+00,6.900965349828062331e-08
1.647500000000134575e-05,2.300000000000000266e+00,6.851781526003630480e-08
1.648000000000134654e-05,2.300000000000000266e+00,6.803880311887665838e-08
1.648500000000134734e-05,2.300000000000000266e+00,6.757230638768642685e-08
1.649000000000134814e-05,2.300000000000000266e+00,6.711802176333197304e-08
1.649500000000134894e-05,2.300000000000000266e+00,6.667564691019711456e-08
1.650000000000134974e-05,2.300000000000000266e+00,6.624482799821555969e-08
1.650500000000135054e-05,2.300000000000000266e+00,6.582523494369057410e-08
1.651000000000135134e-05,2.300000000000000266e+00,6.541653404644674701e-08
1.651500000000135214e-05,2.300000000000000266e+00,6.501838071992212313e-08
1.652000000000135294e-05,2.300000000000000266e+00,6.463046123513644715e-08
1.652500000000135374e-05,2.300000000000000266e+00,6.425254526200659061e-08
1.653000000000135454e-05,2.300000000000000266e+00,6.388451180817776482e-08
1.653500000000135534e-05,2.300000000000000266e+00,6.352618412024048424e-08
1.654000000000135613e-05,2.300000000000000266e+00,6.317722587227695714e-08
1.654500000000135693e-05,2.300000000000000266e+00,6.283724358196306901e-08
1.655000000000135773e-05,2.300000000000000266e+00,6.250600126311534755e-08
1.655500000000135853e-05,2.300000000000000266e+00,6.218337443652150165e-08
1.656000000000135933e-05,2.300000000000000266e+00,6.186914586063812898e-08
1.656500000000136013e-05,2.300000000000000266e+00,6.156308572205116866e-08
1.657000000000136093e-05,2.300000000000000266e+00,6.126501411706366984e-08
1.657500000000136173e-05,2.300000000000000266e+00,6.097481863317204705e-08
1.658000000000136253e-05,2.300000000000000266e+00,6.069236904037299191e-08
1.658500000000136333e-05,2.300000000000000266e+00,6.041739138005815773e-08
1.659000000000136413e-05,2.300000000000000266e+00,6.014962277140722312e-08
1.659500000000136493e-05,2.300000000000000266e+00,5.988885326196317389e-08
1.660000000000136572e-05,2.300000000000000266e+00,5.963483173779043310e-08
1.660500000000136652e-05,2.300000000000000266e+00,5.938729966220555425e-08
1.661000000000136732e-05,2.300000000000000266e+00,5.914616553234285841e-08
1.661500000000136812e-05,2.300000000000000266e+00,5.891131227437495961e-08
1.662000000000136892e-05,2.300000000000000266e+00,5.868254200840945199e-08
1.662500000000136972e-05,2.300000000000000266e+00,5.845972075430292227e-08
1.663000000000137052e-05,2.300000000000000266e+00,5.824260502600098389e-08
1.663500000000137132e-05,2.300000000000000266e+00,5.803101777773693775e-08
1.664000000000137212e-05,2.300000000000000266e+00,5.782498355501043202e-08
1.664500000000137292e-05,2.300000000000000266e+00,5.762441630612744202e-08
1.665000000000137372e-05,2.300000000000000266e+00,5.742916889678880563e-08
1.665500000000137452e-05,2.300000000000000266e+00,5.723918281804305836e-08
1.666000000000137531e-05,2.300000000000000266e+00,5.705425019965677256e-08
1.666500000000137611e-05,2.300000000000000266e+00,5.687400752104663561e-08
1.667000000000137691e-05,2.300000000000000266e+00,5.669831868309963788e-08
1.667500000000137771e-05,2.300000000000000266e+00,5.652717813813798872e-08
1.668000000000137851e-05,2.300000000000000266e+00,5.636045005437164139e-08
1.668500000000137931e-05,2.300000000000000266e+00,5.619804076756811212e-08
1.669000000000138011e-05,2.300000000000000266e+00,5.603991004500005665e-08
1.669500000000138091e-05,2.300000000000000266e+00,5.588592223093613798e-08
1.670000000000138171e-05,2.300000000000000266e+00,5.573594983720940048e-08
1.670500000000138251e-05,2.300000000000000266e+00,5.558991980556560309e-08
1.671000000000138331e-05,2.300000000000000266e+00,5.544771684235212745e-08
1.671500000000138411e-05,2.300000000000000266e+00,5.530919344176932008e-08
1.672000000000138490e-05,2.300000000000000266e+00,5.517425169034312040e-08
1.672500000000138570e-05,2.300000000000000266e+00,5.504279176480355932e-08
1.673000000000138650e-05,2.300000000000000266e+00,5.491469906806143896e-08
1.673500000000138730e-05,2.300000000000000266e+00,5.478987073498182519e-08
1.674000000000138810e-05,2.300000000000000266e+00,5.466820995508508304e-08
1.674500000000138890e-05,2.300000000000000266e+00,5.454969609917417547e-08
1.675000000000138970e-05,2.300000000000000266e+00,5.443442313514125670e-08
1.675500000000139050e-05,2.300000000000000266e+00,5.432233415835558442e-08
1.676000000000139130e-05,2.300000000000000266e+00,5.421322534652766982e-08
1.676500000000139210e-05,2.300000000000000266e+00,5.410698934521713428e-08
1.677000000000139290e-05,2.300000000000000266e+00,5.400350861036512619e-08
1.677500000000139370e-05,2.300000000000000266e+00,5.390260216051924367e-08
1.678000000000139449e-05,2.300000000000000266e+00,5.380415797789515387e-08
1.678500000000139529e-05,2.300000000000000266e+00,5.370820369629504545e-08
1.679000000000139609e-05,2.300000000000000266e+00,5.361481421027702196e-08
1.679500000000139689e-05,2.300000000000000266e+00,5.352392196101157470e-08
1.680000000000139769e-05,2.300000000000000266e+00,5.343534846902343796e-08
1.680500000000139849e-05,2.300000000000000266e+00,5.334908433776370221e-08
1.681000000000139929e-05,2.300000000000000266e+00,5.326522027661915426e-08
1.681500000000140009e-05,2.300000000000000266e+00,5.318364317087156966e-08
1.682000000000140089e-05,2.300000000000000266e+00,5.310414945747371489e-08
1.682500000000140169e-05,2.300000000000000266e+00,5.302663556301551596e-08
1.683000000000140249e-05,2.300000000000000266e+00,5.295107734822365228e-08
1.683500000000140329e-05,2.300000000000000266e+00,5.287752020645538500e-08
1.684000000000140408e-05,2.300000000000000266e+00,5.280591162163423538e-08
1.684500000000140488e-05,2.300000000000000266e+00,5.273605510517913587e-08
1.685000000000140568e-05,2.300000000000000266e+00,5.266784128443127922e-08
1.685500000000140648e-05,2.300000000000000266e+00,5.260128578261324331e-08
1.686000000000140728e-05,2.300000000000000266e+00,5.253643598424623414e-08
1.686500000000140808e-05,2.300000000000000266e+00,5.247332485416982864e-08
1.687000000000140888e-05,2.300000000000000266e+00,5.241199794443705314e-08
1.687500000000140968e-05,2.300000000000000266e+00,5.235247852937046365e-08
1.688000000000141048e-05,2.300000000000000266e+00,5.229463363713043214e-08
1.688500000000141128e-05,2.300000000000000266e+00,5.223826374110660223e-08
1.689000000000141208e-05,2.300000000000000266e+00,5.218333245138222120e-08
1.689500000000141288e-05,2.300000000000000266e+00,5.212990010735675960e-08
1.690000000000141367e-05,2.300000000000000266e+00,5.207796040482418895e-08
1.690500000000141447e-05,2.300000000000000266e+00,5.202740292830073164e-08
1.691000000000141527e-05,2.300000000000000266e+00,5.197806788661743937e-08
1.691500000000141607e-05,2.300000000000000266e+00,5.192990198758185940e-08
1.692000000000141687e-05,2.300000000000000266e+00,5.188297898984735592e-08
1.692500000000141767e-05,2.300000000000000266e+00,5.183733586763589258e-08
1.693000000000141847e-05,2.300000000000000266e+00,5.179286371286896216e-08
1.693500000000141927e-05,2.300000000000000266e+00,5.174938679376347500e-08
1.694000000000142007e-05,2.300000000000000266e+00,5.170688559562389459e-08
1.694500000000142087e-05,2.300000000000000266e+00,5.166544033233402640e-08
1.695000000000142167e-05,2.300000000000000266e+00,5.162506421619888771e-08
1.695500000000142247e-05,2.300000000000000266e+00,5.158577045750332881e-08
1.696000000000142326e-05,2.300000000000000266e+00,5.154761053717022374e-08
1.696500000000142406e-05,2.300000000000000266e+00,5.151059535127770258e-08
1.697000000000142486e-05,2.300000000000000266e+00,5.147459820513770183e-08
1.697500000000142566e-05,2.300000000000000266e+00,5.143941691732280691e-08
1.698000000000142646e-05,2.300000000000000266e+00,5.140500177537317878e-08
1.698500000000142726e-05,2.300000000000000266e+00,5.137154016165807496e-08
1.699000000000142806e-05,2.300000000000000266e+00,5.133913330247052890e-08
1.699500000000142886e-05,2.300000000000000266e+00,5.130760933811735095e-08
1.700000000000142966e-05,2.300000000000000266e+00,5.127688566095548174e-08
1.700500000000143046e-05,2.300000000000000266e+00,5.124705877760023467e-08
1.701000000000143126e-05,2.300000000000000266e+00,5.121809986040005119e-08
1.701500000000143206e-05,2.300000000000000266e+00,5.118985678664888583e-08
1.702000000000143285e-05,2.300000000000000266e+00,5.116218304511899060e-08
1.702500000000143365e-05,2.300000000000000266e+00,5.113504649715535654e-08
1.703000000000143445e-05,2.300000000000000266e+00,5.110850660751515041e-08
1.703500000000143525e-05,2.300000000000000266e+00,5.108268710069798765e-08
1.704000000000143605e-05,2.300000000000000266e+00,5.105770395541285197e-08
1.704500000000143685e-05,2.300000000000000266e+00,5.103343196701399908e-08
1.705000000000143765e-05,2.300000000000000266e+00,5.100975962853029408e-08
1.705500000000143845e-05,2.300000000000000266e+00,5.098676590568256707e-08
1.706000000000143925e-05,2.300000000000000266e+00,5.096443754376856585e-08
1.706500000000144005e-05,2.300000000000000266e+00,5.094271840619284766e-08
1.707000000000144085e-05,2.300000000000000266e+00,5.092156223848307621e-08
1.707500000000144165e-05,2.300000000000000266e+00,5.090086860398943398e-08
1.708000000000144244e-05,2.300000000000000266e+00,5.088065563558301390e-08
1.708500000000144324e-05,2.300000000000000266e+00,5.086098098110019870e-08
1.709000000000144404e-05,2.300000000000000266e+00,5.084182457647074152e-08
1.709500000000144484e-05,2.300000000000000266e+00,5.082310160443168019e-08
1.710000000000144564e-05,2.300000000000000266e+00,5.080474200599188572e-08
1.710500000000144644e-05,2.300000000000000266e+00,5.078679508899570789e-08
1.711000000000144724e-05,2.300000000000000266e+00,5.076939631958853866e-08
1.711500000000144804e-05,2.300000000000000266e+00,5.075263307899544084e-08
1.712000000000144884e-05,2.300000000000000266e+00,5.073635797185947451e-08
1.712500000000144964e-05,2.300000000000000266e+00,5.072044823332241592e-08
1.713000000000145044e-05,2.300000000000000266e+00,5.070498807877442729e-08
1.713500000000145123e-05,2.300000000000000266e+00,5.068999257237181705e-08
1.714000000000145203e-05,2.300000000000000266e+00,5.067538411830184800e-08
1.714500000000145283e-05,2.300000000000000266e+00,5.066120078004901637e-08
1.715000000000145363e-05,2.300000000000000266e+00,5.064747124999254114e-08
1.715500000000145443e-05,2.300000000000000266e+00,5.063405343271806616e-08
1.716000000000145523e-05,2.300000000000000266e+00,5.062085046928821400e-08
1.716500000000145603e-05,2.300000000000000266e+00,5.060793221154059941e-08
1.717000000000145683e-05,2.300000000000000266e+00,5.059531323018128409e-08
1.717500000000145763e-05,2.300000000000000266e+00,5.058297152994084739e-08
1.718000000000145843e-05,2.300000000000000266e+00,5.057097148079975413e-08
1.718500000000145923e-05,2.300000000000000266e+00,5.055932464450942132e-08
1.719000000000146003e-05,2.300000000000000266e+00,5.054798884947195203e-08
1.719500000000146082e-05,2.300000000000000266e+00,5.053699500354229797e-08
1.720000000000146162e-05,2.300000000000000266e+00,5.052635630933393716e-08
1.720500000000146242e-05,2.300000000000000266e+00,5.051603664990428506e-08
1.721000000000146322e-05,2.300000000000000266e+00,5.050592476803758721e-08
1.721500000000146402e-05,2.300000000000000266e+00,5.049593854186966534e-08
1.722000000000146482e-05,2.300000000000000266e+00,5.048614585145728105e-08
1.722500000000146562e-05,2.300000000000000266e+00,5.047657983971888137e-08
1.723000000000146642e-05,2.300000000000000266e+00,5.046720016752476225e-08
1.723500000000146722e-05,2.300000000000000266e+00,5.045804563368905024e-08
1.724000000000146802e-05,2.300000000000000266e+00,5.044914393985475489e-08
1.724500000000146882e-05,2.300000000000000266e+00,5.044047018052878515e-08
1.725000000000146962e-05,2.300000000000000266e+00,5.043204523829460346e-08
1.725500000000147041e-05,2.300000000000000266e+00,5.042389096910893050e-08
1.726000000000147121e-05,2.300000000000000266e+00,5.041598566218358874e-08
1.726500000000147201e-05,2.300000000000000266e+00,5.040832529460893632e-08
1.727000000000147281e-05,2.300000000000000266e+00,5.040091841332588258e-08
1.727500000000147361e-05,2.300000000000000266e+00,5.039374633002810347e-08
1.728000000000147441e-05,2.300000000000000266e+00,5.038679535450773060e-08
1.728500000000147521e-05,2.300000000000000266e+00,5.038007755347348282e-08
1.729000000000147601e-05,2.300000000000000266e+00,5.037357916322544569e-08
1.729500000000147681e-05,2.300000000000000266e+00,5.036728858143052282e-08
1.730000000000147761e-05,2.300000000000000266e+00,5.036121394092723951e-08
1.730500000000147841e-05,2.300000000000000266e+00,5.035534277059605196e-08
1.731000000000147921e-05,2.300000000000000266e+00,5.034966219874226764e-08
1.731500000000148000e-05,2.300000000000000266e+00,5.034417531750411650e-08
1.732000000000148080e-05,2.300000000000000266e+00,5.033876655076791065e-08
1.732500000000148160e-05,2.300000000000000266e+00,5.033332691292276951e-08
1.733000000000148240e-05,2.300000000000000266e+00,5.032793329534196663e-08
1.733500000000148320e-05,2.300000000000000266e+00,5.032262211499673190e-08
1.734000000000148400e-05,2.300000000000000266e+00,5.031736392297962175e-08
1.734500000000148480e-05,2.300000000000000266e+00,5.031219906225602963e-08
1.735000000000148560e-05,2.300000000000000266e+00,5.030724950420527395e-08
1.735500000000148640e-05,2.300000000000000266e+00,5.030261234378823279e-08
1.736000000000148720e-05,2.300000000000000266e+00,5.029814324104014667e-08
1.736500000000148800e-05,2.300000000000000266e+00,5.029360461737322470e-08
1.737000000000148880e-05,2.300000000000000266e+00,5.028897040998636461e-08
1.737500000000148959e-05,2.300000000000000266e+00,5.028440642593763710e-08
1.738000000000149039e-05,2.300000000000000266e+00,5.028010816509206064e-08
1.738500000000149119e-05,2.300000000000000266e+00,5.027613495107861921e-08
1.739000000000149199e-05,2.300000000000000266e+00,5.027234795284418048e-08
1.739500000000149279e-05,2.300000000000000266e+00,5.026852489581641901e-08
1.740000000000149359e-05,2.300000000000000266e+00,5.026460581391189132e-08
1.740500000000149439e-05,2.300000000000000266e+00,5.026076407422902435e-08
1.741000000000149519e-05,2.300000000000000266e+00,5.025720251034128431e-08
1.741500000000149599e-05,2.300000000000000266e+00,5.025395803267016109e-08
1.742000000000149679e-05,2.300000000000000266e+00,5.025086821077703060e-08
1.742500000000149759e-05,2.300000000000000266e+00,5.024773113216831916e-08
1.743000000000149839e-05,2.300000000000000266e+00,5.024449740561142737e-08
1.743500000000149918e-05,2.300000000000000266e+00,5.024131045201140900e-08
1.744000000000149998e-05,2.300000000000000266e+00,5.023826868798415031e-08
1.744500000000150078e-05,2.300000000000000266e+00,5.023534329354945840e-08
1.745000000000150158e-05,2.300000000000000266e+00,5.023253932677057318e-08
1.745500000000150238e-05,2.300000000000000266e+00,5.022986347506574054e-08
1.746000000000150318e-05,2.300000000000000266e+00,5.022728166292956584e-08
1.746500000000150398e-05,2.300000000000000266e+00,5.022469251910514345e-08
1.747000000000150478e-05,2.300000000000000266e+00,5.022202693273565451e-08
1.747500000000150558e-05,2.300000000000000266e+00,5.021933582547305913e-08
1.748000000000150638e-05,2.300000000000000266e+00,5.021672802806816875e-08
1.748500000000150718e-05,2.300000000000000266e+00,5.021428601066687189e-08
1.749000000000150798e-05,2.300000000000000266e+00,5.021198640809166822e-08
1.749500000000150877e-05,2.300000000000000266e+00,5.020981659436291836e-08
1.750000000000150957e-05,2.300000000000000266e+00,5.020768911678369364e-08
1.750500000000151037e-05,2.300000000000000266e+00,5.020547468379350291e-08
1.751000000000151117e-05,2.300000000000000266e+00,5.020322053272482221e-08
1.751500000000151197e-05,2.300000000000000266e+00,5.020108301816237558e-08
1.752000000000151277e-05,2.300000000000000266e+00,5.019911871987862068e-08
1.752500000000151357e-05,2.300000000000000266e+00,5.019717194129074816e-08
1.753000000000151437e-05,2.300000000000000266e+00,5.019515783404100460e-08
1.753500000000151517e-05,2.300000000000000266e+00,5.019317076074082332e-08
1.754000000000151597e-05,2.300000000000000266e+00,5.019129608439682527e-08
1.754500000000151677e-05,2.300000000000000266e+00,5.018958855998468059e-08
1.755000000000151757e-05,2.300000000000000266e+00,5.018803038353191488e-08
1.755500000000151836e-05,2.300000000000000266e+00,5.018659734610888403e-08
1.756000000000151916e-05,2.300000000000000266e+00,5.018520500780898688e-08
1.756500000000151996e-05,2.300000000000000266e+00,5.018371427046079915e-08
1.757000000000152076e-05,2.300000000000000266e+00,5.018216516347383366e-08
1.757500000000152156e-05,2.300000000000000266e+00,5.018061266634017968e-08
1.758000000000152236e-05,2.300000000000000266e+00,5.017901844462133314e-08
1.758500000000152316e-05,2.300000000000000266e+00,5.017741095063267180e-08
1.759000000000152396e-05,2.300000000000000266e+00,5.017592928638131600e-08
1.759500000000152476e-05,2.300000000000000266e+00,5.017464860385213523e-08
1.760000000000152556e-05,2.300000000000000266e+00,5.017341345803323628e-08
1.760500000000152636e-05,2.300000000000000266e+00,5.017210197223594773e-08
1.761000000000152716e-05,2.300000000000000266e+00,5.017079025223067437e-08
1.761500000000152795e-05,2.300000000000000266e+00,5.016959669935565350e-08
1.762000000000152875e-05,2.300000000000000266e+00,5.016857570677760313e-08
1.762500000000152955e-05,2.300000000000000266e+00,5.016759582358937441e-08
1.763000000000153035e-05,2.300000000000000266e+00,5.016653350902143394e-08
1.763500000000153115e-05,2.300000000000000266e+00,5.016545192749317705e-08
1.764000000000153195e-05,2.300000000000000266e+00,5.016437033243768488e-08
1.764500000000153275e-05,2.300000000000000266e+00,5.016324839825247544e-08
1.765000000000153355e-05,2.300000000000000266e+00,5.016212147364021570e-08
1.765500000000153435e-05,2.300000000000000266e+00,5.016111397582825213e-08
1.766000000000153515e-05,2.300000000000000266e+00,5.016029173778491804e-08
1.766500000000153595e-05,2.300000000000000266e+00,5.015950475960944713e-08
1.767000000000153675e-05,2.300000000000000266e+00,5.015864333388856380e-08
1.767500000000153754e-05,2.300000000000000266e+00,5.015778489188337044e-08
1.768000000000153834e-05,2.300000000000000266e+00,5.015691802488704302e-08
1.768500000000153914e-05,2.300000000000000266e+00,5.015599223685705391e-08
1.769000000000153994e-05,2.300000000000000266e+00,5.015507246471618057e-08
1.769500000000154074e-05,2.300000000000000266e+00,5.015418512721860115e-08
1.770000000000154154e-05,2.300000000000000266e+00,5.015327733476718520e-08
1.770500000000154234e-05,2.300000000000000266e+00,5.015238060859673946e-08
1.771000000000154314e-05,2.300000000000000266e+00,5.015162256063949745e-08
1.771500000000154394e-05,2.300000000000000266e+00,5.015106751262286571e-08
1.772000000000154474e-05,2.300000000000000266e+00,5.015055080308509181e-08
1.772500000000154554e-05,2.300000000000000266e+00,5.014996149199732044e-08
1.773000000000154634e-05,2.300000000000000266e+00,5.014937480665197634e-08
1.773500000000154713e-05,2.300000000000000266e+00,5.014878003106997975e-08
1.774000000000154793e-05,2.300000000000000266e+00,5.014812511153030081e-08
1.774500000000154873e-05,2.300000000000000266e+00,5.014745614764516698e-08
1.775000000000154953e-05,2.300000000000000266e+00,5.014680379388311779e-08
1.775500000000155033e-05,2.300000000000000266e+00,5.014614400970183340e-08
1.776000000000155113e-05,2.300000000000000266e+00,5.014549227901118511e-08
1.776500000000155193e-05,2.300000000000000266e+00,5.014485826527373649e-08
1.777000000000155273e-05,2.300000000000000266e+00,5.014423663947225964e-08
1.777500000000155353e-05,2.300000000000000266e+00,5.014363107037880992e-08
1.778000000000155433e-05,2.300000000000000266e+00,5.014302735697232758e-08
1.778500000000155513e-05,2.300000000000000266e+00,5.014242282505264290e-08
1.779000000000155593e-05,2.300000000000000266e+00,5.014185186166084436e-08
1.779500000000155672e-05,2.300000000000000266e+00,5.014141552651815037e-08
1.780000000000155752e-05,2.300000000000000266e+00,5.014118684113279883e-08
1.780500000000155832e-05,2.300000000000000266e+00,5.014099093302125937e-08
1.781000000000155912e-05,2.300000000000000266e+00,5.014069621559472812e-08
1.781500000000155992e-05,2.300000000000000266e+00,5.014040274229083170e-08
1.782000000000156072e-05,2.300000000000000266e+00,5.014010730306192528e-08
1.782500000000156152e-05,2.300000000000000266e+00,5.013972799086871050e-08
1.783000000000156232e-05,2.300000000000000266e+00,5.013933720979922305e-08
1.783500000000156312e-05,2.300000000000000266e+00,5.013896096066959407e-08
1.784000000000156392e-05,2.300000000000000266e+00,5.013855256137788783e-08
1.784500000000156472e-05,2.300000000000000266e+00,5.013814481221205305e-08
1.785000000000156551e-05,2.300000000000000266e+00,5.013775413370923593e-08
1.785500000000156631e-05,2.300000000000000266e+00,5.013735218379211455e-08
1.786000000000156711e-05,2.300000000000000266e+00,5.013695053571914115e-08
1.786500000000156791e-05,2.300000000000000266e+00,5.013657603001825015e-08
1.787000000000156871e-05,2.300000000000000266e+00,5.013621516808768516e-08
1.787500000000156951e-05,2.300000000000000266e+00,5.013585365986693816e-08
1.788000000000157031e-05,2.300000000000000266e+00,5.013550508330567460e-08
1.788500000000157111e-05,2.300000000000000266e+00,5.013516193832830267e-08
1.789000000000157191e-05,2.300000000000000266e+00,5.013482721450637537e-08
1.789500000000157271e-05,2.300000000000000266e+00,5.013450281396442895e-08
1.790000000000157351e-05,2.300000000000000266e+00,5.013418669526524043e-08
1.790500000000157431e-05,2.300000000000000266e+00,5.013388036964975639e-08
1.791000000000157510e-05,2.300000000000000266e+00,5.013358170280562934e-08
1.791500000000157590e-05,2.300000000000000266e+00,5.013329585152708013e-08
1.792000000000157670e-05,2.300000000000000266e+00,5.013302538744759490e-08
1.792500000000157750e-05,2.300000000000000266e+00,5.013276642313454234e-08
1.793000000000157830e-05,2.300000000000000266e+00,5.013261740407377530e-08
1.793500000000157910e-05,2.300000000000000266e+00,5.013267386754768287e-08
1.794000000000157990e-05,2.300000000000000266e+00,5.013275404084976926e-08
1.794500000000158070e-05,2.300000000000000266e+00,5.013271641852210113e-08
1.795000000000158150e-05,2.300000000000000266e+00,5.013267760799625517e-08
1.795500000000158230e-05,2.300000000000000266e+00,5.013262805241668529e-08
1.796000000000158310e-05,2.300000000000000266e+00,5.013249423298922400e-08
1.796500000000158390e-05,2.300000000000000266e+00,5.013235545018917637e-08
1.797000000000158469e-05,2.300000000000000266e+00,5.013222541946336549e-08
1.797500000000158549e-05,2.300000000000000266e+00,5.013204569384529799e-08
1.798000000000158629e-05,2.300000000000000266e+00,5.013185938721134439e-08
1.798500000000158709e-05,2.300000000000000266e+00,5.013170066027063171e-08
1.799000000000158789e-05,2.300000000000000266e+00,5.013152085530468161e-08
1.799500000000158869e-05,2.300000000000000266e+00,5.013132034764966828e-08
1.800000000000158949e-05,2.300000000000000266e+00,5.013113435255141512e-08
1.800500000000159029e-05,2.300000000000000266e+00,5.013094652114929288e-08
1.801000000000159109e-05,2.300000000000000266e+00,5.013075198880168948e-08
1.801500000000159189e-05,2.300000000000000266e+00,5.013056798870309045e-08
1.802000000000159269e-05,2.300000000000000266e+00,5.013039486529951659e-08
1.802500000000159349e-05,2.300000000000000266e+00,5.013022373689560348e-08
1.803000000000159428e-05,2.300000000000000266e+00,5.013006191781667409e-08
1.803500000000159508e-05,2.300000000000000266e+00,5.012990951062939875e-08
1.804000000000159588e-05,2.300000000000000266e+00,5.012975221174604740e-08
1.804500000000159668e-05,2.300000000000000266e+00,5.012959325261752348e-08
1.805000000000159748e-05,2.300000000000000266e+00,5.012943695799761684e-08
1.805500000000159828e-05,2.300000000000000266e+00,5.012928392773894061e-08
1.806000000000159908e-05,2.300000000000000266e+00,5.012914764691604238e-08
1.806500000000159988e-05,2.300000000000000266e+00,5.012902306130135841e-08
1.807000000000160068e-05,2.300000000000000266e+00,5.012888789700011445e-08
1.807500000000160148e-05,2.300000000000000266e+00,5.012874907745405041e-08
1.808000000000160228e-05,2.300000000000000266e+00,5.012862400808065891e-08
1.808500000000160308e-05,2.300000000000000266e+00,5.012850979218351808e-08
1.809000000000160387e-05,2.300000000000000266e+00,5.012839908252697136e-08
1.809500000000160467e-05,2.300000000000000266e+00,5.012829494803044110e-08
1.810000000000160547e-05,2.300000000000000266e+00,5.012819249699787115e-08
1.810500000000160627e-05,2.300000000000000266e+00,5.012808287095265834e-08
1.811000000000160707e-05,2.300000000000000266e+00,5.012796347504252217e-08
1.811500000000160787e-05,2.300000000000000266e+00,5.012785050528818312e-08
1.812000000000160867e-05,2.300000000000000266e+00,5.012775354580430895e-08
1.812500000000160947e-05,2.300000000000000266e+00,5.012766626331022041e-08
1.813000000000161027e-05,2.300000000000000266e+00,5.012758219873981327e-08
1.813500000000161107e-05,2.300000000000000266e+00,5.012749751109800524e-08
1.814000000000161187e-05,2.300000000000000266e+00,5.012742664328521313e-08
1.814500000000161267e-05,2.300000000000000266e+00,5.012736089552061882e-08
1.815000000000161346e-05,2.300000000000000266e+00,5.012728468516336351e-08
1.815500000000161426e-05,2.300000000000000266e+00,5.012720386173540567e-08
1.816000000000161506e-05,2.300000000000000266e+00,5.012712903683363888e-08
1.816500000000161586e-05,2.300000000000000266e+00,5.012706489318510905e-08
1.817000000000161666e-05,2.300000000000000266e+00,5.012700389780390402e-08
1.817500000000161746e-05,2.300000000000000266e+00,5.012694021469530059e-08
1.818000000000161826e-05,2.300000000000000266e+00,5.012688437610831639e-08
1.818500000000161906e-05,2.300000000000000266e+00,5.012682626389630458e-08
1.819000000000161986e-05,2.300000000000000266e+00,5.012675838181936940e-08
1.819500000000162066e-05,2.300000000000000266e+00,5.012669092737204029e-08
1.820000000000162146e-05,2.300000000000000266e+00,5.012663180120504455e-08
1.820500000000162226e-05,2.300000000000000266e+00,5.012657944563986010e-08
1.821000000000162305e-05,2.300000000000000266e+00,5.012653361879714971e-08
1.821500000000162385e-05,2.300000000000000266e+00,5.012649789657383103e-08
1.822000000000162465e-05,2.300000000000000266e+00,5.012645632482856048e-08
1.822500000000162545e-05,2.300000000000000266e+00,5.012641913780186406e-08
1.823000000000162625e-05,2.300000000000000266e+00,5.012638447597110479e-08
1.823500000000162705e-05,2.300000000000000266e+00,5.012633335302149346e-08
1.824000000000162785e-05,2.300000000000000266e+00,5.012628733073698163e-08
1.824500000000162865e-05,2.300000000000000266e+00,5.012624916266562824e-08
1.825000000000162945e-05,2.300000000000000266e+00,5.012620766057670107e-08
1.825500000000163025e-05,2.300000000000000266e+00,5.012616653967981110e-08
1.826000000000163105e-05,2.300000000000000266e+00,5.012612597219798526e-08
1.826500000000163185e-05,2.300000000000000266e+00,5.012608511639923349e-08
1.827000000000163264e-05,2.300000000000000266e+00,5.012604366074786856e-08
1.827500000000163344e-05,2.300000000000000266e+00,5.012600311648482385e-08
1.828000000000163424e-05,2.300000000000000266e+00,5.012597094693965490e-08
1.828500000000163504e-05,2.300000000000000266e+00,5.012594492492491621e-08
1.829000000000163584e-05,2.300000000000000266e+00,5.012591285794642421e-08
1.829500000000163664e-05,2.300000000000000266e+00,5.012588272983847164e-08
1.830000000000163744e-05,2.300000000000000266e+00,5.012585999540375110e-08
1.830500000000163824e-05,2.300000000000000266e+00,5.012583296912556109e-08
1.831000000000163904e-05,2.300000000000000266e+00,5.012581296885579457e-08
1.831500000000163984e-05,2.300000000000000266e+00,5.012580506820508050e-08
1.832000000000164064e-05,2.300000000000000266e+00,5.012579522868381376e-08
1.832500000000164144e-05,2.300000000000000266e+00,5.012577319666837671e-08
1.833000000000164223e-05,2.300000000000000266e+00,5.012574115290867246e-08
1.833500000000164303e-05,2.300000000000000266e+00,5.012571191297025898e-08
1.834000000000164383e-05,2.300000000000000266e+00,5.012569966434697395e-08
1.834500000000164463e-05,2.300000000000000266e+00,5.012568413783522323e-08
1.835000000000164543e-05,2.300000000000000266e+00,5.012565951096751228e-08
1.835500000000164623e-05,2.300000000000000266e+00,5.012563886440756375e-08
1.836000000000164703e-05,2.300000000000000266e+00,5.012561750190108983e-08
1.836500000000164783e-05,2.300000000000000266e+00,5.012560340728238988e-08
1.837000000000164863e-05,2.300000000000000266e+00,5.012559123800699406e-08
1.837500000000164943e-05,2.300000000000000266e+00,5.012557371649559583e-08
1.838000000000165023e-05,2.300000000000000266e+00,5.012555717602884794e-08
1.838500000000165103e-05,2.300000000000000266e+00,5.012554747582027456e-08
1.839000000000165182e-05,2.300000000000000266e+00,5.012553857090611578e-08
1.839500000000165262e-05,2.300000000000000266e+00,5.012552040310452892e-08
1.840000000000165342e-05,2.300000000000000266e+00,5.012549699916084524e-08
1.840500000000165422e-05,2.300000000000000266e+00,5.012548021681474028e-08
1.841000000000165502e-05,2.300000000000000266e+00,5.012546989353476601e-08
1.841500000000165582e-05,2.300000000000000266e+00,5.012545861242890929e-08
1.842000000000165662e-05,2.300000000000000266e+00,5.012544017952919084e-08
1.842500000000165742e-05,2.300000000000000266e+00,5.012542726139694268e-08
1.843000000000165822e-05,2.300000000000000266e+00,5.012542257866989677e-08
1.843500000000165902e-05,2.300000000000000266e+00,5.012541391563509507e-08
1.844000000000165982e-05,2.300000000000000266e+00,5.012540356913633968e-08
1.844500000000166062e-05,2.300000000000000266e+00,5.012539319941879655e-08
1.845000000000166141e-05,2.300000000000000266e+00,5.012538374108958025e-08
1.845500000000166221e-05,2.300000000000000266e+00,5.012537485939420260e-08
1.846000000000166301e-05,2.300000000000000266e+00,5.012536537784620517e-08
1.846500000000166381e-05,2.300000000000000266e+00,5.012536160650747948e-08
1.847000000000166461e-05,2.300000000000000266e+00,5.012536131819056016e-08
1.847500000000166541e-05,2.300000000000000266e+00,5.012535471981174934e-08
1.848000000000166621e-05,2.300000000000000266e+00,5.012534255053635353e-08
1.848500000000166701e-05,2.300000000000000266e+00,5.012532862814066066e-08
1.849000000000166781e-05,2.300000000000000266e+00,5.012531921624900661e-08
1.849500000000166861e-05,2.300000000000000266e+00,5.012532350809246947e-08
1.850000000000166941e-05,2.300000000000000266e+00,5.012532488002071609e-08
1.850500000000167021e-05,2.300000000000000266e+00,5.012531201801758263e-08
1.851000000000167100e-05,2.300000000000000266e+00,5.012529605418468001e-08
1.851500000000167180e-05,2.300000000000000266e+00,5.012528575412348686e-08
1.852000000000167260e-05,2.300000000000000266e+00,5.012527356162930993e-08
1.852500000000167340e-05,2.300000000000000266e+00,5.012525995076931750e-08
1.853000000000167420e-05,2.300000000000000266e+00,5.012525262675244208e-08
1.853500000000167500e-05,2.300000000000000266e+00,5.012523498914713160e-08
1.854000000000167580e-05,2.300000000000000266e+00,5.012521580739055419e-08
1.854500000000167660e-05,2.300000000000000266e+00,5.012520912966386077e-08
1.855000000000167740e-05,2.300000000000000266e+00,5.012520915288264190e-08
1.855500000000167820e-05,2.300000000000000266e+00,5.012520404252598993e-08
1.856000000000167900e-05,2.300000000000000266e+00,5.012519724870538428e-08
1.856500000000167980e-05,2.300000000000000266e+00,5.012518803225551844e-08
1.857000000000168059e-05,2.300000000000000266e+00,5.012517257540011109e-08
1.857500000000168139e-05,2.300000000000000266e+00,5.012516081053554021e-08
1.858000000000168219e-05,2.300000000000000266e+00,5.012515852721897338e-08
1.858500000000168299e-05,2.300000000000000266e+00,5.012516241465160468e-08
1.859000000000168379e-05,2.300000000000000266e+00,5.012515994558478886e-08
1.859500000000168459e-05,2.300000000000000266e+00,5.012515852721897338e-08
1.860000000000168539e-05,2.300000000000000266e+00,5.012516121494636515e-08
1.860500000000168619e-05,2.300000000000000266e+00,5.012515696954047115e-08
1.861000000000168699e-05,2.300000000000000266e+00,5.012514837616201282e-08
1.861500000000168779e-05,2.300000000000000266e+00,5.012513529549829679e-08
1.862000000000168859e-05,2.300000000000000266e+00,5.012513519293162646e-08
1.862500000000168938e-05,2.300000000000000266e+00,5.012514349799317209e-08
1.863000000000169018e-05,2.300000000000000266e+00,5.012514398175188624e-08
1.863500000000169098e-05,2.300000000000000266e+00,5.012514462804206163e-08
1.864000000000169178e-05,2.300000000000000266e+00,5.012514729255067890e-08
1.864500000000169258e-05,2.300000000000000266e+00,5.012515175661714885e-08
1.865000000000169338e-05,2.300000000000000266e+00,5.012515108710819233e-08
1.865500000000169418e-05,2.300000000000000266e+00,5.012514273560908445e-08
1.866000000000169498e-05,2.300000000000000266e+00,5.012513147772200885e-08
1.866500000000169578e-05,2.300000000000000266e+00,5.012512173107587323e-08
1.867000000000169658e-05,2.300000000000000266e+00,5.012511584864358779e-08
1.867500000000169738e-05,2.300000000000000266e+00,5.012511500691161095e-08
1.868000000000169818e-05,2.300000000000000266e+00,5.012510749714447992e-08
1.868500000000169897e-05,2.300000000000000266e+00,5.012510194946668267e-08
1.869000000000169977e-05,2.300000000000000266e+00,5.012510768289473552e-08
1.869500000000170057e-05,2.300000000000000266e+00,5.012511565320179297e-08
1.870000000000170137e-05,2.300000000000000266e+00,5.012512455811595175e-08
1.870500000000170217e-05,2.300000000000000266e+00,5.012513012901253674e-08
1.871000000000170297e-05,2.300000000000000266e+00,5.012513008257497449e-08
1.871500000000170377e-05,2.300000000000000266e+00,5.012512290756232503e-08
1.872000000000170457e-05,2.300000000000000266e+00,5.012511073828693583e-08
1.872500000000170537e-05,2.300000000000000266e+00,5.012510401412267355e-08
1.873000000000170617e-05,2.300000000000000266e+00,5.012510046144452381e-08
1.873500000000170697e-05,2.300000000000000266e+00,5.012509990802946629e-08
1.874000000000170777e-05,2.300000000000000266e+00,5.012510799443043597e-08
1.874500000000170856e-05,2.300000000000000266e+00,5.012512014048704404e-08
1.875000000000170936e-05,2.300000000000000266e+00,5.012512297721867501e-08
1.875500000000171016e-05,2.300000000000000266e+00,5.012511880146912438e-08
1.876000000000171096e-05,2.300000000000000266e+00,5.012511527200974915e-08
1.876500000000171176e-05,2.300000000000000266e+00,5.012511260750113850e-08
1.877000000000171256e-05,2.300000000000000266e+00,5.012510634387680925e-08
1.877500000000171336e-05,2.300000000000000266e+00,5.012510494872977489e-08
1.878000000000171416e-05,2.300000000000000266e+00,5.012511152388980458e-08
1.878500000000171496e-05,2.300000000000000266e+00,5.012512040558518224e-08
1.879000000000171576e-05,2.300000000000000266e+00,5.012513108683841920e-08
1.879500000000171656e-05,2.300000000000000266e+00,5.012514143333717459e-08
1.880000000000171736e-05,2.300000000000000266e+00,5.012514340511804759e-08
1.880500000000171815e-05,2.300000000000000266e+00,5.012513862951587720e-08
1.881000000000171895e-05,2.300000000000000266e+00,5.012513121262387066e-08
1.881500000000171975e-05,2.300000000000000266e+00,5.012512621836112431e-08
1.882000000000172055e-05,2.300000000000000266e+00,5.012512326553559434e-08
1.882500000000172135e-05,2.300000000000000266e+00,5.012511640205864532e-08
1.883000000000172215e-05,2.300000000000000266e+00,5.012510152183707661e-08
1.883500000000172295e-05,2.300000000000000266e+00,5.012508615785678713e-08
1.884000000000172375e-05,2.300000000000000266e+00,5.012507614611251331e-08
1.884500000000172455e-05,2.300000000000000266e+00,5.012506875243929451e-08
1.885000000000172535e-05,2.300000000000000266e+00,5.012507304428275075e-08
1.885500000000172615e-05,2.300000000000000266e+00,5.012508281414766750e-08
1.886000000000172695e-05,2.300000000000000266e+00,5.012509078445472494e-08
1.886500000000172774e-05,2.300000000000000266e+00,5.012509669010579150e-08
1.887000000000172854e-05,2.300000000000000266e+00,5.012508702280754509e-08
1.887500000000172934e-05,2.300000000000000266e+00,5.012506834802846957e-08
1.888000000000173014e-05,2.300000000000000266e+00,5.012506560417196309e-08
1.888500000000173094e-05,2.300000000000000266e+00,5.012507573201014914e-08
1.889000000000173174e-05,2.300000000000000266e+00,5.012508216785748548e-08
1.889500000000173254e-05,2.300000000000000266e+00,5.012508152156730347e-08
1.890000000000173334e-05,2.300000000000000266e+00,5.012508305602702457e-08
1.890500000000173414e-05,2.300000000000000266e+00,5.012508960796827315e-08
1.891000000000173494e-05,2.300000000000000266e+00,5.012508860370482844e-08
1.891500000000173574e-05,2.300000000000000266e+00,5.012508507424545983e-08
1.892000000000173654e-05,2.300000000000000266e+00,5.012508420929470186e-08
1.892500000000173733e-05,2.300000000000000266e+00,5.012508720855779408e-08
1.893000000000173813e-05,2.300000000000000266e+00,5.012509164940548291e-08
1.893500000000173893e-05,2.300000000000000266e+00,5.012509669010579150e-08
1.894000000000173973e-05,2.300000000000000266e+00,5.012508942221802416e-08
1.894500000000174053e-05,2.300000000000000266e+00,5.012508029864328943e-08
1.895000000000174133e-05,2.300000000000000266e+00,5.012508639004460498e-08
1.895500000000174213e-05,2.300000000000000266e+00,5.012509822456551261e-08
1.896000000000174293e-05,2.300000000000000266e+00,5.012509657401188589e-08
1.896500000000174373e-05,2.300000000000000266e+00,5.012508498137032872e-08
1.897000000000174453e-05,2.300000000000000266e+00,5.012508185632178504e-08
1.897500000000174533e-05,2.300000000000000266e+00,5.012508183310300392e-08
1.898000000000174613e-05,2.300000000000000266e+00,5.012507614611251331e-08
1.898500000000174692e-05,2.300000000000000266e+00,5.012507535081809871e-08
1.899000000000174772e-05,2.300000000000000266e+00,5.012508101458980820e-08
1.899500000000174852e-05,2.300000000000000266e+00,5.012509591803015803e-08
1.900000000000174932e-05,2.300000000000000266e+00,5.012510317239069671e-08
1.900500000000175012e-05,2.300000000000000266e+00,5.012509535108786523e-08
1.901000000000175092e-05,2.300000000000000266e+00,5.012508351656695760e-08
1.901500000000175172e-05,2.300000000000000266e+00,5.012508036829962618e-08
1.902000000000175252e-05,2.300000000000000266e+00,5.012508305602702457e-08
1.902500000000175332e-05,2.300000000000000266e+00,5.012507881062113057e-08
1.903000000000175412e-05,2.300000000000000266e+00,5.012507981488456866e-08
1.903500000000175492e-05,2.300000000000000266e+00,5.012508454404917681e-08
1.904000000000175572e-05,2.300000000000000266e+00,5.012507758769710992e-08
1.904500000000175651e-05,2.300000000000000266e+00,5.012507235155500649e-08
1.905000000000175731e-05,2.300000000000000266e+00,5.012508377197354996e-08
1.905500000000175811e-05,2.300000000000000266e+00,5.012509853610121305e-08
1.906000000000175891e-05,2.300000000000000266e+00,5.012510825952856755e-08
1.906500000000175971e-05,2.300000000000000266e+00,5.012510965467560191e-08
1.907000000000176051e-05,2.300000000000000266e+00,5.012511027774700280e-08
1.907500000000176131e-05,2.300000000000000266e+00,5.012510605555988993e-08
1.908000000000176211e-05,2.300000000000000266e+00,5.012509055226692033e-08
1.908500000000176291e-05,2.300000000000000266e+00,5.012508420929470186e-08
1.909000000000176371e-05,2.300000000000000266e+00,5.012508480914732163e-08
1.909500000000176451e-05,2.300000000000000266e+00,5.012508269805376188e-08
1.910000000000176531e-05,2.300000000000000266e+00,5.012508814316489542e-08
1.910500000000176610e-05,2.300000000000000266e+00,5.012509431391410018e-08
1.911000000000176690e-05,2.300000000000000266e+00,5.012509335608821772e-08
1.911500000000176770e-05,2.300000000000000266e+00,5.012508740399958891e-08
1.912000000000176850e-05,2.300000000000000266e+00,5.012508509746424095e-08
1.912500000000176930e-05,2.300000000000000266e+00,5.012508629716947387e-08
1.913000000000177010e-05,2.300000000000000266e+00,5.012508267483498076e-08
1.913500000000177090e-05,2.300000000000000266e+00,5.012508005676393236e-08
1.914000000000177170e-05,2.300000000000000266e+00,5.012507796888915373e-08
1.914500000000177250e-05,2.300000000000000266e+00,5.012507530438053646e-08
1.915000000000177330e-05,2.300000000000000266e+00,5.012507263987192582e-08
1.915500000000177410e-05,2.300000000000000266e+00,5.012507477418426007e-08
1.916000000000177490e-05,2.300000000000000266e+00,5.012507561591623691e-08
1.916500000000177569e-05,2.300000000000000266e+00,5.012506513010479478e-08
1.917000000000177649e-05,2.300000000000000266e+00,5.012506262812764538e-08
1.917500000000177729e-05,2.300000000000000266e+00,5.012507397888985209e-08
1.918000000000177809e-05,2.300000000000000266e+00,5.012508067983532663e-08
1.918500000000177889e-05,2.300000000000000266e+00,5.012507854552299238e-08
1.919000000000177969e-05,2.300000000000000266e+00,5.012508550187506589e-08
1.919500000000178049e-05,2.300000000000000266e+00,5.012509673654336037e-08
1.920000000000178129e-05,2.300000000000000266e+00,5.012510319560947783e-08
1.920500000000178209e-05,2.300000000000000266e+00,5.012510643675192712e-08
1.921000000000178289e-05,2.300000000000000266e+00,5.012510670185007194e-08
1.921500000000178369e-05,2.300000000000000266e+00,5.012511301191196344e-08
1.922000000000178449e-05,2.300000000000000266e+00,5.012511558354544960e-08
1.922500000000178528e-05,2.300000000000000266e+00,5.012510809699709969e-08
1.923000000000178608e-05,2.300000000000000266e+00,5.012510643675192712e-08
1.923500000000178688e-05,2.300000000000000266e+00,5.012511150067101684e-08
1.924000000000178768e-05,2.300000000000000266e+00,5.012510632065802151e-08
1.924500000000178848e-05,2.300000000000000266e+00,5.012510286085499626e-08
1.925000000000178928e-05,2.300000000000000266e+00,5.012510166114976335e-08
1.925500000000179008e-05,2.300000000000000266e+00,5.012509988481068517e-08
1.926000000000179088e-05,2.300000000000000266e+00,5.012510350714517828e-08
1.926500000000179168e-05,2.300000000000000266e+00,5.012510312595313446e-08
1.927000000000179248e-05,2.300000000000000266e+00,5.012510437209593624e-08
1.927500000000179328e-05,2.300000000000000266e+00,5.012511152388980458e-08
1.928000000000179408e-05,2.300000000000000266e+00,5.012511500691161095e-08
1.928500000000179487e-05,2.300000000000000266e+00,5.012510869684971945e-08
1.929000000000179567e-05,2.300000000000000266e+00,5.012510492551099376e-08
1.929500000000179647e-05,2.300000000000000266e+00,5.012510823630978643e-08
1.930000000000179727e-05,2.300000000000000266e+00,5.012510576724297060e-08
1.930500000000179807e-05,2.300000000000000266e+00,5.012509295167739278e-08
1.931000000000179887e-05,2.300000000000000266e+00,5.012508176344666055e-08
1.931500000000179967e-05,2.300000000000000266e+00,5.012507528116176196e-08
1.932000000000180047e-05,2.300000000000000266e+00,5.012506935229191427e-08
1.932500000000180127e-05,2.300000000000000266e+00,5.012507153304181077e-08
1.933000000000180207e-05,2.300000000000000266e+00,5.012507295140762626e-08
1.933500000000180287e-05,2.300000000000000266e+00,5.012506366530141705e-08
1.934000000000180366e-05,2.300000000000000266e+00,5.012505454172668232e-08
1.934500000000180446e-05,2.300000000000000266e+00,5.012505763386490565e-08
1.935000000000180526e-05,2.300000000000000266e+00,5.012506382783288491e-08
1.935500000000180606e-05,2.300000000000000266e+00,5.012505835950297025e-08
1.936000000000180686e-05,2.300000000000000266e+00,5.012505190043685279e-08
1.936500000000180766e-05,2.300000000000000266e+00,5.012505285826272863e-08
1.937000000000180846e-05,2.300000000000000266e+00,5.012505341167778615e-08
1.937500000000180926e-05,2.300000000000000266e+00,5.012505432306610637e-08
1.938000000000181006e-05,2.300000000000000266e+00,5.012506749660494689e-08
1.938500000000181086e-05,2.300000000000000266e+00,5.012507775022857778e-08
1.939000000000181166e-05,2.300000000000000266e+00,5.012507736903653397e-08
1.939500000000181246e-05,2.300000000000000266e+00,5.012508101458980820e-08
1.940000000000181325e-05,2.300000000000000266e+00,5.012508392097778254e-08
1.940500000000181405e-05,2.300000000000000266e+00,5.012508300958946233e-08
1.941000000000181485e-05,2.300000000000000266e+00,5.012508603207133567e-08
1.941500000000181565e-05,2.300000000000000266e+00,5.012508596241499892e-08
1.942000000000181645e-05,2.300000000000000266e+00,5.012508509746424095e-08
1.942500000000181725e-05,2.300000000000000266e+00,5.012508689702209363e-08
1.943000000000181805e-05,2.300000000000000266e+00,5.012508776197285160e-08
1.943500000000181885e-05,2.300000000000000266e+00,5.012508896167809113e-08
1.944000000000181965e-05,2.300000000000000266e+00,5.012508773875407048e-08
1.944500000000182045e-05,2.300000000000000266e+00,5.012508747365593228e-08
1.945000000000182125e-05,2.300000000000000266e+00,5.012509136108856359e-08
1.945500000000182205e-05,2.300000000000000266e+00,5.012510388833722209e-08
1.946000000000182284e-05,2.300000000000000266e+00,5.012511327701009502e-08
1.946500000000182364e-05,2.300000000000000266e+00,5.012511109626019852e-08
1.947000000000182444e-05,2.300000000000000266e+00,5.012511087759962257e-08
1.947500000000182524e-05,2.300000000000000266e+00,5.012510994299252123e-08
1.948000000000182604e-05,2.300000000000000266e+00,5.012510008025248000e-08
1.948500000000182684e-05,2.300000000000000266e+00,5.012509395594083748e-08
1.949000000000182764e-05,2.300000000000000266e+00,5.012508889202174776e-08
1.949500000000182844e-05,2.300000000000000266e+00,5.012508567409807959e-08
1.950000000000182924e-05,2.300000000000000266e+00,5.012508809672733317e-08
1.950500000000183004e-05,2.300000000000000266e+00,5.012509013816454955e-08
1.951000000000183084e-05,2.300000000000000266e+00,5.012509342574456109e-08
1.951500000000183164e-05,2.300000000000000266e+00,5.012509306777129839e-08
1.952000000000183243e-05,2.300000000000000266e+00,5.012508560444172961e-08
1.952500000000183323e-05,2.300000000000000266e+00,5.012507883383991170e-08
1.953000000000183403e-05,2.300000000000000266e+00,5.012507890349625507e-08
1.953500000000183483e-05,2.300000000000000266e+00,5.012507616933129443e-08
1.954000000000183563e-05,2.300000000000000266e+00,5.012506844090358745e-08
1.954500000000183643e-05,2.300000000000000266e+00,5.012506255847130863e-08
1.955000000000183723e-05,2.300000000000000266e+00,5.012505991718147248e-08
1.955500000000183803e-05,2.300000000000000266e+00,5.012505934054763384e-08
1.956000000000183883e-05,2.300000000000000266e+00,5.012506233981072606e-08
1.956500000000183963e-05,2.300000000000000266e+00,5.012506618080580173e-08
1.957000000000184043e-05,2.300000000000000266e+00,5.012506673422085925e-08
1.957500000000184123e-05,2.300000000000000266e+00,5.012506524619870040e-08
1.958000000000184202e-05,2.300000000000000266e+00,5.012506646912272106e-08
1.958500000000184282e-05,2.300000000000000266e+00,5.012507213289443054e-08
1.959000000000184362e-05,2.300000000000000266e+00,5.012508043795596955e-08
1.959500000000184442e-05,2.300000000000000266e+00,5.012509051935659336e-08
1.960000000000184522e-05,2.300000000000000266e+00,5.012509937783318989e-08
1.960500000000184602e-05,2.300000000000000266e+00,5.012510497194855601e-08
1.961000000000184682e-05,2.300000000000000266e+00,5.012510881294362507e-08
1.961500000000184762e-05,2.300000000000000266e+00,5.012511176576915504e-08
1.962000000000184842e-05,2.300000000000000266e+00,5.012511323057253277e-08
1.962500000000184922e-05,2.300000000000000266e+00,5.012511171933159941e-08
1.963000000000185002e-05,2.300000000000000266e+00,5.012510485585465039e-08
1.963500000000185082e-05,2.300000000000000266e+00,5.012509477445402658e-08
1.964000000000185161e-05,2.300000000000000266e+00,5.012508771553528935e-08
1.964500000000185241e-05,2.300000000000000266e+00,5.012508298637068120e-08
1.965000000000185321e-05,2.300000000000000266e+00,5.012508394419656366e-08
1.965500000000185401e-05,2.300000000000000266e+00,5.012508809672733317e-08
1.966000000000185481e-05,2.300000000000000266e+00,5.012508893845931001e-08
1.966500000000185561e-05,2.300000000000000266e+00,5.012508505102667870e-08
1.967000000000185641e-05,2.300000000000000266e+00,5.012507732259897172e-08
1.967500000000185721e-05,2.300000000000000266e+00,5.012506784105096768e-08
1.968000000000185801e-05,2.300000000000000266e+00,5.012506107044914977e-08
1.968500000000185881e-05,2.300000000000000266e+00,5.012505874069501407e-08
1.969000000000185961e-05,2.300000000000000266e+00,5.012505665282024206e-08
1.969500000000186041e-05,2.300000000000000266e+00,5.012505758742733678e-08
1.970000000000186120e-05,2.300000000000000266e+00,5.012506085178857382e-08
1.970500000000186200e-05,2.300000000000000266e+00,5.012506380461410379e-08
1.971000000000186280e-05,2.300000000000000266e+00,5.012507126794367258e-08
1.971500000000186360e-05,2.300000000000000266e+00,5.012507623898763780e-08
1.972000000000186440e-05,2.300000000000000266e+00,5.012507650408577600e-08
1.972500000000186520e-05,2.300000000000000266e+00,5.012508161444242796e-08
1.973000000000186600e-05,2.300000000000000266e+00,5.012508840826303361e-08
1.973500000000186680e-05,2.300000000000000266e+00,5.012509522530242039e-08
1.974000000000186760e-05,2.300000000000000266e+00,5.012510532992181870e-08
1.974500000000186840e-05,2.300000000000000266e+00,5.012511147745223572e-08
1.975000000000186920e-05,2.300000000000000266e+00,5.012510303307800997e-08
1.975500000000187000e-05,2.300000000000000266e+00,5.012509542074421522e-08
1.976000000000187079e-05,2.300000000000000266e+00,5.012509038004390662e-08
1.976500000000187159e-05,2.300000000000000266e+00,5.012508625073191824e-08
1.977000000000187239e-05,2.300000000000000266e+00,5.012508929643257270e-08
1.977500000000187319e-05,2.300000000000000266e+00,5.012509131465100134e-08
1.978000000000187399e-05,2.300000000000000266e+00,5.012509251435624087e-08
1.978500000000187479e-05,2.300000000000000266e+00,5.012509848966365080e-08
1.979000000000187559e-05,2.300000000000000266e+00,5.012510288407377739e-08
1.979500000000187639e-05,2.300000000000000266e+00,5.012509955005620360e-08
1.980000000000187719e-05,2.300000000000000266e+00,5.012509153331157729e-08
1.980500000000187799e-05,2.300000000000000266e+00,5.012508265161619964e-08
1.981000000000187879e-05,2.300000000000000266e+00,5.012507436977344175e-08
1.981500000000187959e-05,2.300000000000000266e+00,5.012506697610021633e-08
1.982000000000188038e-05,2.300000000000000266e+00,5.012506287000700907e-08
1.982500000000188118e-05,2.300000000000000266e+00,5.012505900579315889e-08
1.983000000000188198e-05,2.300000000000000266e+00,5.012505696435594251e-08
1.983500000000188278e-05,2.300000000000000266e+00,5.012506447412307354e-08
1.984000000000188358e-05,2.300000000000000266e+00,5.012507542047444870e-08
1.984500000000188438e-05,2.300000000000000266e+00,5.012508247939318593e-08
1.985000000000188518e-05,2.300000000000000266e+00,5.012508121003160964e-08
1.985500000000188598e-05,2.300000000000000266e+00,5.012507496962606151e-08
1.986000000000188678e-05,2.300000000000000266e+00,5.012507146338546740e-08
1.986500000000188758e-05,2.300000000000000266e+00,5.012506428837281794e-08
1.987000000000188838e-05,2.300000000000000266e+00,5.012505751777100003e-08
1.987500000000188918e-05,2.300000000000000266e+00,5.012505758742733678e-08
1.988000000000188997e-05,2.300000000000000266e+00,5.012506265134642650e-08
1.988500000000189077e-05,2.300000000000000266e+00,5.012506346985962884e-08
1.989000000000189157e-05,2.300000000000000266e+00,5.012507309072031300e-08
1.989500000000189237e-05,2.300000000000000266e+00,5.012508639004460498e-08
1.990000000000189317e-05,2.300000000000000266e+00,5.012508922677622933e-08
1.990500000000189397e-05,2.300000000000000266e+00,5.012508745043715116e-08
1.991000000000189477e-05,2.300000000000000266e+00,5.012508687380331251e-08
1.991500000000189557e-05,2.300000000000000266e+00,5.012508747365593228e-08
1.992000000000189637e-05,2.300000000000000266e+00,5.012508416285713961e-08
1.992500000000189717e-05,2.300000000000000266e+00,5.012508183310300392e-08
1.993000000000189797e-05,2.300000000000000266e+00,5.012507974522823191e-08
1.993500000000189877e-05,2.300000000000000266e+00,5.012508127968794640e-08
1.994000000000189956e-05,2.300000000000000266e+00,5.012508603207133567e-08
1.994500000000190036e-05,2.300000000000000266e+00,5.012508416285713961e-08
1.995000000000190116e-05,2.300000000000000266e+00,5.012507943369253147e-08
1.995500000000190196e-05,2.300000000000000266e+00,5.012507679240269532e-08
1.996000000000190276e-05,2.300000000000000266e+00,5.012507381635838423e-08
1.996500000000190356e-05,2.300000000000000266e+00,5.012507506250117939e-08
1.997000000000190436e-05,2.300000000000000266e+00,5.012508761296861902e-08
1.997500000000190516e-05,2.300000000000000266e+00,5.012509848966365080e-08
1.998000000000190596e-05,2.300000000000000266e+00,5.012509808525282587e-08
1.998500000000190676e-05,2.300000000000000266e+00,5.012509604381561611e-08
1.999000000000190756e-05,2.300000000000000266e+00,5.012509875476178900e-08
1.999500000000190836e-05,2.300000000000000266e+00,5.012510019634638561e-08
2.000000000000190915e-05,2.300000000000000266e+00,5.012510259575685806e-08
2.000500000000190995e-05,2.300000000000000266e+00,5.012510254931929582e-08
2.001000000000191075e-05,2.300000000000000266e+00,5.012510077298022426e-08
2.001500000000191155e-05,2.300000000000000266e+00,5.012510079619900538e-08
2.002000000000191235e-05,2.300000000000000266e+00,5.012509268657925458e-08
2.002500000000191315e-05,2.300000000000000266e+00,5.012508325146881940e-08
2.003000000000191395e-05,2.300000000000000266e+00,5.012507885705869282e-08
2.003500000000191475e-05,2.300000000000000266e+00,5.012507739225531509e-08
2.004000000000191555e-05,2.300000000000000266e+00,5.012508070305410775e-08
2.004500000000191635e-05,2.300000000000000266e+00,5.012508663192395544e-08
2.005000000000191715e-05,2.300000000000000266e+00,5.012508924999501046e-08
2.005500000000191795e-05,2.300000000000000266e+00,5.012509073801716270e-08
2.006000000000191874e-05,2.300000000000000266e+00,5.012509491376671332e-08
2.006500000000191954e-05,2.300000000000000266e+00,5.012508944543679867e-08
2.007000000000192034e-05,2.300000000000000266e+00,5.012507878740234283e-08
2.007500000000192114e-05,2.300000000000000266e+00,5.012508012642026911e-08
2.008000000000192194e-05,2.300000000000000266e+00,5.012508783162919497e-08
2.008500000000192274e-05,2.300000000000000266e+00,5.012508982662884910e-08
2.009000000000192354e-05,2.300000000000000266e+00,5.012508234008049919e-08
2.009500000000192434e-05,2.300000000000000266e+00,5.012507408145652242e-08
2.010000000000192514e-05,2.300000000000000266e+00,5.012507237477378762e-08
2.010500000000192594e-05,2.300000000000000266e+00,5.012507146338546740e-08
2.011000000000192674e-05,2.300000000000000266e+00,5.012507268630948806e-08
2.011500000000192753e-05,2.300000000000000266e+00,5.012507715037595801e-08
2.012000000000192833e-05,2.300000000000000266e+00,5.012508247939318593e-08
2.012500000000192913e-05,2.300000000000000266e+00,5.012509080767351268e-08
2.013000000000192993e-05,2.300000000000000266e+00,5.012509577871747129e-08
2.013500000000193073e-05,2.300000000000000266e+00,5.012508944543679867e-08
2.014000000000193153e-05,2.300000000000000266e+00,5.012507938725496260e-08
2.014500000000193233e-05,2.300000000000000266e+00,5.012507981488456866e-08
2.015000000000193313e-05,2.300000000000000266e+00,5.012508274449132413e-08
2.015500000000193393e-05,2.300000000000000266e+00,5.012508452083040231e-08
2.016000000000193473e-05,2.300000000000000266e+00,5.012508389775900142e-08
2.016500000000193553e-05,2.300000000000000266e+00,5.012507912215683102e-08
2.017000000000193633e-05,2.300000000000000266e+00,5.012507710393839577e-08
2.017500000000193712e-05,2.300000000000000266e+00,5.012508370231720659e-08
2.018000000000193792e-05,2.300000000000000266e+00,5.012508627395069274e-08
2.018500000000193872e-05,2.300000000000000266e+00,5.012508298637068120e-08
2.019000000000193952e-05,2.300000000000000266e+00,5.012508634360703611e-08
2.019500000000194032e-05,2.300000000000000266e+00,5.012509404881596198e-08
2.020000000000194112e-05,2.300000000000000266e+00,5.012509784337346879e-08
2.020500000000194192e-05,2.300000000000000266e+00,5.012509602059683498e-08
2.021000000000194272e-05,2.300000000000000266e+00,5.012508646939248757e-08
2.021500000000194352e-05,2.300000000000000266e+00,5.012507283531372064e-08
2.022000000000194432e-05,2.300000000000000266e+00,5.012505922445372822e-08
2.022500000000194512e-05,2.300000000000000266e+00,5.012505130058423302e-08
2.023000000000194592e-05,2.300000000000000266e+00,5.012505017053533686e-08
2.023500000000194671e-05,2.300000000000000266e+00,5.012505765708368677e-08
2.024000000000194751e-05,2.300000000000000266e+00,5.012506831511814260e-08
2.024500000000194831e-05,2.300000000000000266e+00,5.012507717359473914e-08
2.025000000000194911e-05,2.300000000000000266e+00,5.012508636682582386e-08
2.025500000000194991e-05,2.300000000000000266e+00,5.012509313742764176e-08
2.026000000000195071e-05,2.300000000000000266e+00,5.012509246791867863e-08
2.026500000000195151e-05,2.300000000000000266e+00,5.012508591597743005e-08
2.027000000000195231e-05,2.300000000000000266e+00,5.012507732259897172e-08
2.027500000000195311e-05,2.300000000000000266e+00,5.012507263987192582e-08
2.028000000000195391e-05,2.300000000000000266e+00,5.012507657374211937e-08
2.028500000000195471e-05,2.300000000000000266e+00,5.012508307924580570e-08
2.029000000000195551e-05,2.300000000000000266e+00,5.012508929643257270e-08
2.029500000000195630e-05,2.300000000000000266e+00,5.012509251435624087e-08
2.030000000000195710e-05,2.300000000000000266e+00,5.012509728995841127e-08
2.030500000000195790e-05,2.300000000000000266e+00,5.012509930817684652e-08
2.031000000000195870e-05,2.300000000000000266e+00,5.012509091024017640e-08
2.031500000000195950e-05,2.300000000000000266e+00,5.012508207498236099e-08
2.032000000000196030e-05,2.300000000000000266e+00,5.012507856874177350e-08
2.032500000000196110e-05,2.300000000000000266e+00,5.012507739225531509e-08
2.033000000000196190e-05,2.300000000000000266e+00,5.012508130290672752e-08
2.033500000000196270e-05,2.300000000000000266e+00,5.012508811994611429e-08
2.034000000000196350e-05,2.300000000000000266e+00,5.012509282589194132e-08
2.034500000000196430e-05,2.300000000000000266e+00,5.012509517886485814e-08
2.035000000000196510e-05,2.300000000000000266e+00,5.012509635535130993e-08
2.035500000000196589e-05,2.300000000000000266e+00,5.012509484411037657e-08
2.036000000000196669e-05,2.300000000000000266e+00,5.012509277945437907e-08
2.036500000000196749e-05,2.300000000000000266e+00,5.012508860370482844e-08
2.037000000000196829e-05,2.300000000000000266e+00,5.012508327468760053e-08
2.037500000000196909e-05,2.300000000000000266e+00,5.012508814316489542e-08
2.038000000000196989e-05,2.300000000000000266e+00,5.012509491376671332e-08
2.038500000000197069e-05,2.300000000000000266e+00,5.012509184484727774e-08
2.039000000000197149e-05,2.300000000000000266e+00,5.012508293993311896e-08
2.039500000000197229e-05,2.300000000000000266e+00,5.012508096815224595e-08
2.040000000000197309e-05,2.300000000000000266e+00,5.012508394419656366e-08
2.040500000000197389e-05,2.300000000000000266e+00,5.012508569731685410e-08
2.041000000000197469e-05,2.300000000000000266e+00,5.012508598563377342e-08
2.041500000000197548e-05,2.300000000000000266e+00,5.012508598563377342e-08
2.042000000000197628e-05,2.300000000000000266e+00,5.012508478592854051e-08
2.042500000000197708e-05,2.300000000000000266e+00,5.012508420929470186e-08
2.043000000000197788e-05,2.300000000000000266e+00,5.012507701106327127e-08
2.043500000000197868e-05,2.300000000000000266e+00,5.012506935229191427e-08
2.044000000000197948e-05,2.300000000000000266e+00,5.012507033333657124e-08
2.044500000000198028e-05,2.300000000000000266e+00,5.012508077271045774e-08
2.045000000000198108e-05,2.300000000000000266e+00,5.012508689702209363e-08
2.045500000000198188e-05,2.300000000000000266e+00,5.012509136108856359e-08
2.046000000000198268e-05,2.300000000000000266e+00,5.012509609025317174e-08
2.046500000000198348e-05,2.300000000000000266e+00,5.012509753183776835e-08
2.047000000000198428e-05,2.300000000000000266e+00,5.012509153331157729e-08
2.047500000000198507e-05,2.300000000000000266e+00,5.012508565087929847e-08
2.048000000000198587e-05,2.300000000000000266e+00,5.012508600885255455e-08
2.048500000000198667e-05,2.300000000000000266e+00,5.012508087527712146e-08
2.049000000000198747e-05,2.300000000000000266e+00,5.012506479535031321e-08
2.049500000000198827e-05,2.300000000000000266e+00,5.012505845237809475e-08
2.050000000000198907e-05,2.300000000000000266e+00,5.012505965208333428e-08
2.050500000000198987e-05,2.300000000000000266e+00,5.012506082856979269e-08
2.051000000000199067e-05,2.300000000000000266e+00,5.012506291644456470e-08
2.051500000000199147e-05,2.300000000000000266e+00,5.012506438124794243e-08
2.052000000000199227e-05,2.300000000000000266e+00,5.012506346985962884e-08
2.052500000000199307e-05,2.300000000000000266e+00,5.012506889175198125e-08
2.053000000000199387e-05,2.300000000000000266e+00,5.012507897315259844e-08
2.053500000000199466e-05,2.300000000000000266e+00,5.012508663192395544e-08
2.054000000000199546e-05,2.300000000000000266e+00,5.012509764793167396e-08
2.054500000000199626e-05,2.300000000000000266e+00,5.012510677150640869e-08
2.055000000000199706e-05,2.300000000000000266e+00,5.012510427922081175e-08
2.055500000000199786e-05,2.300000000000000266e+00,5.012509837356974519e-08
2.056000000000199866e-05,2.300000000000000266e+00,5.012510084263656101e-08
2.056500000000199946e-05,2.300000000000000266e+00,5.012510406056023580e-08
2.057000000000200026e-05,2.300000000000000266e+00,5.012510163793098222e-08
2.057500000000200106e-05,2.300000000000000266e+00,5.012510319560947783e-08
2.058000000000200186e-05,2.300000000000000266e+00,5.012509803881526362e-08
2.058500000000200266e-05,2.300000000000000266e+00,5.012508706924510734e-08
2.059000000000200346e-05,2.300000000000000266e+00,5.012509051935659336e-08
2.059500000000200425e-05,2.300000000000000266e+00,5.012509277945437907e-08
2.060000000000200505e-05,2.300000000000000266e+00,5.012508560444172961e-08
2.060500000000200585e-05,2.300000000000000266e+00,5.012507763413467216e-08
2.061000000000200665e-05,2.300000000000000266e+00,5.012507172848360560e-08
2.061500000000200745e-05,2.300000000000000266e+00,5.012507119828732921e-08
2.062000000000200825e-05,2.300000000000000266e+00,5.012507237477378762e-08
2.062500000000200905e-05,2.300000000000000266e+00,5.012507806176427823e-08
2.063000000000200985e-05,2.300000000000000266e+00,5.012508365587964434e-08
2.063500000000201065e-05,2.300000000000000266e+00,5.012508629716947387e-08
2.064000000000201145e-05,2.300000000000000266e+00,5.012507847586664239e-08
2.064500000000201225e-05,2.300000000000000266e+00,5.012506784105096768e-08
2.065000000000201305e-05,2.300000000000000266e+00,5.012506107044914977e-08
2.065500000000201384e-05,2.300000000000000266e+00,5.012505874069501407e-08
2.066000000000201464e-05,2.300000000000000266e+00,5.012505965208333428e-08
2.066500000000201544e-05,2.300000000000000266e+00,5.012506202827503223e-08
2.067000000000201624e-05,2.300000000000000266e+00,5.012506889175198125e-08
2.067500000000201704e-05,2.300000000000000266e+00,5.012507957300521821e-08
2.068000000000201784e-05,2.300000000000000266e+00,5.012508392097778254e-08
2.068500000000201864e-05,2.300000000000000266e+00,5.012508121003160964e-08
2.069000000000201944e-05,2.300000000000000266e+00,5.012507916859439327e-08
2.069500000000202024e-05,2.300000000000000266e+00,5.012508187954056616e-08
2.070000000000202104e-05,2.300000000000000266e+00,5.012509171906183290e-08
2.070500000000202184e-05,2.300000000000000266e+00,5.012509275623559795e-08
2.071000000000202264e-05,2.300000000000000266e+00,5.012508291671433783e-08
2.071500000000202343e-05,2.300000000000000266e+00,5.012507588101437511e-08
2.072000000000202423e-05,2.300000000000000266e+00,5.012507683884025757e-08
2.072500000000202503e-05,2.300000000000000266e+00,5.012508698989721813e-08
2.073000000000202583e-05,2.300000000000000266e+00,5.012509671332457263e-08
2.073500000000202663e-05,2.300000000000000266e+00,5.012509810847160699e-08
2.074000000000202743e-05,2.300000000000000266e+00,5.012510233065871987e-08
2.074500000000202823e-05,2.300000000000000266e+00,5.012510943601502596e-08
2.075000000000202903e-05,2.300000000000000266e+00,5.012511114269776077e-08
2.075500000000202983e-05,2.300000000000000266e+00,5.012510785511774923e-08
2.076000000000203063e-05,2.300000000000000266e+00,5.012509681589124296e-08
2.076500000000203143e-05,2.300000000000000266e+00,5.012508680414696914e-08
2.077000000000203223e-05,2.300000000000000266e+00,5.012508720855779408e-08
2.077500000000203302e-05,2.300000000000000266e+00,5.012508505102667870e-08
2.078000000000203382e-05,2.300000000000000266e+00,5.012507852230421125e-08
2.078500000000203462e-05,2.300000000000000266e+00,5.012508161444242796e-08
2.079000000000203542e-05,2.300000000000000266e+00,5.012508420929470186e-08
2.079500000000203622e-05,2.300000000000000266e+00,5.012507821076851081e-08
2.080000000000203702e-05,2.300000000000000266e+00,5.012506632981003432e-08
2.080500000000203782e-05,2.300000000000000266e+00,5.012505600653006005e-08
2.081000000000203862e-05,2.300000000000000266e+00,5.012505852203443812e-08
2.081500000000203942e-05,2.300000000000000266e+00,5.012506831511814260e-08
2.082000000000204022e-05,2.300000000000000266e+00,5.012507057521592832e-08
2.082500000000204102e-05,2.300000000000000266e+00,5.012506579961375792e-08
2.083000000000204181e-05,2.300000000000000266e+00,5.012506138198485021e-08
2.083500000000204261e-05,2.300000000000000266e+00,5.012505902901193339e-08
2.084000000000204341e-05,2.300000000000000266e+00,5.012505665282024206e-08
2.084500000000204421e-05,2.300000000000000266e+00,5.012505938698519608e-08
2.085000000000204501e-05,2.300000000000000266e+00,5.012506531585504377e-08
2.085500000000204581e-05,2.300000000000000266e+00,5.012506733407347902e-08
2.086000000000204661e-05,2.300000000000000266e+00,5.012507633186276229e-08
2.086500000000204741e-05,2.300000000000000266e+00,5.012508725499535633e-08
2.087000000000204821e-05,2.300000000000000266e+00,5.012509222603932155e-08
2.087500000000204901e-05,2.300000000000000266e+00,5.012509788981103104e-08
2.088000000000204981e-05,2.300000000000000266e+00,5.012510619487257667e-08
2.088500000000205061e-05,2.300000000000000266e+00,5.012510907804176327e-08
2.089000000000205140e-05,2.300000000000000266e+00,5.012510127995771291e-08
2.089500000000205220e-05,2.300000000000000266e+00,5.012509873154300788e-08
2.090000000000205300e-05,2.300000000000000266e+00,5.012510170758731897e-08
2.090500000000205380e-05,2.300000000000000266e+00,5.012510526026547533e-08
2.091000000000205460e-05,2.300000000000000266e+00,5.012510881294362507e-08
2.091500000000205540e-05,2.300000000000000266e+00,5.012510816665344306e-08
2.092000000000205620e-05,2.300000000000000266e+00,5.012510370258697310e-08
2.092500000000205700e-05,2.300000000000000266e+00,5.012510077298022426e-08
2.093000000000205780e-05,2.300000000000000266e+00,5.012509599737805386e-08
2.093500000000205860e-05,2.300000000000000266e+00,5.012509577871747129e-08
2.094000000000205940e-05,2.300000000000000266e+00,5.012509664366822926e-08
2.094500000000206020e-05,2.300000000000000266e+00,5.012509064514203820e-08
2.095000000000206099e-05,2.300000000000000266e+00,5.012508716212023183e-08
2.095500000000206179e-05,2.300000000000000266e+00,5.012509047291902450e-08
2.096000000000206259e-05,2.300000000000000266e+00,5.012509520208363265e-08
2.096500000000206339e-05,2.300000000000000266e+00,5.012509244469989750e-08
2.097000000000206419e-05,2.300000000000000266e+00,5.012508622751313711e-08
2.097500000000206499e-05,2.300000000000000266e+00,5.012508420929470186e-08
2.098000000000206579e-05,2.300000000000000266e+00,5.012508900811565338e-08
2.098500000000206659e-05,2.300000000000000266e+00,5.012509311420886064e-08
2.099000000000206739e-05,2.300000000000000266e+00,5.012509397915961861e-08
2.099500000000206819e-05,2.300000000000000266e+00,5.012509277945437907e-08
2.100000000000206899e-05,2.300000000000000266e+00,5.012509160296792066e-08
2.100500000000206979e-05,2.300000000000000266e+00,5.012508651583004982e-08
2.101000000000207058e-05,2.300000000000000266e+00,5.012508180988422279e-08
2.101500000000207138e-05,2.300000000000000266e+00,5.012508845470059586e-08
2.102000000000207218e-05,2.300000000000000266e+00,5.012509280267316020e-08
2.102500000000207298e-05,2.300000000000000266e+00,5.012509609025317174e-08
2.103000000000207378e-05,2.300000000000000266e+00,5.012509813169038811e-08
2.103500000000207458e-05,2.300000000000000266e+00,5.012509182162849661e-08
2.104000000000207538e-05,2.300000000000000266e+00,5.012508445117405894e-08
2.104500000000207618e-05,2.300000000000000266e+00,5.012508783162919497e-08
2.105000000000207698e-05,2.300000000000000266e+00,5.012509222603932155e-08
2.105500000000207778e-05,2.300000000000000266e+00,5.012508949187436753e-08
2.106000000000207858e-05,2.300000000000000266e+00,5.012508476270975938e-08
2.106500000000207938e-05,2.300000000000000266e+00,5.012507972200945079e-08
2.107000000000208017e-05,2.300000000000000266e+00,5.012507259343436357e-08
2.107500000000208097e-05,2.300000000000000266e+00,5.012505980108756686e-08
2.108000000000208177e-05,2.300000000000000266e+00,5.012504410235280244e-08
2.108500000000208257e-05,2.300000000000000266e+00,5.012504311161659301e-08
2.109000000000208337e-05,2.300000000000000266e+00,5.012506132585574213e-08
2.109500000000208417e-05,2.300000000000000266e+00,5.012508290702279199e-08
2.110000000000208497e-05,2.300000000000000266e+00,5.012509433713288130e-08
2.110500000000208577e-05,2.300000000000000266e+00,5.012509724352084902e-08
2.111000000000208657e-05,2.300000000000000266e+00,5.012509393272205636e-08
2.111500000000208737e-05,2.300000000000000266e+00,5.012508920355744821e-08
2.112000000000208817e-05,2.300000000000000266e+00,5.012508776197285160e-08
2.112500000000208897e-05,2.300000000000000266e+00,5.012508536256237915e-08
2.113000000000208976e-05,2.300000000000000266e+00,5.012508001032637011e-08
2.113500000000209056e-05,2.300000000000000266e+00,5.012507859196055462e-08
2.114000000000209136e-05,2.300000000000000266e+00,5.012508427895104523e-08
2.114500000000209216e-05,2.300000000000000266e+00,5.012509407203474310e-08
2.115000000000209296e-05,2.300000000000000266e+00,5.012510233065871987e-08
2.115500000000209376e-05,2.300000000000000266e+00,5.012509923852050315e-08
2.116000000000209456e-05,2.300000000000000266e+00,5.012508824573156575e-08
2.116500000000209536e-05,2.300000000000000266e+00,5.012508300958946233e-08
2.117000000000209616e-05,2.300000000000000266e+00,5.012508243295562368e-08
2.117500000000209696e-05,2.300000000000000266e+00,5.012508723177657520e-08
2.118000000000209776e-05,2.300000000000000266e+00,5.012509013816454955e-08
2.118500000000209856e-05,2.300000000000000266e+00,5.012508202854479874e-08
2.119000000000209935e-05,2.300000000000000266e+00,5.012507259343436357e-08
2.119500000000210015e-05,2.300000000000000266e+00,5.012507539725566096e-08
2.120000000000210095e-05,2.300000000000000266e+00,5.012508579019198521e-08
2.120500000000210175e-05,2.300000000000000266e+00,5.012508893845931001e-08
2.121000000000210255e-05,2.300000000000000266e+00,5.012508805028977092e-08
2.121500000000210335e-05,2.300000000000000266e+00,5.012509256079380312e-08
2.122000000000210415e-05,2.300000000000000266e+00,5.012509426747653793e-08
2.122500000000210495e-05,2.300000000000000266e+00,5.012508978019128685e-08
2.123000000000210575e-05,2.300000000000000266e+00,5.012508656226761207e-08
2.123500000000210655e-05,2.300000000000000266e+00,5.012508598563377342e-08
2.124000000000210735e-05,2.300000000000000266e+00,5.012508478592854051e-08
2.124500000000210815e-05,2.300000000000000266e+00,5.012508780841041385e-08
2.125000000000210894e-05,2.300000000000000266e+00,5.012509853610121305e-08
2.125500000000210974e-05,2.300000000000000266e+00,5.012511185864428615e-08
2.126000000000211054e-05,2.300000000000000266e+00,5.012511078472449808e-08
2.126500000000211134e-05,2.300000000000000266e+00,5.012509859223032114e-08
2.127000000000211214e-05,2.300000000000000266e+00,5.012508498137032872e-08
2.127500000000211294e-05,2.300000000000000266e+00,5.012507765735345329e-08
2.128000000000211374e-05,2.300000000000000266e+00,5.012507441621100399e-08
2.128500000000211454e-05,2.300000000000000266e+00,5.012507115184976696e-08
2.129000000000211534e-05,2.300000000000000266e+00,5.012506999858208967e-08
2.129500000000211614e-05,2.300000000000000266e+00,5.012506819902423699e-08
2.130000000000211694e-05,2.300000000000000266e+00,5.012506613436823949e-08
2.130500000000211774e-05,2.300000000000000266e+00,5.012507275596583143e-08
2.131000000000211853e-05,2.300000000000000266e+00,5.012508161444242796e-08
2.131500000000211933e-05,2.300000000000000266e+00,5.012508600885255455e-08
2.132000000000212013e-05,2.300000000000000266e+00,5.012509407203474310e-08
2.132500000000212093e-05,2.300000000000000266e+00,5.012510173080610010e-08
2.133000000000212173e-05,2.300000000000000266e+00,5.012510674828762757e-08
2.133500000000212253e-05,2.300000000000000266e+00,5.012510938957746371e-08
2.134000000000212333e-05,2.300000000000000266e+00,5.012510396768511130e-08
2.134500000000212413e-05,2.300000000000000266e+00,5.012509088702139528e-08
2.135000000000212493e-05,2.300000000000000266e+00,5.012507398858139793e-08
2.135500000000212573e-05,2.300000000000000266e+00,5.012505922445372822e-08
2.136000000000212653e-05,2.300000000000000266e+00,5.012505729911041746e-08
2.136500000000212733e-05,2.300000000000000266e+00,5.012506565060952534e-08
2.137000000000212812e-05,2.300000000000000266e+00,5.012506911041255058e-08
2.137500000000212892e-05,2.300000000000000266e+00,5.012507031011779012e-08
2.138000000000212972e-05,2.300000000000000266e+00,5.012507388601472098e-08
2.138500000000213052e-05,2.300000000000000266e+00,5.012508192597812841e-08
2.139000000000213132e-05,2.300000000000000266e+00,5.012508869657995294e-08
2.139500000000213212e-05,2.300000000000000266e+00,5.012508802707098980e-08
2.140000000000213292e-05,2.300000000000000266e+00,5.012509227247688380e-08
2.140500000000213372e-05,2.300000000000000266e+00,5.012510566467630027e-08
2.141000000000213452e-05,2.300000000000000266e+00,5.012511745275965227e-08
2.141500000000213532e-05,2.300000000000000266e+00,5.012512122409837796e-08
2.142000000000213612e-05,2.300000000000000266e+00,5.012512031271005775e-08
2.142500000000213692e-05,2.300000000000000266e+00,5.012511073828693583e-08
2.143000000000213771e-05,2.300000000000000266e+00,5.012509741574386273e-08
2.143500000000213851e-05,2.300000000000000266e+00,5.012508829216912800e-08
2.144000000000213931e-05,2.300000000000000266e+00,5.012507818754972307e-08
2.144500000000214011e-05,2.300000000000000266e+00,5.012507144016668628e-08
2.145000000000214091e-05,2.300000000000000266e+00,5.012506999858208967e-08
2.145500000000214171e-05,2.300000000000000266e+00,5.012507119828732921e-08
2.146000000000214251e-05,2.300000000000000266e+00,5.012506637624759656e-08
2.146500000000214331e-05,2.300000000000000266e+00,5.012506678065842150e-08
2.147000000000214411e-05,2.300000000000000266e+00,5.012508081914801337e-08
2.147500000000214491e-05,2.300000000000000266e+00,5.012509347218212333e-08
2.148000000000214571e-05,2.300000000000000266e+00,5.012509784337346879e-08
2.148500000000214651e-05,2.300000000000000266e+00,5.012509182162849661e-08
2.149000000000214730e-05,2.300000000000000266e+00,5.012508625073191824e-08
2.149500000000214810e-05,2.300000000000000266e+00,5.012508389775900142e-08
2.150000000000214890e-05,2.300000000000000266e+00,5.012508572053563522e-08
2.150500000000214970e-05,2.300000000000000266e+00,5.012509647144522217e-08
2.151000000000215050e-05,2.300000000000000266e+00,5.012510468363163669e-08
2.151500000000215130e-05,2.300000000000000266e+00,5.012509621603862319e-08
2.152000000000215210e-05,2.300000000000000266e+00,5.012508891524052889e-08
2.152500000000215290e-05,2.300000000000000266e+00,5.012509376049904265e-08
2.153000000000215370e-05,2.300000000000000266e+00,5.012509664366822926e-08
2.153500000000215450e-05,2.300000000000000266e+00,5.012509364440513704e-08
2.154000000000215530e-05,2.300000000000000266e+00,5.012509160296792066e-08
2.154500000000215610e-05,2.300000000000000266e+00,5.012509551361933309e-08
2.155000000000215689e-05,2.300000000000000266e+00,5.012509573227991566e-08
2.155500000000215769e-05,2.300000000000000266e+00,5.012509306777129839e-08
2.156000000000215849e-05,2.300000000000000266e+00,5.012508680414696914e-08
2.156500000000215929e-05,2.300000000000000266e+00,5.012507881062113057e-08
2.157000000000216009e-05,2.300000000000000266e+00,5.012507501606361714e-08
2.157500000000216089e-05,2.300000000000000266e+00,5.012506664134573476e-08
2.158000000000216169e-05,2.300000000000000266e+00,5.012505809440483867e-08
2.158500000000216249e-05,2.300000000000000266e+00,5.012505818727995655e-08
2.159000000000216329e-05,2.300000000000000266e+00,5.012506473922120512e-08
2.159500000000216409e-05,2.300000000000000266e+00,5.012507393245228984e-08
2.160000000000216489e-05,2.300000000000000266e+00,5.012508250261196705e-08
2.160500000000216568e-05,2.300000000000000266e+00,5.012509289554828469e-08
2.161000000000216648e-05,2.300000000000000266e+00,5.012509724352084902e-08
2.161500000000216728e-05,2.300000000000000266e+00,5.012509873154300788e-08
2.162000000000216808e-05,2.300000000000000266e+00,5.012510050788208606e-08
2.162500000000216888e-05,2.300000000000000266e+00,5.012509628569497318e-08
2.163000000000216968e-05,2.300000000000000266e+00,5.012509457901223837e-08
2.163500000000217048e-05,2.300000000000000266e+00,5.012509786659224991e-08
2.164000000000217128e-05,2.300000000000000266e+00,5.012509990802946629e-08
2.164500000000217208e-05,2.300000000000000266e+00,5.012510499516733713e-08
2.165000000000217288e-05,2.300000000000000266e+00,5.012511030096578393e-08
2.165500000000217368e-05,2.300000000000000266e+00,5.012511114269776077e-08
2.166000000000217448e-05,2.300000000000000266e+00,5.012510725526512946e-08
2.166500000000217527e-05,2.300000000000000266e+00,5.012510732492146621e-08
2.167000000000217607e-05,2.300000000000000266e+00,5.012510639031437150e-08
2.167500000000217687e-05,2.300000000000000266e+00,5.012509232860599189e-08
2.168000000000217767e-05,2.300000000000000266e+00,5.012508298637068120e-08
2.168500000000217847e-05,2.300000000000000266e+00,5.012508934287013495e-08
2.169000000000217927e-05,2.300000000000000266e+00,5.012509429069531905e-08
2.169500000000218007e-05,2.300000000000000266e+00,5.012509426747653793e-08
2.170000000000218087e-05,2.300000000000000266e+00,5.012508798063342755e-08
2.170500000000218167e-05,2.300000000000000266e+00,5.012507849908543013e-08
2.171000000000218247e-05,2.300000000000000266e+00,5.012507292818884514e-08
2.171500000000218327e-05,2.300000000000000266e+00,5.012507117506854808e-08
2.172000000000218407e-05,2.300000000000000266e+00,5.012507508571996051e-08
2.172500000000218486e-05,2.300000000000000266e+00,5.012507470452792332e-08
2.173000000000218566e-05,2.300000000000000266e+00,5.012506875243929451e-08
2.173500000000218646e-05,2.300000000000000266e+00,5.012506824546179262e-08
2.174000000000218726e-05,2.300000000000000266e+00,5.012506551129683860e-08
2.174500000000218806e-05,2.300000000000000266e+00,5.012506558095318197e-08
2.175000000000218886e-05,2.300000000000000266e+00,5.012506764560917947e-08
2.175500000000218966e-05,2.300000000000000266e+00,5.012506642268515881e-08
2.176000000000219046e-05,2.300000000000000266e+00,5.012506315832392839e-08
2.176500000000219126e-05,2.300000000000000266e+00,5.012506200505625110e-08
2.177000000000219206e-05,2.300000000000000266e+00,5.012506500431934332e-08
2.177500000000219286e-05,2.300000000000000266e+00,5.012507064487227169e-08
2.178000000000219366e-05,2.300000000000000266e+00,5.012507386279593986e-08
2.178500000000219445e-05,2.300000000000000266e+00,5.012507743869287734e-08
2.179000000000219525e-05,2.300000000000000266e+00,5.012507828042485418e-08
2.179500000000219605e-05,2.300000000000000266e+00,5.012507979166578754e-08
2.180000000000219685e-05,2.300000000000000266e+00,5.012508425573225749e-08
2.180500000000219765e-05,2.300000000000000266e+00,5.012508238651806144e-08
2.181000000000219845e-05,2.300000000000000266e+00,5.012508365587964434e-08
2.181500000000219925e-05,2.300000000000000266e+00,5.012509589481138352e-08
2.182000000000220005e-05,2.300000000000000266e+00,5.012510948245258821e-08
2.182500000000220085e-05,2.300000000000000266e+00,5.012511471859469163e-08
2.183000000000220165e-05,2.300000000000000266e+00,5.012511289581805782e-08
2.183500000000220245e-05,2.300000000000000266e+00,5.012511474181347275e-08
2.184000000000220325e-05,2.300000000000000266e+00,5.012510718560877947e-08
2.184500000000220404e-05,2.300000000000000266e+00,5.012509626247618544e-08
2.185000000000220484e-05,2.300000000000000266e+00,5.012509009172698730e-08
2.185500000000220564e-05,2.300000000000000266e+00,5.012508685058453139e-08
2.186000000000220644e-05,2.300000000000000266e+00,5.012509378371782378e-08
2.186500000000220724e-05,2.300000000000000266e+00,5.012509333286943659e-08
2.187000000000220804e-05,2.300000000000000266e+00,5.012507991745123900e-08
2.187500000000220884e-05,2.300000000000000266e+00,5.012507024046144675e-08
2.188000000000220964e-05,2.300000000000000266e+00,5.012506762239039834e-08
2.188500000000221044e-05,2.300000000000000266e+00,5.012507033333657124e-08
2.189000000000221124e-05,2.300000000000000266e+00,5.012507537403687984e-08
2.189500000000221204e-05,2.300000000000000266e+00,5.012507830364363530e-08
2.190000000000221284e-05,2.300000000000000266e+00,5.012507828042485418e-08
2.190500000000221363e-05,2.300000000000000266e+00,5.012508579019198521e-08
2.191000000000221443e-05,2.300000000000000266e+00,5.012509493698550107e-08
2.191500000000221523e-05,2.300000000000000266e+00,5.012509573227991566e-08
2.192000000000221603e-05,2.300000000000000266e+00,5.012508526968724804e-08
2.192500000000221683e-05,2.300000000000000266e+00,5.012507645764821375e-08
2.193000000000221763e-05,2.300000000000000266e+00,5.012507503928239827e-08
2.193500000000221843e-05,2.300000000000000266e+00,5.012508312568336794e-08
2.194000000000221923e-05,2.300000000000000266e+00,5.012509107277164426e-08
2.194500000000222003e-05,2.300000000000000266e+00,5.012509189128483998e-08
2.195000000000222083e-05,2.300000000000000266e+00,5.012509311420886064e-08
2.195500000000222163e-05,2.300000000000000266e+00,5.012509457901223837e-08
2.196000000000222243e-05,2.300000000000000266e+00,5.012509246791867863e-08
2.196500000000222322e-05,2.300000000000000266e+00,5.012509431391410018e-08
2.197000000000222402e-05,2.300000000000000266e+00,5.012509455579345725e-08
2.197500000000222482e-05,2.300000000000000266e+00,5.012508258195985627e-08
2.198000000000222562e-05,2.300000000000000266e+00,5.012506990570696518e-08
2.198500000000222642e-05,2.300000000000000266e+00,5.012506344664084771e-08
2.199000000000222722e-05,2.300000000000000266e+00,5.012506500431934332e-08
2.199500000000222802e-05,2.300000000000000266e+00,5.012511943576133616e-08
2.200000000000222882e-05,2.300000000089176044e+00,5.012563623884879703e-08
2.200500000000222962e-05,2.500000000089208196e+00,3.111038648473767737e-03
2.201000000000223042e-05,2.700000000000000178e+00,-1.599734866483008399e-03
2.201500000000223122e-05,2.700000000000000178e+00,-3.582691543280960150e-02
2.202000000000223202e-05,2.700000000000000178e+00,-7.190904678312685927e-02
2.202500000000223281e-05,2.700000000000000178e+00,-1.025475013826977894e-01
2.203000000000223361e-05,2.700000000000000178e+00,-1.263330259173144898e-01
2.203500000000223441e-05,2.700000000000000178e+00,-1.437189295186857008e-01
2.204000000000223521e-05,2.700000000000000178e+00,-1.556492076893181975e-01
2.204500000000223601e-05,2.700000000000000178e+00,-1.631489111167232497e-01
2.205000000000223681e-05,2.700000000000000178e+00,-1.671453433884946826e-01
2.205500000000223761e-05,2.700000000000000178e+00,-1.684013424430145234e-01
2.206000000000223841e-05,2.700000000000000178e+00,-1.674641413658784217e-01
2.206500000000223921e-05,2.700000000000000178e+00,-1.643948083482061895e-01
2.207000000000224001e-05,2.700000000000000178e+00,-1.579644720545682335e-01
2.207500000000224081e-05,2.700000000000000178e+00,-1.438984629830908080e-01
2.208000000000224161e-05,2.700000000000000178e+00,-1.123950245111658003e-01
2.208500000000224240e-05,2.700000000000000178e+00,-4.910736352524158049e-02
2.209000000000224320e-05,2.700000000000000178e+00,5.529125708518370375e-02
2.209500000000224400e-05,2.700000000000000178e+00,1.952091467179272455e-01
2.210000000000224480e-05,2.700000000000000178e+00,3.553526319249001308e-01
2.210500000000224560e-05,2.700000000000000178e+00,5.234519553245815526e-01
2.211000000000224640e-05,2.700000000000000178e+00,6.939129787144932004e-01
2.211500000000224720e-05,2.700000000000000178e+00,8.647836915834702376e-01
2.212000000000224800e-05,2.700000000000000178e+00,1.035194294279262683e+00
2.212500000000224880e-05,2.700000000000000178e+00,1.204575376603324255e+00
2.213000000000224960e-05,2.700000000000000178e+00,1.372569396215752136e+00
2.213500000000225040e-05,2.700000000000000178e+00,1.538896708195006235e+00
2.214000000000225120e-05,2.700000000000000178e+00,1.703331403105035058e+00
2.214500000000225199e-05,2.700000000000000178e+00,1.865693904797458780e+00
2.215000000000225279e-05,2.700000000000000178e+00,2.025833197738996283e+00
2.215500000000225359e-05,2.700000000000000178e+00,2.183612571119626367e+00
2.216000000000225439e-05,2.700000000000000178e+00,2.338913182538580049e+00
2.216500000000225519e-05,2.700000000000000178e+00,2.491625797351246341e+00
2.217000000000225599e-05,2.700000000000000178e+00,2.641648489398922717e+00
2.217500000000225679e-05,2.700000000000000178e+00,2.788883996581883906e+00
2.218000000000225759e-05,2.700000000000000178e+00,2.933237826358515044e+00
2.218500000000225839e-05,2.700000000000000178e+00,3.074616583901712108e+00
2.219000000000225919e-05,2.700000000000000178e+00,3.212926531256343754e+00
2.219500000000225999e-05,2.700000000000000178e+00,3.348072248121610084e+00
2.220000000000226079e-05,2.700000000000000178e+00,3.479955347092752227e+00
2.220500000000226158e-05,2.700000000000000178e+00,3.608473169341108289e+00
2.221000000000226238e-05,2.700000000000000178e+00,3.733517411318341583e+00
2.221500000000226318e-05,2.700000000000000178e+00,3.854972611679492900e+00
2.222000000000226398e-05,2.700000000000000178e+00,3.972714430717717349e+00
2.222500000000226478e-05,2.700000000000000178e+00,4.086607624737887967e+00
2.223000000000226558e-05,2.700000000000000178e+00,4.196503596824472382e+00
2.223500000000226638e-05,2.700000000000000178e+00,4.302237350283136585e+00
2.224000000000226718e-05,2.700000000000000178e+00,4.403623591892598554e+00
2.224500000000226798e-05,2.700000000000000178e+00,4.500451260023904609e+00
2.225000000000226878e-05,2.700000000000000178e+00,4.592465948381249774e+00
2.225500000000226958e-05,2.700000000000000178e+00,4.679129918309752334e+00
2.226000000000227038e-05,2.700000000000000178e+00,4.757117996495033196e+00
2.226500000000227117e-05,2.700000000000000178e+00,4.815339822607458409e+00
2.227000000000227197e-05,2.700000000000000178e+00,4.846592465250815884e+00
2.227500000000227277e-05,2.700000000000000178e+00,4.863411513688932430e+00
2.228000000000227357e-05,2.700000000000000178e+00,4.874219867949898699e+00
2.228500000000227437e-05,2.700000000000000178e+00,4.882046279038449121e+00
2.229000000000227517e-05,2.700000000000000178e+00,4.888170083282734169e+00
2.229500000000227597e-05,2.700000000000000178e+00,4.893152841618352511e+00
2.230000000000227677e-05,2.700000000000000178e+00,4.897301686967040268e+00
2.230500000000227757e-05,2.700000000000000178e+00,4.900854668858084295e+00
2.231000000000227837e-05,2.700000000000000178e+00,4.903957018694146797e+00
2.231500000000227917e-05,2.700000000000000178e+00,4.906707674348330883e+00
2.232000000000227997e-05,2.700000000000000178e+00,4.909175398384787670e+00
2.232500000000228076e-05,2.700000000000000178e+00,4.911410612369701667e+00
2.233000000000228156e-05,2.700000000000000178e+00,4.913451286734638934e+00
2.233500000000228236e-05,2.700000000000000178e+00,4.915326838046628843e+00
2.234000000000228316e-05,2.700000000000000178e+00,4.917060496116640422e+00
2.234500000000228396e-05,2.700000000000000178e+00,4.918670942363990939e+00
2.235000000000228476e-05,2.700000000000000178e+00,4.920173418380743513e+00
2.235500000000228556e-05,2.700000000000000178e+00,4.921580523656096773e+00
2.236000000000228636e-05,2.700000000000000178e+00,4.922902790819036589e+00
2.236500000000228716e-05,2.700000000000000178e+00,4.924149113944167766e+00
2.237000000000228796e-05,2.700000000000000178e+00,4.925327070697626652e+00
2.237500000000228876e-05,2.700000000000000178e+00,4.926443169374968178e+00
2.238000000000228955e-05,2.700000000000000178e+00,4.927503040502351439e+00
2.238500000000229035e-05,2.700000000000000178e+00,4.928511587468694444e+00
2.239000000000229115e-05,2.700000000000000178e+00,4.929473106191124110e+00
2.239500000000229195e-05,2.700000000000000178e+00,4.930391381178180765e+00
2.240000000000229275e-05,2.700000000000000178e+00,4.931269763350487167e+00
2.240500000000229355e-05,2.700000000000000178e+00,4.932111233624889124e+00
2.241000000000229435e-05,2.700000000000000178e+00,4.932918455273573421e+00
2.241500000000229515e-05,2.700000000000000178e+00,4.933693817351910482e+00
2.242000000000229595e-05,2.700000000000000178e+00,4.934439470962257879e+00
2.242500000000229675e-05,2.700000000000000178e+00,4.935157359725716120e+00
2.243000000000229755e-05,2.700000000000000178e+00,4.935849245534956076e+00
2.243500000000229835e-05,2.700000000000000178e+00,4.936516730438803791e+00
2.244000000000229914e-05,2.700000000000000178e+00,4.937161275333844301e+00
2.244500000000229994e-05,2.700000000000000178e+00,4.937784216007207405e+00
2.245000000000230074e-05,2.700000000000000178e+00,4.938386776966922298e+00
2.245500000000230154e-05,2.700000000000000178e+00,4.938970083415241241e+00
2.246000000000230234e-05,2.700000000000000178e+00,4.939535171657117196e+00
2.246500000000230314e-05,2.700000000000000178e+00,4.940082998182345086e+00
2.247000000000230394e-05,2.700000000000000178e+00,4.940614447619112504e+00
2.247500000000230474e-05,2.700000000000000178e+00,4.941130339721735432e+00
2.248000000000230554e-05,2.700000000000000178e+00,4.941631435532372940e+00
2.248500000000230634e-05,2.700000000000000178e+00,4.942118442827963420e+00
2.249000000000230714e-05,2.700000000000000178e+00,4.942592020951787291e+00
2.249500000000230794e-05,2.700000000000000178e+00,4.943052785111108349e+00
2.250000000000230873e-05,2.700000000000000178e+00,4.943501310207579991e+00
2.250500000000230953e-05,2.700000000000000178e+00,4.943938134263450301e+00
2.251000000000231033e-05,2.700000000000000178e+00,4.944363761491612053e+00
2.251500000000231113e-05,2.700000000000000178e+00,4.944778665052597333e+00
2.252000000000231193e-05,2.700000000000000178e+00,4.945183289537738780e+00
2.252500000000231273e-05,2.700000000000000178e+00,4.945578053209410463e+00
2.253000000000231353e-05,2.700000000000000178e+00,4.945963350025233574e+00
2.253500000000231433e-05,2.700000000000000178e+00,4.946339551473255547e+00
2.254000000000231513e-05,2.700000000000000178e+00,4.946707008237499537e+00
2.254500000000231593e-05,2.700000000000000178e+00,4.947066051710966583e+00
2.255000000000231673e-05,2.700000000000000178e+00,4.947416995374871007e+00
2.255500000000231753e-05,2.700000000000000178e+00,4.947760136057236302e+00
2.256000000000231832e-05,2.700000000000000178e+00,4.948095755083016023e+00
2.256500000000231912e-05,2.700000000000000178e+00,4.948424119326237047e+00
2.257000000000231992e-05,2.700000000000000178e+00,4.948745482175229249e+00
2.257500000000232072e-05,2.700000000000000178e+00,4.949060084418905880e+00
2.258000000000232152e-05,2.700000000000000178e+00,4.949368155060628105e+00
2.258500000000232232e-05,2.700000000000000178e+00,4.949669912069220246e+00
2.259000000000232312e-05,2.700000000000000178e+00,4.949965563069638641e+00
2.259500000000232392e-05,2.700000000000000178e+00,4.950255305981415610e+00
2.260000000000232472e-05,2.700000000000000178e+00,4.950539329608996120e+00
2.260500000000232552e-05,2.700000000000000178e+00,4.950817814187162824e+00
2.261000000000232632e-05,2.700000000000000178e+00,4.951090931887282665e+00
2.261500000000232712e-05,2.700000000000000178e+00,4.951358847285693976e+00
2.262000000000232791e-05,2.700000000000000178e+00,4.951621717800215094e+00
2.262500000000232871e-05,2.700000000000000178e+00,4.951879694094541762e+00
2.263000000000232951e-05,2.700000000000000178e+00,4.952132920454935139e+00
2.263500000000233031e-05,2.700000000000000178e+00,4.952381535142015956e+00
2.264000000000233111e-05,2.700000000000000178e+00,4.952625670717093698e+00
2.264500000000233191e-05,2.700000000000000178e+00,4.952865454347419316e+00
2.265000000000233271e-05,2.700000000000000178e+00,4.953101008092644086e+00
2.265500000000233351e-05,2.700000000000000178e+00,4.953332449170646079e+00
2.266000000000233431e-05,2.700000000000000178e+00,4.953559890207115401e+00
2.266500000000233511e-05,2.700000000000000178e+00,4.953783439470035077e+00
2.267000000000233591e-05,2.700000000000000178e+00,4.954003201088039710e+00
2.267500000000233671e-05,2.700000000000000178e+00,4.954219275256972921e+00
2.268000000000233750e-05,2.700000000000000178e+00,4.954431758432139787e+00
2.268500000000233830e-05,2.700000000000000178e+00,4.954640743509953538e+00
2.269000000000233910e-05,2.700000000000000178e+00,4.954846319998661208e+00
2.269500000000233990e-05,2.700000000000000178e+00,4.955048574178984033e+00
2.270000000000234070e-05,2.700000000000000178e+00,4.955247589255197482e+00
2.270500000000234150e-05,2.700000000000000178e+00,4.955443445497180299e+00
2.271000000000234230e-05,2.700000000000000178e+00,4.955636220375469136e+00
2.271500000000234310e-05,2.700000000000000178e+00,4.955825988687777794e+00
2.272000000000234390e-05,2.700000000000000178e+00,4.956012822678645513e+00
2.272500000000234470e-05,2.700000000000000178e+00,4.956196792152671726e+00
2.273000000000234550e-05,2.700000000000000178e+00,4.956377964581377249e+00
2.273500000000234630e-05,2.700000000000000178e+00,4.956556405204773696e+00
2.274000000000234709e-05,2.700000000000000178e+00,4.956732177126748518e+00
2.274500000000234789e-05,2.700000000000000178e+00,4.956905341405609455e+00
2.275000000000234869e-05,2.700000000000000178e+00,4.957075957141142020e+00
2.275500000000234949e-05,2.700000000000000178e+00,4.957244081555139736e+00
2.276000000000235029e-05,2.700000000000000178e+00,4.957409770068923471e+00
2.276500000000235109e-05,2.700000000000000178e+00,4.957573076377371102e+00
2.277000000000235189e-05,2.700000000000000178e+00,4.957734052518167900e+00
2.277500000000235269e-05,2.700000000000000178e+00,4.957892748938323990e+00
2.278000000000235349e-05,2.700000000000000178e+00,4.958049214557137319e+00
2.278500000000235429e-05,2.700000000000000178e+00,4.958203496826164347e+00
2.279000000000235509e-05,2.700000000000000178e+00,4.958355641786410750e+00
2.279500000000235589e-05,2.700000000000000178e+00,4.958505694122574248e+00
2.280000000000235668e-05,2.700000000000000178e+00,4.958653697214999490e+00
2.280500000000235748e-05,2.700000000000000178e+00,4.958799693188747248e+00
2.281000000000235828e-05,2.700000000000000178e+00,4.958943722960488465e+00
2.281500000000235908e-05,2.700000000000000178e+00,4.959085826284001186e+00
2.282000000000235988e-05,2.700000000000000178e+00,4.959226041792859085e+00
2.282500000000236068e-05,2.700000000000000178e+00,4.959364407040654399e+00
2.283000000000236148e-05,2.700000000000000178e+00,4.959500958540624005e+00
2.283500000000236228e-05,2.700000000000000178e+00,4.959635731803126113e+00
2.284000000000236308e-05,2.700000000000000178e+00,4.959768761370793477e+00
2.284500000000236388e-05,2.700000000000000178e+00,4.959900080852849058e+00
2.285000000000236468e-05,2.700000000000000178e+00,4.960029722958156917e+00
2.285500000000236548e-05,2.700000000000000178e+00,4.960157719525706277e+00
2.286000000000236627e-05,2.700000000000000178e+00,4.960284101554875313e+00
2.286500000000236707e-05,2.700000000000000178e+00,4.960408899234653113e+00
2.287000000000236787e-05,2.700000000000000178e+00,4.960532141970031894e+00
2.287500000000236867e-05,2.700000000000000178e+00,4.960653858408852201e+00
2.288000000000236947e-05,2.700000000000000178e+00,4.960774076466888616e+00
2.288500000000237027e-05,2.700000000000000178e+00,4.960892823352240910e+00
2.289000000000237107e-05,2.700000000000000178e+00,4.961010125588410702e+00
2.289500000000237187e-05,2.700000000000000178e+00,4.961126009036128437e+00
2.290000000000237267e-05,2.700000000000000178e+00,4.961240498915586272e+00
2.290500000000237347e-05,2.700000000000000178e+00,4.961353619826426531e+00
2.291000000000237427e-05,2.700000000000000178e+00,4.961465395767451270e+00
2.291500000000237507e-05,2.700000000000000178e+00,4.961575850155623968e+00
2.292000000000237586e-05,2.700000000000000178e+00,4.961685005844443275e+00
2.292500000000237666e-05,2.700000000000000178e+00,4.961792885141343312e+00
2.293000000000237746e-05,2.700000000000000178e+00,4.961899509824109877e+00
2.293500000000237826e-05,2.700000000000000178e+00,4.962004901158143078e+00
2.294000000000237906e-05,2.700000000000000178e+00,4.962109079911327214e+00
2.294500000000237986e-05,2.700000000000000178e+00,4.962212066368677732e+00
2.295000000000238066e-05,2.700000000000000178e+00,4.962313880347481110e+00
2.295500000000238146e-05,2.700000000000000178e+00,4.962414541211302321e+00
2.296000000000238226e-05,2.700000000000000178e+00,4.962514067882795921e+00
2.296500000000238306e-05,2.700000000000000178e+00,4.962612478856955889e+00
2.297000000000238386e-05,2.700000000000000178e+00,4.962709792213623849e+00
2.297500000000238466e-05,2.700000000000000178e+00,4.962806025629475926e+00
2.298000000000238545e-05,2.700000000000000178e+00,4.962901196389674752e+00
2.298500000000238625e-05,2.700000000000000178e+00,4.962995321398841142e+00
2.299000000000238705e-05,2.700000000000000178e+00,4.963088417192159874e+00
2.299500000000238785e-05,2.700000000000000178e+00,4.963180499945078594e+00
2.300000000000238865e-05,2.700000000000000178e+00,4.963271585484449133e+00
2.300500000000238945e-05,2.700000000000000178e+00,4.963361689297569157e+00
2.301000000000239025e-05,2.700000000000000178e+00,4.963450826541445871e+00
2.301500000000239105e-05,2.700000000000000178e+00,4.963539012052475385e+00
2.302000000000239185e-05,2.700000000000000178e+00,4.963626260354494057e+00
2.302500000000239265e-05,2.700000000000000178e+00,4.963712585667599875e+00
2.303000000000239345e-05,2.700000000000000178e+00,4.963798001916202907e+00
2.303500000000239425e-05,2.700000000000000178e+00,4.963882522737102398e+00
2.304000000000239504e-05,2.700000000000000178e+00,4.963966161487249451e+00
2.304500000000239584e-05,2.700000000000000178e+00,4.964048931250522934e+00
2.305000000000239664e-05,2.700000000000000178e+00,4.964130844845739965e+00
2.305500000000239744e-05,2.700000000000000178e+00,4.964211914833002837e+00
2.306000000000239824e-05,2.700000000000000178e+00,4.964292153520451834e+00
2.306500000000239904e-05,2.700000000000000178e+00,4.964371572971136182e+00
2.307000000000239984e-05,2.700000000000000178e+00,4.964450185008828953e+00
2.307500000000240064e-05,2.700000000000000178e+00,4.964528001224274512e+00
2.308000000000240144e-05,2.700000000000000178e+00,4.964605032981252997e+00
2.308500000000240224e-05,2.700000000000000178e+00,4.964681291422413878e+00
2.309000000000240304e-05,2.700000000000000178e+00,4.964756787474195576e+00
2.309500000000240383e-05,2.700000000000000178e+00,4.964831531852792246e+00
2.310000000000240463e-05,2.700000000000000178e+00,4.964905535069468634e+00
2.310500000000240543e-05,2.700000000000000178e+00,4.964978807434917485e+00
2.311000000000240623e-05,2.700000000000000178e+00,4.965051359064436731e+00
2.311500000000240703e-05,2.700000000000000178e+00,4.965123199883318073e+00
2.312000000000240783e-05,2.700000000000000178e+00,4.965194339630645715e+00
2.312500000000240863e-05,2.700000000000000178e+00,4.965264787863922891e+00
2.313000000000240943e-05,2.700000000000000178e+00,4.965334553963661079e+00
2.313500000000241023e-05,2.700000000000000178e+00,4.965403647137612175e+00
2.314000000000241103e-05,2.700000000000000178e+00,4.965472076424775061e+00
2.314500000000241183e-05,2.700000000000000178e+00,4.965539850698925228e+00
2.315000000000241263e-05,2.700000000000000178e+00,4.965606978673117844e+00
2.315500000000241342e-05,2.700000000000000178e+00,4.965673468903274212e+00
2.316000000000241422e-05,2.700000000000000178e+00,4.965739329791661660e+00
2.316500000000241502e-05,2.700000000000000178e+00,4.965804569590524409e+00
2.317000000000241582e-05,2.700000000000000178e+00,4.965869196405470198e+00
2.317500000000241662e-05,2.700000000000000178e+00,4.965933218198578913e+00
2.318000000000241742e-05,2.700000000000000178e+00,4.965996642792319449e+00
2.318500000000241822e-05,2.700000000000000178e+00,4.966059477872308392e+00
2.319000000000241902e-05,2.700000000000000178e+00,4.966121730989981664e+00
2.319500000000241982e-05,2.700000000000000178e+00,4.966183409566363949e+00
2.320000000000242062e-05,2.700000000000000178e+00,4.966244520894177228e+00
2.320500000000242142e-05,2.700000000000000178e+00,4.966305072141312671e+00
2.321000000000242222e-05,2.700000000000000178e+00,4.966365070353599087e+00
2.321500000000242301e-05,2.700000000000000178e+00,4.966424522456633461e+00
2.322000000000242381e-05,2.700000000000000178e+00,4.966483435259434032e+00
2.322500000000242461e-05,2.700000000000000178e+00,4.966541815456423592e+00
2.323000000000242541e-05,2.700000000000000178e+00,4.966599669629617964e+00
2.323500000000242621e-05,2.700000000000000178e+00,4.966657004251769258e+00
2.324000000000242701e-05,2.700000000000000178e+00,4.966713825688340300e+00
2.324500000000242781e-05,2.700000000000000178e+00,4.966770140199528782e+00
2.325000000000242861e-05,2.700000000000000178e+00,4.966825953942696437e+00
2.325500000000242941e-05,2.700000000000000178e+00,4.966881272975045114e+00
2.326000000000243021e-05,2.700000000000000178e+00,4.966936103254770529e+00
2.326500000000243101e-05,2.700000000000000178e+00,4.966990450643571364e+00
2.327000000000243181e-05,2.700000000000000178e+00,4.967044320908929222e+00
2.327500000000243260e-05,2.700000000000000178e+00,4.967097719725516392e+00
2.328000000000243340e-05,2.700000000000000178e+00,4.967150652677602807e+00
2.328500000000243420e-05,2.700000000000000178e+00,4.967203125260480689e+00
2.329000000000243500e-05,2.700000000000000178e+00,4.967255142882420316e+00
2.329500000000243580e-05,2.700000000000000178e+00,4.967306710866882469e+00
2.330000000000243660e-05,2.700000000000000178e+00,4.967357834453474119e+00
2.330500000000243740e-05,2.700000000000000178e+00,4.967408518800020545e+00
2.331000000000243820e-05,2.700000000000000178e+00,4.967458768984040596e+00
2.331500000000243900e-05,2.700000000000000178e+00,4.967508590004539037e+00
2.332000000000243980e-05,2.700000000000000178e+00,4.967557986783690538e+00
2.332500000000244060e-05,2.700000000000000178e+00,4.967606964167973871e+00
2.333000000000244140e-05,2.700000000000000178e+00,4.967655526929635634e+00
2.333500000000244219e-05,2.700000000000000178e+00,4.967703679768588287e+00
2.334000000000244299e-05,2.700000000000000178e+00,4.967751427313534585e+00
2.334500000000244379e-05,2.700000000000000178e+00,4.967798774123273198e+00
2.335000000000244459e-05,2.700000000000000178e+00,4.967845724688173981e+00
2.335500000000244539e-05,2.700000000000000178e+00,4.967892283431293521e+00
2.336000000000244619e-05,2.700000000000000178e+00,4.967938454710239427e+00
2.336500000000244699e-05,2.700000000000000178e+00,4.967984242817611751e+00
2.337000000000244779e-05,2.700000000000000178e+00,4.968029651982809547e+00
2.337500000000244859e-05,2.700000000000000178e+00,4.968074686372829341e+00
2.338000000000244939e-05,2.700000000000000178e+00,4.968119350093796349e+00
2.338500000000245019e-05,2.700000000000000178e+00,4.968163647191925492e+00
2.339000000000245099e-05,2.700000000000000178e+00,4.968207581654637828e+00
2.339500000000245178e-05,2.700000000000000178e+00,4.968251157411928354e+00
2.340000000000245258e-05,2.700000000000000178e+00,4.968294378336734596e+00
2.340500000000245338e-05,2.700000000000000178e+00,4.968337248246616156e+00
2.341000000000245418e-05,2.700000000000000178e+00,4.968379770904600257e+00
2.341500000000245498e-05,2.700000000000000178e+00,4.968421950020029954e+00
2.342000000000245578e-05,2.700000000000000178e+00,4.968463789249886631e+00
2.342500000000245658e-05,2.700000000000000178e+00,4.968505292199268730e+00
2.343000000000245738e-05,2.700000000000000178e+00,4.968546462422629872e+00
2.343500000000245818e-05,2.700000000000000178e+00,4.968587303424860657e+00
2.344000000000245898e-05,2.700000000000000178e+00,4.968627818661524032e+00
2.344500000000245978e-05,2.700000000000000178e+00,4.968668011540224860e+00
2.345000000000246058e-05,2.700000000000000178e+00,4.968707885421802750e+00
2.345500000000246137e-05,2.700000000000000178e+00,4.968747443620356030e+00
2.346000000000246217e-05,2.700000000000000178e+00,4.968786689404452339e+00
2.346500000000246297e-05,2.700000000000000178e+00,4.968825625998018580e+00
2.347000000000246377e-05,2.700000000000000178e+00,4.968864256580879157e+00
2.347500000000246457e-05,2.700000000000000178e+00,4.968902584289843105e+00
2.348000000000246537e-05,2.700000000000000178e+00,4.968940612219201469e+00
2.348500000000246617e-05,2.700000000000000178e+00,4.968978343421348143e+00
2.349000000000246697e-05,2.700000000000000178e+00,4.969015780907820812e+00
2.349500000000246777e-05,2.700000000000000178e+00,4.969052927650164264e+00
2.350000000000246857e-05,2.700000000000000178e+00,4.969089786579715451e+00
2.350500000000246937e-05,2.700000000000000178e+00,4.969126360589182667e+00
2.351000000000247017e-05,2.700000000000000178e+00,4.969162652532986613e+00
2.351500000000247096e-05,2.700000000000000178e+00,4.969198665227902545e+00
2.352000000000247176e-05,2.700000000000000178e+00,4.969234401453776151e+00
2.352500000000247256e-05,2.700000000000000178e+00,4.969269863953740263e+00
2.353000000000247336e-05,2.700000000000000178e+00,4.969305055435420115e+00
2.353500000000247416e-05,2.700000000000000178e+00,4.969339978571293059e+00
2.354000000000247496e-05,2.700000000000000178e+00,4.969374635999138867e+00
2.354500000000247576e-05,2.700000000000000178e+00,4.969409030322418985e+00
2.355000000000247656e-05,2.700000000000000178e+00,4.969443164111628342e+00
2.355500000000247736e-05,2.700000000000000178e+00,4.969477039904134585e+00
2.356000000000247816e-05,2.700000000000000178e+00,4.969510660204817576e+00
2.356500000000247896e-05,2.700000000000000178e+00,4.969544027486637816e+00
2.357000000000247976e-05,2.700000000000000178e+00,4.969577144191196894e+00
2.357500000000248055e-05,2.700000000000000178e+00,4.969610012729474668e+00
2.358000000000248135e-05,2.700000000000000178e+00,4.969642635481944737e+00
2.358500000000248215e-05,2.700000000000000178e+00,4.969675014799271651e+00
2.359000000000248295e-05,2.700000000000000178e+00,4.969707153002850042e+00
2.359500000000248375e-05,2.700000000000000178e+00,4.969739052384821498e+00
2.360000000000248455e-05,2.700000000000000178e+00,4.969770715208940537e+00
2.360500000000248535e-05,2.700000000000000178e+00,4.969802143711114617e+00
2.361000000000248615e-05,2.700000000000000178e+00,4.969833340099684804e+00
2.361500000000248695e-05,2.700000000000000178e+00,4.969864306555743738e+00
2.362000000000248775e-05,2.700000000000000178e+00,4.969895045233620579e+00
2.362500000000248855e-05,2.700000000000000178e+00,4.969925558261603094e+00
2.363000000000248935e-05,2.700000000000000178e+00,4.969955847741513111e+00
2.363500000000249014e-05,2.700000000000000178e+00,4.969985915750231520e+00
2.364000000000249094e-05,2.700000000000000178e+00,4.970015764339475339e+00
2.364500000000249174e-05,2.700000000000000178e+00,4.970045395535866106e+00
2.365000000000249254e-05,2.700000000000000178e+00,4.970074811342033883e+00
2.365500000000249334e-05,2.700000000000000178e+00,4.970104013736552417e+00
2.366000000000249414e-05,2.700000000000000178e+00,4.970133004674291755e+00
2.366500000000249494e-05,2.700000000000000178e+00,4.970161786087043509e+00
2.367000000000249574e-05,2.700000000000000178e+00,4.970190359883551956e+00
2.367500000000249654e-05,2.700000000000000178e+00,4.970218727950112658e+00
2.368000000000249734e-05,2.700000000000000178e+00,4.970246892150651519e+00
2.368500000000249814e-05,2.700000000000000178e+00,4.970274854327387359e+00
2.369000000000249894e-05,2.700000000000000178e+00,4.970302616300901200e+00
2.369500000000249973e-05,2.700000000000000178e+00,4.970330179870479093e+00
2.370000000000250053e-05,2.700000000000000178e+00,4.970357546814687666e+00
2.370500000000250133e-05,2.700000000000000178e+00,4.970384718891166287e+00
2.371000000000250213e-05,2.700000000000000178e+00,4.970411697837428200e+00
2.371500000000250293e-05,2.700000000000000178e+00,4.970438485370904935e+00
2.372000000000250373e-05,2.700000000000000178e+00,4.970465083189301581e+00
2.372500000000250453e-05,2.700000000000000178e+00,4.970491492971090608e+00
2.373000000000250533e-05,2.700000000000000178e+00,4.970517716375482564e+00
2.373500000000250613e-05,2.700000000000000178e+00,4.970543755042507783e+00
2.374000000000250693e-05,2.700000000000000178e+00,4.970569610593967624e+00
2.374500000000250773e-05,2.700000000000000178e+00,4.970595284633104072e+00
2.375000000000250853e-05,2.700000000000000178e+00,4.970620778745127311e+00
2.375500000000250932e-05,2.700000000000000178e+00,4.970646094497713108e+00
2.376000000000251012e-05,2.700000000000000178e+00,4.970671233440586256e+00
2.376500000000251092e-05,2.700000000000000178e+00,4.970696197106165393e+00
2.377000000000251172e-05,2.700000000000000178e+00,4.970720987010100345e+00
2.377500000000251252e-05,2.700000000000000178e+00,4.970745604651155780e+00
2.378000000000251332e-05,2.700000000000000178e+00,4.970770051511014920e+00
2.378500000000251412e-05,2.700000000000000178e+00,4.970794329055419958e+00
2.379000000000251492e-05,2.700000000000000178e+00,4.970818438734278644e+00
2.379500000000251572e-05,2.700000000000000178e+00,4.970842381980978608e+00
2.380000000000251652e-05,2.700000000000000178e+00,4.970866160213425644e+00
2.380500000000251732e-05,2.700000000000000178e+00,4.970889774834173380e+00
2.381000000000251812e-05,2.700000000000000178e+00,4.970913227230381537e+00
2.381500000000251891e-05,2.700000000000000178e+00,4.970936518774442092e+00
2.382000000000251971e-05,2.700000000000000178e+00,4.970959650823512099e+00
2.382500000000252051e-05,2.700000000000000178e+00,4.970982624720241994e+00
2.383000000000252131e-05,2.700000000000000178e+00,4.971005441792952340e+00
2.383500000000252211e-05,2.700000000000000178e+00,4.971028103355654260e+00
2.384000000000252291e-05,2.700000000000000178e+00,4.971050610708313222e+00
2.384500000000252371e-05,2.700000000000000178e+00,4.971072965137007138e+00
2.385000000000252451e-05,2.700000000000000178e+00,4.971095167914158175e+00
2.385500000000252531e-05,2.700000000000000178e+00,4.971117220298657990e+00
2.386000000000252611e-05,2.700000000000000178e+00,4.971139123536148396e+00
2.386500000000252691e-05,2.700000000000000178e+00,4.971160878859195442e+00
2.387000000000252770e-05,2.700000000000000178e+00,4.971182487487324053e+00
2.387500000000252850e-05,2.700000000000000178e+00,4.971203950627063328e+00
2.388000000000252930e-05,2.700000000000000178e+00,4.971225269472701491e+00
2.388500000000253010e-05,2.700000000000000178e+00,4.971246445206017661e+00
2.389000000000253090e-05,2.700000000000000178e+00,4.971267478996062472e+00
2.389500000000253170e-05,2.700000000000000178e+00,4.971288372000342903e+00
2.390000000000253250e-05,2.700000000000000178e+00,4.971309125364145487e+00
2.390500000000253330e-05,2.700000000000000178e+00,4.971329740220748583e+00
2.391000000000253410e-05,2.700000000000000178e+00,4.971350217692171114e+00
2.391500000000253490e-05,2.700000000000000178e+00,4.971370558888697389e+00
2.392000000000253570e-05,2.700000000000000178e+00,4.971390764909298987e+00
2.392500000000253650e-05,2.700000000000000178e+00,4.971410836841659631e+00
2.393000000000253729e-05,2.700000000000000178e+00,4.971430775762208931e+00
2.393500000000253809e-05,2.700000000000000178e+00,4.971450582736898660e+00
2.394000000000253889e-05,2.700000000000000178e+00,4.971470258820917643e+00
2.394500000000253969e-05,2.700000000000000178e+00,4.971489805058197931e+00
2.395000000000254049e-05,2.700000000000000178e+00,4.971509222482643153e+00
2.395500000000254129e-05,2.700000000000000178e+00,4.971528512117848742e+00
2.396000000000254209e-05,2.700000000000000178e+00,4.971547674976688036e+00
2.396500000000254289e-05,2.700000000000000178e+00,4.971566712062153393e+00
2.397000000000254369e-05,2.700000000000000178e+00,4.971585624367668821e+00
2.397500000000254449e-05,2.700000000000000178e+00,4.971604412876104107e+00
2.398000000000254529e-05,2.700000000000000178e+00,4.971623078560895692e+00
2.398500000000254609e-05,2.700000000000000178e+00,4.971641622386093751e+00
2.399000000000254688e-05,2.700000000000000178e+00,4.971660045305793751e+00
2.399500000000254768e-05,2.700000000000000178e+00,4.971678348264752856e+00
2.400000000000254848e-05,2.700000000000000178e+00,4.971696532198868645e+00
2.400500000000254928e-05,2.700000000000000178e+00,4.971714598034605359e+00
2.401000000000255008e-05,2.700000000000000178e+00,4.971732546689221266e+00
2.401500000000255088e-05,2.700000000000000178e+00,4.971750379071375292e+00
2.402000000000255168e-05,2.700000000000000178e+00,4.971768096080698918e+00
2.402500000000255248e-05,2.700000000000000178e+00,4.971785698608306880e+00
2.403000000000255328e-05,2.700000000000000178e+00,4.971803187536287361e+00
2.403500000000255408e-05,2.700000000000000178e+00,4.971820563738612364e+00
2.404000000000255488e-05,2.700000000000000178e+00,4.971837828080805544e+00
2.404500000000255568e-05,2.700000000000000178e+00,4.971854981419848052e+00
2.405000000000255647e-05,2.700000000000000178e+00,4.971872024604851781e+00
2.405500000000255727e-05,2.700000000000000178e+00,4.971888958476549547e+00
2.406000000000255807e-05,2.700000000000000178e+00,4.971905783867714312e+00
2.406500000000255887e-05,2.700000000000000178e+00,4.971922501603292410e+00
2.407000000000255967e-05,2.700000000000000178e+00,4.971939112500504798e+00
2.407500000000256047e-05,2.700000000000000178e+00,4.971955617368666758e+00
2.408000000000256127e-05,2.700000000000000178e+00,4.971972017009421485e+00
2.408500000000256207e-05,2.700000000000000178e+00,4.971988312217069605e+00
2.409000000000256287e-05,2.700000000000000178e+00,4.972004503778395978e+00
2.409500000000256367e-05,2.700000000000000178e+00,4.972020592472746969e+00
2.410000000000256447e-05,2.700000000000000178e+00,4.972036579072037554e+00
2.410500000000256527e-05,2.700000000000000178e+00,4.972052464341372158e+00
2.411000000000256606e-05,2.700000000000000178e+00,4.972068249038602339e+00
2.411500000000256686e-05,2.700000000000000178e+00,4.972083933914281495e+00
2.412000000000256766e-05,2.700000000000000178e+00,4.972099519712397608e+00
2.412500000000256846e-05,2.700000000000000178e+00,4.972115007169977119e+00
2.413000000000256926e-05,2.700000000000000178e+00,4.972130397017000547e+00
2.413500000000257006e-05,2.700000000000000178e+00,4.972145689976955829e+00
2.414000000000257086e-05,2.700000000000000178e+00,4.972160886766579857e+00
2.414500000000257166e-05,2.700000000000000178e+00,4.972175988096202204e+00
2.415000000000257246e-05,2.700000000000000178e+00,4.972190994669781539e+00
2.415500000000257326e-05,2.700000000000000178e+00,4.972205907184503282e+00
2.416000000000257406e-05,2.700000000000000178e+00,4.972220726331461726e+00
2.416500000000257486e-05,2.700000000000000178e+00,4.972235452795387367e+00
2.417000000000257565e-05,2.700000000000000178e+00,4.972250087254794337e+00
2.417500000000257645e-05,2.700000000000000178e+00,4.972264630382325912e+00
2.418000000000257725e-05,2.700000000000000178e+00,4.972279082844438314e+00
2.418500000000257805e-05,2.700000000000000178e+00,4.972293445301565917e+00
2.419000000000257885e-05,2.700000000000000178e+00,4.972307718407939170e+00
2.419500000000257965e-05,2.700000000000000178e+00,4.972321902812232963e+00
2.420000000000258045e-05,2.700000000000000178e+00,4.972335999157471598e+00
2.420500000000258125e-05,2.700000000000000178e+00,4.972350008080849371e+00
2.421000000000258205e-05,2.700000000000000178e+00,4.972363930213819394e+00
2.421500000000258285e-05,2.700000000000000178e+00,4.972377766182191294e+00
2.422000000000258365e-05,2.700000000000000178e+00,4.972391516606299078e+00
2.422500000000258445e-05,2.700000000000000178e+00,4.972405182101006460e+00
2.423000000000258524e-05,2.700000000000000178e+00,4.972418763275980425e+00
2.423500000000258604e-05,2.700000000000000178e+00,4.972432260735034859e+00
2.424000000000258684e-05,2.700000000000000178e+00,4.972445675077057814e+00
2.424500000000258764e-05,2.700000000000000178e+00,4.972459006895921796e+00
2.425000000000258844e-05,2.700000000000000178e+00,4.972472256779723487e+00
2.425500000000258924e-05,2.700000000000000178e+00,4.972485425311639951e+00
2.426000000000259004e-05,2.700000000000000178e+00,4.972498513070052972e+00
2.426500000000259084e-05,2.700000000000000178e+00,4.972511520628151160e+00
2.427000000000259164e-05,2.700000000000000178e+00,4.972524448554099585e+00
2.427500000000259244e-05,2.700000000000000178e+00,4.972537297411213864e+00
2.428000000000259324e-05,2.700000000000000178e+00,4.972550067757954828e+00
2.428500000000259404e-05,2.700000000000000178e+00,4.972562760148012018e+00
2.429000000000259483e-05,2.700000000000000178e+00,4.972575375130173114e+00
2.429500000000259563e-05,2.700000000000000178e+00,4.972587913248776026e+00
2.430000000000259643e-05,2.700000000000000178e+00,4.972600375043223053e+00
2.430500000000259723e-05,2.700000000000000178e+00,4.972612761048474717e+00
2.431000000000259803e-05,2.700000000000000178e+00,4.972625071795112817e+00
2.431500000000259883e-05,2.700000000000000178e+00,4.972637307808969176e+00
2.432000000000259963e-05,2.700000000000000178e+00,4.972649469611305939e+00
2.432500000000260043e-05,2.700000000000000178e+00,4.972661557719177949e+00
2.433000000000260123e-05,2.700000000000000178e+00,4.972673572645303075e+00
2.433500000000260203e-05,2.700000000000000178e+00,4.972685514897862369e+00
2.434000000000260283e-05,2.700000000000000178e+00,4.972697384981263902e+00
2.434500000000260363e-05,2.700000000000000178e+00,4.972709183395060073e+00
2.435000000000260442e-05,2.700000000000000178e+00,4.972720910634746971e+00
2.435500000000260522e-05,2.700000000000000178e+00,4.972732567192230668e+00
2.436000000000260602e-05,2.700000000000000178e+00,4.972744153554646829e+00
2.436500000000260682e-05,2.700000000000000178e+00,4.972755670205303069e+00
2.437000000000260762e-05,2.700000000000000178e+00,4.972767117623695832e+00
2.437500000000260842e-05,2.700000000000000178e+00,4.972778496284989025e+00
2.438000000000260922e-05,2.700000000000000178e+00,4.972789806660775191e+00
2.438500000000261002e-05,2.700000000000000178e+00,4.972801049218650959e+00
2.439000000000261082e-05,2.700000000000000178e+00,4.972812224421979010e+00
2.439500000000261162e-05,2.700000000000000178e+00,4.972823332730635038e+00
2.440000000000261242e-05,2.700000000000000178e+00,4.972834374600819451e+00
2.440500000000261322e-05,2.700000000000000178e+00,4.972845350484996096e+00
2.441000000000261401e-05,2.700000000000000178e+00,4.972856260831580499e+00
2.441500000000261481e-05,2.700000000000000178e+00,4.972867106085568700e+00
2.442000000000261561e-05,2.700000000000000178e+00,4.972877886688410243e+00
2.442500000000261641e-05,2.700000000000000178e+00,4.972888603077888270e+00
2.443000000000261721e-05,2.700000000000000178e+00,4.972899255688160380e+00
2.443500000000261801e-05,2.700000000000000178e+00,4.972909844949801261e+00
2.444000000000261881e-05,2.700000000000000178e+00,4.972920371290022956e+00
2.444500000000261961e-05,2.700000000000000178e+00,4.972930835132689076e+00
2.445000000000262041e-05,2.700000000000000178e+00,4.972941236898292594e+00
2.445500000000262121e-05,2.700000000000000178e+00,4.972951577003477119e+00
2.446000000000262201e-05,2.700000000000000178e+00,4.972961855861972147e+00
2.446500000000262281e-05,2.700000000000000178e+00,4.972972073884210253e+00
2.447000000000262360e-05,2.700000000000000178e+00,4.972982231476962944e+00
2.447500000000262440e-05,2.700000000000000178e+00,4.972992329044034321e+00
2.448000000000262520e-05,2.700000000000000178e+00,4.973002366986219336e+00
2.448500000000262600e-05,2.700000000000000178e+00,4.973012345700757564e+00
2.449000000000262680e-05,2.700000000000000178e+00,4.973022265581733770e+00
2.449500000000262760e-05,2.700000000000000178e+00,4.973032127020196036e+00
2.450000000000262840e-05,2.700000000000000178e+00,4.973041930404378697e+00
2.450500000000262920e-05,2.700000000000000178e+00,4.973051676119131237e+00
2.451000000000263000e-05,2.700000000000000178e+00,4.973061364546233598e+00
2.451500000000263080e-05,2.700000000000000178e+00,4.973070996064627103e+00
2.452000000000263160e-05,2.700000000000000178e+00,4.973080571050101817e+00
2.452500000000263240e-05,2.700000000000000178e+00,4.973090089875888964e+00
2.453000000000263319e-05,2.700000000000000178e+00,4.973099552911956600e+00
2.453500000000263399e-05,2.700000000000000178e+00,4.973108960525369326e+00
2.454000000000263479e-05,2.700000000000000178e+00,4.973118313080581387e+00
2.454500000000263559e-05,2.700000000000000178e+00,4.973127610938878007e+00
2.455000000000263639e-05,2.700000000000000178e+00,4.973136854458799938e+00
2.455500000000263719e-05,2.700000000000000178e+00,4.973146043996408139e+00
2.456000000000263799e-05,2.700000000000000178e+00,4.973155179904917844e+00
2.456500000000263879e-05,2.700000000000000178e+00,4.973164262534409907e+00
2.457000000000263959e-05,2.700000000000000178e+00,4.973173292232687892e+00
2.457500000000264039e-05,2.700000000000000178e+00,4.973182269344762041e+00
2.458000000000264119e-05,2.700000000000000178e+00,4.973191194213021582e+00
2.458500000000264198e-05,2.700000000000000178e+00,4.973200067177166339e+00
2.459000000000264278e-05,2.700000000000000178e+00,4.973208888574204956e+00
2.459500000000264358e-05,2.700000000000000178e+00,4.973217658738824376e+00
2.460000000000264438e-05,2.700000000000000178e+00,4.973226378002864934e+00
2.460500000000264518e-05,2.700000000000000178e+00,4.973235046695846151e+00
2.461000000000264598e-05,2.700000000000000178e+00,4.973243665144576831e+00
2.461500000000264678e-05,2.700000000000000178e+00,4.973252233673605360e+00
2.462000000000264758e-05,2.700000000000000178e+00,4.973260752604944379e+00
2.462500000000264838e-05,2.700000000000000178e+00,4.973269222258146272e+00
2.463000000000264918e-05,2.700000000000000178e+00,4.973277642950391098e+00
2.463500000000264998e-05,2.700000000000000178e+00,4.973286014996213034e+00
2.464000000000265078e-05,2.700000000000000178e+00,4.973294338707984430e+00
2.464500000000265157e-05,2.700000000000000178e+00,4.973302614395962884e+00
2.465000000000265237e-05,2.700000000000000178e+00,4.973310842367629547e+00
2.465500000000265317e-05,2.700000000000000178e+00,4.973319022928349931e+00
2.466000000000265397e-05,2.700000000000000178e+00,4.973327156381373015e+00
2.466500000000265477e-05,2.700000000000000178e+00,4.973335243027400487e+00
2.467000000000265557e-05,2.700000000000000178e+00,4.973343283165087669e+00
2.467500000000265637e-05,2.700000000000000178e+00,4.973351277090680256e+00
2.468000000000265717e-05,2.700000000000000178e+00,4.973359225098363368e+00
2.468500000000265797e-05,2.700000000000000178e+00,4.973367127480017302e+00
2.469000000000265877e-05,2.700000000000000178e+00,4.973374984525595899e+00
2.469500000000265957e-05,2.700000000000000178e+00,4.973382796522809457e+00
2.470000000000266037e-05,2.700000000000000178e+00,4.973390563756868943e+00
2.470500000000266116e-05,2.700000000000000178e+00,4.973398286511216071e+00
2.471000000000266196e-05,2.700000000000000178e+00,4.973405965067501100e+00
2.471500000000266276e-05,2.700000000000000178e+00,4.973413599704936239e+00
2.472000000000266356e-05,2.700000000000000178e+00,4.973421190700416439e+00
2.472500000000266436e-05,2.700000000000000178e+00,4.973428738329143783e+00
2.473000000000266516e-05,2.700000000000000178e+00,4.973436242864472945e+00
2.473500000000266596e-05,2.700000000000000178e+00,4.973443704577419133e+00
2.474000000000266676e-05,2.700000000000000178e+00,4.973451123737083535e+00
2.474500000000266756e-05,2.700000000000000178e+00,4.973458500610939303e+00
2.475000000000266836e-05,2.700000000000000178e+00,4.973465835464138785e+00
2.475500000000266916e-05,2.700000000000000178e+00,4.973473128559866119e+00
2.476000000000266996e-05,2.700000000000000178e+00,4.973480380159596592e+00
2.476500000000267075e-05,2.700000000000000178e+00,4.973487590522999824e+00
2.477000000000267155e-05,2.700000000000000178e+00,4.973494759907629792e+00
2.477500000000267235e-05,2.700000000000000178e+00,4.973501888569197504e+00
2.478000000000267315e-05,2.700000000000000178e+00,4.973508976761690015e+00
2.478500000000267395e-05,2.700000000000000178e+00,4.973516024737366870e+00
2.479000000000267475e-05,2.700000000000000178e+00,4.973523032746310690e+00
2.479500000000267555e-05,2.700000000000000178e+00,4.973530001037108406e+00
2.480000000000267635e-05,2.700000000000000178e+00,4.973536929856379629e+00
2.480500000000267715e-05,2.700000000000000178e+00,4.973543819449142589e+00
2.481000000000267795e-05,2.700000000000000178e+00,4.973550670058742185e+00
2.481500000000267875e-05,2.700000000000000178e+00,4.973557481926398793e+00
2.482000000000267955e-05,2.700000000000000178e+00,4.973564255292081349e+00
2.482500000000268034e-05,2.700000000000000178e+00,4.973570990393603175e+00
2.483000000000268114e-05,2.700000000000000178e+00,4.973577687467279240e+00
2.483500000000268194e-05,2.700000000000000178e+00,4.973584346747863982e+00
2.484000000000268274e-05,2.700000000000000178e+00,4.973590968468390550e+00
2.484500000000268354e-05,2.700000000000000178e+00,4.973597552860097082e+00
2.485000000000268434e-05,2.700000000000000178e+00,4.973604100152833496e+00
2.485500000000268514e-05,2.700000000000000178e+00,4.973610610574731972e+00
2.486000000000268594e-05,2.700000000000000178e+00,4.973617084351926287e+00
2.486500000000268674e-05,2.700000000000000178e+00,4.973623521709479967e+00
2.487000000000268754e-05,2.700000000000000178e+00,4.973629922870748565e+00
2.487500000000268834e-05,2.700000000000000178e+00,4.973636288057276644e+00
2.488000000000268914e-05,2.700000000000000178e+00,4.973642617489498541e+00
2.488500000000268993e-05,2.700000000000000178e+00,4.973648911385930127e+00
2.489000000000269073e-05,2.700000000000000178e+00,4.973655169963597800e+00
2.489500000000269153e-05,2.700000000000000178e+00,4.973661393438212563e+00
2.490000000000269233e-05,2.700000000000000178e+00,4.973667582023847622e+00
2.490500000000269313e-05,2.700000000000000178e+00,4.973673735932942819e+00
2.491000000000269393e-05,2.700000000000000178e+00,4.973679855376698100e+00
2.491500000000269473e-05,2.700000000000000178e+00,4.973685940564823937e+00
2.492000000000269553e-05,2.700000000000000178e+00,4.973691991705488924e+00
2.492500000000269633e-05,2.700000000000000178e+00,4.973698009005397047e+00
2.493000000000269713e-05,2.700000000000000178e+00,4.973703992669923579e+00
2.493500000000269793e-05,2.700000000000000178e+00,4.973709942902846848e+00
2.494000000000269873e-05,2.700000000000000178e+00,4.973715859906691072e+00
2.494500000000269952e-05,2.700000000000000178e+00,4.973721743882646429e+00
2.495000000000270032e-05,2.700000000000000178e+00,4.973727595030399407e+00
2.495500000000270112e-05,2.700000000000000178e+00,4.973733413548255378e+00
2.496000000000270192e-05,2.700000000000000178e+00,4.973739199633081753e+00
2.496500000000270272e-05,2.700000000000000178e+00,4.973744953480719211e+00
2.497000000000270352e-05,2.700000000000000178e+00,4.973750675285353751e+00
2.497500000000270432e-05,2.700000000000000178e+00,4.973756365239970556e+00
2.498000000000270512e-05,2.700000000000000178e+00,4.973762023536141719e+00
2.498500000000270592e-05,2.700000000000000178e+00,4.973767650364190551e+00
2.499000000000270672e-05,2.700000000000000178e+00,4.973773245913278629e+00
2.499500000000270752e-05,2.700000000000000178e+00,4.973778810370975911e+00
2.500000000000270832e-05,2.700000000000000178e+00,4.973784343923826512e+00
2.500500000000270911e-05,2.700000000000000178e+00,4.973789846757157740e+00
2.501000000000270991e-05,2.700000000000000178e+00,4.973795319054854502e+00
2.501500000000271071e-05,2.700000000000000178e+00,4.973800760999712800e+00
2.502000000000271151e-05,2.700000000000000178e+00,4.973806172773019618e+00
2.502500000000271231e-05,2.700000000000000178e+00,4.973811554554925074e+00
2.503000000000271311e-05,2.700000000000000178e+00,4.973816906524834103e+00
2.503500000000271391e-05,2.700000000000000178e+00,4.973822228860430350e+00
2.504000000000271471e-05,2.700000000000000178e+00,4.973827521738095392e+00
2.504500000000271551e-05,2.700000000000000178e+00,4.973832785333560658e+00
2.505000000000271631e-05,2.700000000000000178e+00,4.973838019821005041e+00
2.505500000000271711e-05,2.700000000000000178e+00,4.973843225373400401e+00
2.506000000000271791e-05,2.700000000000000178e+00,4.973848402162763804e+00
2.506500000000271870e-05,2.700000000000000178e+00,4.973853550359949693e+00
2.507000000000271950e-05,2.700000000000000178e+00,4.973858670134648996e+00
2.507500000000272030e-05,2.700000000000000178e+00,4.973863761655392679e+00
2.508000000000272110e-05,2.700000000000000178e+00,4.973868825089376777e+00
2.508500000000272190e-05,2.700000000000000178e+00,4.973873860602879837e+00
2.509000000000272270e-05,2.700000000000000178e+00,4.973878868361133243e+00
2.509500000000272350e-05,2.700000000000000178e+00,4.973883848528236840e+00
2.510000000000272430e-05,2.700000000000000178e+00,4.973888801267218440e+00
2.510500000000272510e-05,2.700000000000000178e+00,4.973893726739891719e+00
2.511000000000272590e-05,2.700000000000000178e+00,4.973898625107194604e+00
2.511500000000272670e-05,2.700000000000000178e+00,4.973903496528861545e+00
2.512000000000272750e-05,2.700000000000000178e+00,4.973908341163610913e+00
2.512500000000272829e-05,2.700000000000000178e+00,4.973913159169024212e+00
2.513000000000272909e-05,2.700000000000000178e+00,4.973917950701817858e+00
2.513500000000272989e-05,2.700000000000000178e+00,4.973922715917617587e+00
2.514000000000273069e-05,2.700000000000000178e+00,4.973927454970940687e+00
2.514500000000273149e-05,2.700000000000000178e+00,4.973932168015292810e+00
2.515000000000273229e-05,2.700000000000000178e+00,4.973936855203298535e+00
2.515500000000273309e-05,2.700000000000000178e+00,4.973941516686549491e+00
2.516000000000273389e-05,2.700000000000000178e+00,4.973946152615663863e+00
2.516500000000273469e-05,2.700000000000000178e+00,4.973950763140178921e+00
2.517000000000273549e-05,2.700000000000000178e+00,4.973955348408538590e+00
2.517500000000273629e-05,2.700000000000000178e+00,4.973959908568488686e+00
2.518000000000273709e-05,2.700000000000000178e+00,4.973964443766713650e+00
2.518500000000273788e-05,2.700000000000000178e+00,4.973968954149005306e+00
2.519000000000273868e-05,2.700000000000000178e+00,4.973973439859960877e+00
2.519500000000273948e-05,2.700000000000000178e+00,4.973977901043639349e+00
2.520000000000274028e-05,2.700000000000000178e+00,4.973982337842817181e+00
2.520500000000274108e-05,2.700000000000000178e+00,4.973986750399322254e+00
2.521000000000274188e-05,2.700000000000000178e+00,4.973991138854484184e+00
2.521500000000274268e-05,2.700000000000000178e+00,4.973995503348213276e+00
2.522000000000274348e-05,2.700000000000000178e+00,4.973999844019778571e+00
2.522500000000274428e-05,2.700000000000000178e+00,4.974004161007749225e+00
2.523000000000274508e-05,2.700000000000000178e+00,4.974008454449340810e+00
2.523500000000274588e-05,2.700000000000000178e+00,4.974012724481202241e+00
2.524000000000274668e-05,2.700000000000000178e+00,4.974016971238992113e+00
2.524500000000274747e-05,2.700000000000000178e+00,4.974021194857527917e+00
2.525000000000274827e-05,2.700000000000000178e+00,4.974025395470731858e+00
2.525500000000274907e-05,2.700000000000000178e+00,4.974029573211648625e+00
2.526000000000274987e-05,2.700000000000000178e+00,4.974033728212680749e+00
2.526500000000275067e-05,2.700000000000000178e+00,4.974037860605105443e+00
2.527000000000275147e-05,2.700000000000000178e+00,4.974041970519553324e+00
2.527500000000275227e-05,2.700000000000000178e+00,4.974046058085581201e+00
2.528000000000275307e-05,2.700000000000000178e+00,4.974050123432234294e+00
2.528500000000275387e-05,2.700000000000000178e+00,4.974054166687545298e+00
2.529000000000275467e-05,2.700000000000000178e+00,4.974058187978622314e+00
2.529500000000275547e-05,2.700000000000000178e+00,4.974062187432076954e+00
2.530000000000275627e-05,2.700000000000000178e+00,4.974066165173550047e+00
2.530500000000275706e-05,2.700000000000000178e+00,4.974070121327967442e+00
2.531000000000275786e-05,2.700000000000000178e+00,4.974074056019062162e+00
2.531500000000275866e-05,2.700000000000000178e+00,4.974077969370267027e+00
2.532000000000275946e-05,2.700000000000000178e+00,4.974081861504164870e+00
2.532500000000276026e-05,2.700000000000000178e+00,4.974085732542344651e+00
2.533000000000276106e-05,2.700000000000000178e+00,4.974089582605855320e+00
2.533500000000276186e-05,2.700000000000000178e+00,4.974093411814811461e+00
2.534000000000276266e-05,2.700000000000000178e+00,4.974097220288582477e+00
2.534500000000276346e-05,2.700000000000000178e+00,4.974101008145923153e+00
2.535000000000276426e-05,2.700000000000000178e+00,4.974104775504818221e+00
2.535500000000276506e-05,2.700000000000000178e+00,4.974108522482230121e+00
2.536000000000276585e-05,2.700000000000000178e+00,4.974112249194718061e+00
2.536500000000276665e-05,2.700000000000000178e+00,4.974115955758114715e+00
2.537000000000276745e-05,2.700000000000000178e+00,4.974119642287339715e+00
2.537500000000276825e-05,2.700000000000000178e+00,4.974123308896500006e+00
2.538000000000276905e-05,2.700000000000000178e+00,4.974126955699428976e+00
2.538500000000276985e-05,2.700000000000000178e+00,4.974130582808874657e+00
2.539000000000277065e-05,2.700000000000000178e+00,4.974134190336743089e+00
2.539500000000277145e-05,2.700000000000000178e+00,4.974137778394641884e+00
2.540000000000277225e-05,2.700000000000000178e+00,4.974141347093401500e+00
2.540500000000277305e-05,2.700000000000000178e+00,4.974144896543015726e+00
2.541000000000277385e-05,2.700000000000000178e+00,4.974148426852865512e+00
2.541500000000277465e-05,2.700000000000000178e+00,4.974151938131834427e+00
2.542000000000277544e-05,2.700000000000000178e+00,4.974155430487586571e+00
2.542500000000277624e-05,2.700000000000000178e+00,4.974158904027549788e+00
2.543000000000277704e-05,2.700000000000000178e+00,4.974162358858593258e+00
2.543500000000277784e-05,2.700000000000000178e+00,4.974165795086536335e+00
2.544000000000277864e-05,2.700000000000000178e+00,4.974169212816840435e+00
2.544500000000277944e-05,2.700000000000000178e+00,4.974172612154409201e+00
2.545000000000278024e-05,2.700000000000000178e+00,4.974175993203039603e+00
2.545500000000278104e-05,2.700000000000000178e+00,4.974179356066098734e+00
2.546000000000278184e-05,2.700000000000000178e+00,4.974182700846610850e+00
2.546500000000278264e-05,2.700000000000000178e+00,4.974186027646554820e+00
2.547000000000278344e-05,2.700000000000000178e+00,4.974189336567646613e+00
2.547500000000278424e-05,2.700000000000000178e+00,4.974192627710609216e+00
2.548000000000278503e-05,2.700000000000000178e+00,4.974195901175647805e+00
2.548500000000278583e-05,2.700000000000000178e+00,4.974199157062654919e+00
2.549000000000278663e-05,2.700000000000000178e+00,4.974202395470669558e+00
2.549500000000278743e-05,2.700000000000000178e+00,4.974205616497937577e+00
2.550000000000278823e-05,2.700000000000000178e+00,4.974208820242484563e+00
2.550500000000278903e-05,2.700000000000000178e+00,4.974212006801685071e+00
2.551000000000278983e-05,2.700000000000000178e+00,4.974215176271804317e+00
2.551500000000279063e-05,2.700000000000000178e+00,4.974218328749091533e+00
2.552000000000279143e-05,2.700000000000000178e+00,4.974221464329225739e+00
2.552500000000279223e-05,2.700000000000000178e+00,4.974224583106797937e+00
2.553000000000279303e-05,2.700000000000000178e+00,4.974227685176144220e+00
2.553500000000279383e-05,2.700000000000000178e+00,4.974230770631075771e+00
2.554000000000279462e-05,2.700000000000000178e+00,4.974233839564869086e+00
2.554500000000279542e-05,2.700000000000000178e+00,4.974236892070011073e+00
2.555000000000279622e-05,2.700000000000000178e+00,4.974239928238509023e+00
2.555500000000279702e-05,2.700000000000000178e+00,4.974242948161891498e+00
2.556000000000279782e-05,2.700000000000000178e+00,4.974245951931189680e+00
2.556500000000279862e-05,2.700000000000000178e+00,4.974248939636687794e+00
2.557000000000279942e-05,2.700000000000000178e+00,4.974251911368100743e+00
2.557500000000280022e-05,2.700000000000000178e+00,4.974254867214843223e+00
2.558000000000280102e-05,2.700000000000000178e+00,4.974257807265560771e+00
2.558500000000280182e-05,2.700000000000000178e+00,4.974260731608720398e+00
2.559000000000280262e-05,2.700000000000000178e+00,4.974263640331806791e+00
2.559500000000280342e-05,2.700000000000000178e+00,4.974266533521866762e+00
2.560000000000280421e-05,2.700000000000000178e+00,4.974269411265763274e+00
2.560500000000280501e-05,2.700000000000000178e+00,4.974272273649493314e+00
2.561000000000280581e-05,2.700000000000000178e+00,4.974275120758473001e+00
2.561500000000280661e-05,2.700000000000000178e+00,4.974277952678040293e+00
2.562000000000280741e-05,2.700000000000000178e+00,4.974280769492556153e+00
2.562500000000280821e-05,2.700000000000000178e+00,4.974283571286038708e+00
2.563000000000280901e-05,2.700000000000000178e+00,4.974286358142300024e+00
2.563500000000280981e-05,2.700000000000000178e+00,4.974289130144192939e+00
2.564000000000281061e-05,2.700000000000000178e+00,4.974291887374379328e+00
2.564500000000281141e-05,2.700000000000000178e+00,4.974294629914981947e+00
2.565000000000281221e-05,2.700000000000000178e+00,4.974297357847250467e+00
2.565500000000281301e-05,2.700000000000000178e+00,4.974300071252402589e+00
2.566000000000281380e-05,2.700000000000000178e+00,4.974302770211127545e+00
2.566500000000281460e-05,2.700000000000000178e+00,4.974305454803470639e+00
2.567000000000281540e-05,2.700000000000000178e+00,4.974308125109129897e+00
2.567500000000281620e-05,2.700000000000000178e+00,4.974310781207130105e+00
2.568000000000281700e-05,2.700000000000000178e+00,4.974313423176165649e+00
2.568500000000281780e-05,2.700000000000000178e+00,4.974316051094630708e+00
2.569000000000281860e-05,2.700000000000000178e+00,4.974318665040162735e+00
2.569500000000281940e-05,2.700000000000000178e+00,4.974321265090108746e+00
2.570000000000282020e-05,2.700000000000000178e+00,4.974323851321328149e+00
2.570500000000282100e-05,2.700000000000000178e+00,4.974326423810027542e+00
2.571000000000282180e-05,2.700000000000000178e+00,4.974328982632237661e+00
2.571500000000282260e-05,2.700000000000000178e+00,4.974331527863447455e+00
2.572000000000282339e-05,2.700000000000000178e+00,4.974334059578790601e+00
2.572500000000282419e-05,2.700000000000000178e+00,4.974336577852738195e+00
2.573000000000282499e-05,2.700000000000000178e+00,4.974339082759229314e+00
2.573500000000282579e-05,2.700000000000000178e+00,4.974341574372199482e+00
2.574000000000282659e-05,2.700000000000000178e+00,4.974344052765153457e+00
2.574500000000282739e-05,2.700000000000000178e+00,4.974346518010579032e+00
2.575000000000282819e-05,2.700000000000000178e+00,4.974348970180862750e+00
2.575500000000282899e-05,2.700000000000000178e+00,4.974351409348169106e+00
2.576000000000282979e-05,2.700000000000000178e+00,4.974353835584031103e+00
2.576500000000283059e-05,2.700000000000000178e+00,4.974356248959639792e+00
2.577000000000283139e-05,2.700000000000000178e+00,4.974358649545602695e+00
2.577500000000283219e-05,2.700000000000000178e+00,4.974361037412194264e+00
2.578000000000283298e-05,2.700000000000000178e+00,4.974363412629341674e+00
2.578500000000283378e-05,2.700000000000000178e+00,4.974365775266630152e+00
2.579000000000283458e-05,2.700000000000000178e+00,4.974368125393083595e+00
2.579500000000283538e-05,2.700000000000000178e+00,4.974370463077211646e+00
2.580000000000283618e-05,2.700000000000000178e+00,4.974372788387476874e+00
2.580500000000283698e-05,2.700000000000000178e+00,4.974375101391729004e+00
2.581000000000283778e-05,2.700000000000000178e+00,4.974377402157408312e+00
2.581500000000283858e-05,2.700000000000000178e+00,4.974379690751625560e+00
2.582000000000283938e-05,2.700000000000000178e+00,4.974381967240889324e+00
2.582500000000284018e-05,2.700000000000000178e+00,4.974384231691738378e+00
2.583000000000284098e-05,2.700000000000000178e+00,4.974386484169916578e+00
2.583500000000284178e-05,2.700000000000000178e+00,4.974388724741059420e+00
2.584000000000284257e-05,2.700000000000000178e+00,4.974390953470311239e+00
2.584500000000284337e-05,2.700000000000000178e+00,4.974393170422215071e+00
2.585000000000284417e-05,2.700000000000000178e+00,4.974395375661440077e+00
2.585500000000284497e-05,2.700000000000000178e+00,4.974397569251813422e+00
2.586000000000284577e-05,2.700000000000000178e+00,4.974399751257046809e+00
2.586500000000284657e-05,2.700000000000000178e+00,4.974401921740494004e+00
2.587000000000284737e-05,2.700000000000000178e+00,4.974404080765053138e+00
2.587500000000284817e-05,2.700000000000000178e+00,4.974406228393083218e+00
2.588000000000284897e-05,2.700000000000000178e+00,4.974408364686780715e+00
2.588500000000284977e-05,2.700000000000000178e+00,4.974410489708200878e+00
2.589000000000285057e-05,2.700000000000000178e+00,4.974412603518531206e+00
2.589500000000285137e-05,2.700000000000000178e+00,4.974414706179148382e+00
2.590000000000285216e-05,2.700000000000000178e+00,4.974416797750555119e+00
2.590500000000285296e-05,2.700000000000000178e+00,4.974418878293167978e+00
2.591000000000285376e-05,2.700000000000000178e+00,4.974420947867269405e+00
2.591500000000285456e-05,2.700000000000000178e+00,4.974423006532236791e+00
2.592000000000285536e-05,2.700000000000000178e+00,4.974425054347629604e+00
2.592500000000285616e-05,2.700000000000000178e+00,4.974427091372615628e+00
2.593000000000285696e-05,2.700000000000000178e+00,4.974429117665668976e+00
2.593500000000285776e-05,2.700000000000000178e+00,4.974431133284958229e+00
2.594000000000285856e-05,2.700000000000000178e+00,4.974433138288605782e+00
2.594500000000285936e-05,2.700000000000000178e+00,4.974435132734498666e+00
2.595000000000286016e-05,2.700000000000000178e+00,4.974437116679864879e+00
2.595500000000286096e-05,2.700000000000000178e+00,4.974439090181580703e+00
2.596000000000286175e-05,2.700000000000000178e+00,4.974441053296605020e+00
2.596500000000286255e-05,2.700000000000000178e+00,4.974443006081013863e+00
2.597000000000286335e-05,2.700000000000000178e+00,4.974444948590805105e+00
2.597500000000286415e-05,2.700000000000000178e+00,4.974446880881890465e+00
2.598000000000286495e-05,2.700000000000000178e+00,4.974448803009662967e+00
2.598500000000286575e-05,2.700000000000000178e+00,4.974450715029074210e+00
2.599000000000286655e-05,2.700000000000000178e+00,4.974452616994917697e+00
2.599500000000286735e-05,2.700000000000000178e+00,4.974454508961635213e+00
2.600000000000286815e-05,2.700000000000000178e+00,4.974456390983391429e+00
2.600500000000286895e-05,2.700000000000000178e+00,4.974458263114004630e+00
2.601000000000286975e-05,2.700000000000000178e+00,4.974460125406994671e+00
2.601500000000287055e-05,2.700000000000000178e+00,4.974461977915646038e+00
2.602000000000287134e-05,2.700000000000000178e+00,4.974463820692648142e+00
2.602500000000287214e-05,2.700000000000000178e+00,4.974465653790833386e+00
2.603000000000287294e-05,2.700000000000000178e+00,4.974467477262366266e+00
2.603500000000287374e-05,2.700000000000000178e+00,4.974469291159418383e+00
2.604000000000287454e-05,2.700000000000000178e+00,4.974471095533618659e+00
2.604500000000287534e-05,2.700000000000000178e+00,4.974472890436246075e+00
2.605000000000287614e-05,2.700000000000000178e+00,4.974474675918536093e+00
2.605500000000287694e-05,2.700000000000000178e+00,4.974476452031352913e+00
2.606000000000287774e-05,2.700000000000000178e+00,4.974478218825413300e+00
2.606500000000287854e-05,2.700000000000000178e+00,4.974479976350647981e+00
2.607000000000287934e-05,2.700000000000000178e+00,4.974481724657178638e+00
2.607500000000288013e-05,2.700000000000000178e+00,4.974483463794693527e+00
2.608000000000288093e-05,2.700000000000000178e+00,4.974485193812585138e+00
2.608500000000288173e-05,2.700000000000000178e+00,4.974486914760166023e+00
2.609000000000288253e-05,2.700000000000000178e+00,4.974488626686002668e+00
2.609500000000288333e-05,2.700000000000000178e+00,4.974490329638812547e+00
2.610000000000288413e-05,2.700000000000000178e+00,4.974492023666858387e+00
2.610500000000288493e-05,2.700000000000000178e+00,4.974493708818171100e+00
2.611000000000288573e-05,2.700000000000000178e+00,4.974495385140579096e+00
2.611500000000288653e-05,2.700000000000000178e+00,4.974497052681514653e+00
2.612000000000288733e-05,2.700000000000000178e+00,4.974498711488294589e+00
2.612500000000288813e-05,2.700000000000000178e+00,4.974500361607665511e+00
2.613000000000288893e-05,2.700000000000000178e+00,4.974502003086382906e+00
2.613500000000288972e-05,2.700000000000000178e+00,4.974503635971073479e+00
2.614000000000289052e-05,2.700000000000000178e+00,4.974505260307624077e+00
2.614500000000289132e-05,2.700000000000000178e+00,4.974506876141954415e+00
2.615000000000289212e-05,2.700000000000000178e+00,4.974508483519960222e+00
2.615500000000289292e-05,2.700000000000000178e+00,4.974510082486824025e+00
2.616000000000289372e-05,2.700000000000000178e+00,4.974511673087726571e+00
2.616500000000289452e-05,2.700000000000000178e+00,4.974513255367477349e+00
2.617000000000289532e-05,2.700000000000000178e+00,4.974514829370797919e+00
2.617500000000289612e-05,2.700000000000000178e+00,4.974516395142205560e+00
2.618000000000289692e-05,2.700000000000000178e+00,4.974517952725521219e+00
2.618500000000289772e-05,2.700000000000000178e+00,4.974519502164742590e+00
2.619000000000289852e-05,2.700000000000000178e+00,4.974521043503586704e+00
2.619500000000289931e-05,2.700000000000000178e+00,4.974522576785279426e+00
2.620000000000290011e-05,2.700000000000000178e+00,4.974524102053069718e+00
2.620500000000290091e-05,2.700000000000000178e+00,4.974525619349909888e+00
2.621000000000290171e-05,2.700000000000000178e+00,4.974527128718375657e+00
2.621500000000290251e-05,2.700000000000000178e+00,4.974528630200861556e+00
2.622000000000290331e-05,2.700000000000000178e+00,4.974530123839639550e+00
2.622500000000290411e-05,2.700000000000000178e+00,4.974531609676733801e+00
2.623000000000290491e-05,2.700000000000000178e+00,4.974533087753742144e+00
2.623500000000290571e-05,2.700000000000000178e+00,4.974534558112178928e+00
2.624000000000290651e-05,2.700000000000000178e+00,4.974536020793198787e+00
2.624500000000290731e-05,2.700000000000000178e+00,4.974537475837766287e+00
2.625000000000290811e-05,2.700000000000000178e+00,4.974538923286978331e+00
2.625500000000290890e-05,2.700000000000000178e+00,4.974540363181442437e+00
2.626000000000290970e-05,2.700000000000000178e+00,4.974541795561120416e+00
2.626500000000291050e-05,2.700000000000000178e+00,4.974543220466190796e+00
2.627000000000291130e-05,2.700000000000000178e+00,4.974544637936683777e+00
2.627500000000291210e-05,2.700000000000000178e+00,4.974546048012318700e+00
2.628000000000291290e-05,2.700000000000000178e+00,4.974547450732474729e+00
2.628500000000291370e-05,2.700000000000000178e+00,4.974548846136194413e+00
2.629000000000291450e-05,2.700000000000000178e+00,4.974550234262748560e+00
2.629500000000291530e-05,2.700000000000000178e+00,4.974551615150933692e+00
2.630000000000291610e-05,2.700000000000000178e+00,4.974552988839207046e+00
2.630500000000291690e-05,2.700000000000000178e+00,4.974554355365978786e+00
2.631000000000291770e-05,2.700000000000000178e+00,4.974555714769460124e+00
2.631500000000291849e-05,2.700000000000000178e+00,4.974557067087474138e+00
2.632000000000291929e-05,2.700000000000000178e+00,4.974558412357750647e+00
2.632500000000292009e-05,2.700000000000000178e+00,4.974559750617892462e+00
2.633000000000292089e-05,2.700000000000000178e+00,4.974561081905002347e+00
2.633500000000292169e-05,2.700000000000000178e+00,4.974562406256445968e+00
2.634000000000292249e-05,2.700000000000000178e+00,4.974563723709138685e+00
2.634500000000292329e-05,2.700000000000000178e+00,4.974565034299613941e+00
2.635000000000292409e-05,2.700000000000000178e+00,4.974566338064534854e+00
2.635500000000292489e-05,2.700000000000000178e+00,4.974567635039947255e+00
2.636000000000292569e-05,2.700000000000000178e+00,4.974568925262107477e+00
2.636500000000292649e-05,2.700000000000000178e+00,4.974570208766945001e+00
2.637000000000292729e-05,2.700000000000000178e+00,4.974571485589908804e+00
2.637500000000292808e-05,2.700000000000000178e+00,4.974572755766743626e+00
2.638000000000292888e-05,2.700000000000000178e+00,4.974574019332782093e+00
2.638500000000292968e-05,2.700000000000000178e+00,4.974575276323100148e+00
2.639000000000293048e-05,2.700000000000000178e+00,4.974576526772372276e+00
2.639500000000293128e-05,2.700000000000000178e+00,4.974577770715411518e+00
2.640000000000293208e-05,2.700000000000000178e+00,4.974579008186962525e+00
2.640500000000293288e-05,2.700000000000000178e+00,4.974580239221223721e+00
2.641000000000293368e-05,2.700000000000000178e+00,4.974581463852130625e+00
2.641500000000293448e-05,2.700000000000000178e+00,4.974582682114006893e+00
2.642000000000293528e-05,2.700000000000000178e+00,4.974583894040527809e+00
2.642500000000293608e-05,2.700000000000000178e+00,4.974585099665024046e+00
2.643000000000293688e-05,2.700000000000000178e+00,4.974586299021211744e+00
2.643500000000293767e-05,2.700000000000000178e+00,4.974587492142209300e+00
2.644000000000293847e-05,2.700000000000000178e+00,4.974588679061102248e+00
2.644500000000293927e-05,2.700000000000000178e+00,4.974589859810583548e+00
2.645000000000294007e-05,2.700000000000000178e+00,4.974591034423360369e+00
2.645500000000294087e-05,2.700000000000000178e+00,4.974592202932154983e+00
2.646000000000294167e-05,2.700000000000000178e+00,4.974593365369116782e+00
2.646500000000294247e-05,2.700000000000000178e+00,4.974594521766283250e+00
2.647000000000294327e-05,2.700000000000000178e+00,4.974595672155599502e+00
2.647500000000294407e-05,2.700000000000000178e+00,4.974596816569220259e+00
2.648000000000294487e-05,2.700000000000000178e+00,4.974597955038604802e+00
2.648500000000294567e-05,2.700000000000000178e+00,4.974599087594940627e+00
2.649000000000294647e-05,2.700000000000000178e+00,4.974600214269718990e+00
2.649500000000294726e-05,2.700000000000000178e+00,4.974601335093980836e+00
2.650000000000294806e-05,2.700000000000000178e+00,4.974602450098688067e+00
2.650500000000294886e-05,2.700000000000000178e+00,4.974603559314545898e+00
2.651000000000294966e-05,2.700000000000000178e+00,4.974604662772304842e+00
2.651500000000295046e-05,2.700000000000000178e+00,4.974605760502262441e+00
2.652000000000295126e-05,2.700000000000000178e+00,4.974606852534474655e+00
2.652500000000295206e-05,2.700000000000000178e+00,4.974607938899424653e+00
2.653000000000295286e-05,2.700000000000000178e+00,4.974609019626796247e+00
2.653500000000295366e-05,2.700000000000000178e+00,4.974610094746357625e+00
2.654000000000295446e-05,2.700000000000000178e+00,4.974611164287782827e+00
2.654500000000295526e-05,2.700000000000000178e+00,4.974612228280454573e+00
2.655000000000295606e-05,2.700000000000000178e+00,4.974613286753836405e+00
2.655500000000295685e-05,2.700000000000000178e+00,4.974614339736919355e+00
2.656000000000295765e-05,2.700000000000000178e+00,4.974615387258488397e+00
2.656500000000295845e-05,2.700000000000000178e+00,4.974616429347663349e+00
2.657000000000295925e-05,2.700000000000000178e+00,4.974617466032946744e+00
2.657500000000296005e-05,2.700000000000000178e+00,4.974618497342592427e+00
2.658000000000296085e-05,2.700000000000000178e+00,4.974619523305308988e+00
2.658500000000296165e-05,2.700000000000000178e+00,4.974620543949268558e+00
2.659000000000296245e-05,2.700000000000000178e+00,4.974621559302319973e+00
2.659500000000296325e-05,2.700000000000000178e+00,4.974622569392288973e+00
2.660000000000296405e-05,2.700000000000000178e+00,4.974623574247051927e+00
2.660500000000296485e-05,2.700000000000000178e+00,4.974624573894076640e+00
2.661000000000296565e-05,2.700000000000000178e+00,4.974625568360890426e+00
2.661500000000296644e-05,2.700000000000000178e+00,4.974626557674803884e+00
2.662000000000296724e-05,2.700000000000000178e+00,4.974627541862915336e+00
2.662500000000296804e-05,2.700000000000000178e+00,4.974628520952064648e+00
2.663000000000296884e-05,2.700000000000000178e+00,4.974629494969164512e+00
2.663500000000296964e-05,2.700000000000000178e+00,4.974630463940890479e+00
2.664000000000297044e-05,2.700000000000000178e+00,4.974631427893850599e+00
2.664500000000297124e-05,2.700000000000000178e+00,4.974632386854540123e+00
2.665000000000297204e-05,2.700000000000000178e+00,4.974633340848942709e+00
2.665500000000297284e-05,2.700000000000000178e+00,4.974634289903383966e+00
2.666000000000297364e-05,2.700000000000000178e+00,4.974635234043748966e+00
2.666500000000297444e-05,2.700000000000000178e+00,4.974636173295733599e+00
2.667000000000297524e-05,2.700000000000000178e+00,4.974637107685368598e+00
2.667500000000297603e-05,2.700000000000000178e+00,4.974638037238045207e+00
2.668000000000297683e-05,2.700000000000000178e+00,4.974638961979045426e+00
2.668500000000297763e-05,2.700000000000000178e+00,4.974639881933798691e+00
2.669000000000297843e-05,2.700000000000000178e+00,4.974640797127521274e+00
2.669500000000297923e-05,2.700000000000000178e+00,4.974641707585078620e+00
2.670000000000298003e-05,2.700000000000000178e+00,4.974642613331360153e+00
2.670500000000298083e-05,2.700000000000000178e+00,4.974643514391123844e+00
2.671000000000298163e-05,2.700000000000000178e+00,4.974644410788987337e+00
2.671500000000298243e-05,2.700000000000000178e+00,4.974645302549326686e+00
2.672000000000298323e-05,2.700000000000000178e+00,4.974646189696586340e+00
2.672500000000298403e-05,2.700000000000000178e+00,4.974647072254989588e+00
2.673000000000298483e-05,2.700000000000000178e+00,4.974647950248465733e+00
2.673500000000298562e-05,2.700000000000000178e+00,4.974648823701235401e+00
2.674000000000298642e-05,2.700000000000000178e+00,4.974649692636963216e+00
2.674500000000298722e-05,2.700000000000000178e+00,4.974650557079304924e+00
2.675000000000298802e-05,2.700000000000000178e+00,4.974651417051730640e+00
2.675500000000298882e-05,2.700000000000000178e+00,4.974652272577727352e+00
2.676000000000298962e-05,2.700000000000000178e+00,4.974653123680662148e+00
2.676500000000299042e-05,2.700000000000000178e+00,4.974653970383872803e+00
2.677000000000299122e-05,2.700000000000000178e+00,4.974654812710236129e+00
2.677500000000299202e-05,2.700000000000000178e+00,4.974655650682555219e+00
2.678000000000299282e-05,2.700000000000000178e+00,4.974656484323905836e+00
2.678500000000299362e-05,2.700000000000000178e+00,4.974657313656770441e+00
2.679000000000299442e-05,2.700000000000000178e+00,4.974658138703850874e+00
2.679500000000299521e-05,2.700000000000000178e+00,4.974658959487716636e+00
2.680000000000299601e-05,2.700000000000000178e+00,4.974659776030461167e+00
2.680500000000299681e-05,2.700000000000000178e+00,4.974660588354280044e+00
2.681000000000299761e-05,2.700000000000000178e+00,4.974661396481367071e+00
2.681500000000299841e-05,2.700000000000000178e+00,4.974662200433609627e+00
2.682000000000299921e-05,2.700000000000000178e+00,4.974663000232890653e+00
2.682500000000300001e-05,2.700000000000000178e+00,4.974663795901034469e+00
2.683000000000300081e-05,2.700000000000000178e+00,4.974664587459616705e+00
2.683500000000300161e-05,2.700000000000000178e+00,4.974665374930054895e+00
2.684000000000300241e-05,2.700000000000000178e+00,4.974666158333776345e+00
2.684500000000300321e-05,2.700000000000000178e+00,4.974666937692074242e+00
2.685000000000300400e-05,2.700000000000000178e+00,4.974667713026040161e+00
2.685500000000300480e-05,2.700000000000000178e+00,4.974668484356658205e+00
2.686000000000300560e-05,2.700000000000000178e+00,4.974669251705120310e+00
2.686500000000300640e-05,2.700000000000000178e+00,4.974670015092121922e+00
2.687000000000300720e-05,2.700000000000000178e+00,4.974670774538156870e+00
2.687500000000300800e-05,2.700000000000000178e+00,4.974671530063969449e+00
2.688000000000300880e-05,2.700000000000000178e+00,4.974672281690150299e+00
2.688500000000300960e-05,2.700000000000000178e+00,4.974673029437074234e+00
2.689000000000301040e-05,2.700000000000000178e+00,4.974673773324767012e+00
2.689500000000301120e-05,2.700000000000000178e+00,4.974674513373622098e+00
2.690000000000301200e-05,2.700000000000000178e+00,4.974675249603680349e+00
2.690500000000301280e-05,2.700000000000000178e+00,4.974675982034710842e+00
2.691000000000301359e-05,2.700000000000000178e+00,4.974676710686659398e+00
2.691500000000301439e-05,2.700000000000000178e+00,4.974677435579240026e+00
2.692000000000301519e-05,2.700000000000000178e+00,4.974678156732022849e+00
2.692500000000301599e-05,2.700000000000000178e+00,4.974678874164633946e+00
2.693000000000301679e-05,2.700000000000000178e+00,4.974679587896543076e+00
2.693500000000301759e-05,2.700000000000000178e+00,4.974680297946957097e+00
2.694000000000301839e-05,2.700000000000000178e+00,4.974681004335009149e+00
2.694500000000301919e-05,2.700000000000000178e+00,4.974681707079875004e+00
2.695000000000301999e-05,2.700000000000000178e+00,4.974682406200666485e+00
2.695500000000302079e-05,2.700000000000000178e+00,4.974683101716151690e+00
2.696000000000302159e-05,2.700000000000000178e+00,4.974683793645108487e+00
2.696500000000302239e-05,2.700000000000000178e+00,4.974684482006434649e+00
2.697000000000302318e-05,2.700000000000000178e+00,4.974685166818526127e+00
2.697500000000302398e-05,2.700000000000000178e+00,4.974685848099950292e+00
2.698000000000302478e-05,2.700000000000000178e+00,4.974686525869316256e+00
2.698500000000302558e-05,2.700000000000000178e+00,4.974687200144637167e+00
2.699000000000302638e-05,2.700000000000000178e+00,4.974687870944133117e+00
2.699500000000302718e-05,2.700000000000000178e+00,4.974688538285983341e+00
2.700000000000302798e-05,2.700000000000000178e+00,4.974689202188303128e+00
2.700500000000302878e-05,2.700000000000000178e+00,4.974689862669011475e+00
2.701000000000302958e-05,2.700000000000000178e+00,4.974690519745894157e+00
2.701500000000303038e-05,2.700000000000000178e+00,4.974691173436697866e+00
2.702000000000303118e-05,2.700000000000000178e+00,4.974691823758940146e+00
2.702500000000303198e-05,2.700000000000000178e+00,4.974692470730159854e+00
2.703000000000303277e-05,2.700000000000000178e+00,4.974693114367817692e+00
2.703500000000303357e-05,2.700000000000000178e+00,4.974693754689388570e+00
2.704000000000303437e-05,2.700000000000000178e+00,4.974694391712169761e+00
2.704500000000303517e-05,2.700000000000000178e+00,4.974695025453248043e+00
2.705000000000303597e-05,2.700000000000000178e+00,4.974695655929742166e+00
2.705500000000303677e-05,2.700000000000000178e+00,4.974696283158555943e+00
2.706000000000303757e-05,2.700000000000000178e+00,4.974696907156565651e+00
2.706500000000303837e-05,2.700000000000000178e+00,4.974697527940744379e+00
2.707000000000303917e-05,2.700000000000000178e+00,4.974698145527630011e+00
2.707500000000303997e-05,2.700000000000000178e+00,4.974698759933968262e+00
2.708000000000304077e-05,2.700000000000000178e+00,4.974699371176369844e+00
2.708500000000304157e-05,2.700000000000000178e+00,4.974699979271275829e+00
2.709000000000304236e-05,2.700000000000000178e+00,4.974700584234944323e+00
2.709500000000304316e-05,2.700000000000000178e+00,4.974701186083512638e+00
2.710000000000304396e-05,2.700000000000000178e+00,4.974701784833536422e+00
2.710500000000304476e-05,2.700000000000000178e+00,4.974702380500884757e+00
2.711000000000304556e-05,2.700000000000000178e+00,4.974702973101696735e+00
2.711500000000304636e-05,2.700000000000000178e+00,4.974703562651820121e+00
2.712000000000304716e-05,2.700000000000000178e+00,4.974704149167213707e+00
2.712500000000304796e-05,2.700000000000000178e+00,4.974704732663650653e+00
2.713000000000304876e-05,2.700000000000000178e+00,4.974705313156536413e+00
2.713500000000304956e-05,2.700000000000000178e+00,4.974705890661787144e+00
2.714000000000305036e-05,2.700000000000000178e+00,4.974706465194937977e+00
2.714500000000305116e-05,2.700000000000000178e+00,4.974707036771388147e+00
2.715000000000305195e-05,2.700000000000000178e+00,4.974707605406368138e+00
2.715500000000305275e-05,2.700000000000000178e+00,4.974708171115078237e+00
2.716000000000305355e-05,2.700000000000000178e+00,4.974708733912936331e+00
2.716500000000305435e-05,2.700000000000000178e+00,4.974709293815199551e+00
2.717000000000305515e-05,2.700000000000000178e+00,4.974709850836612546e+00
2.717500000000305595e-05,2.700000000000000178e+00,4.974710404992099377e+00
2.718000000000305675e-05,2.700000000000000178e+00,4.974710956296620523e+00
2.718500000000305755e-05,2.700000000000000178e+00,4.974711504765088499e+00
2.719000000000305835e-05,2.700000000000000178e+00,4.974712050412184006e+00
2.719500000000305915e-05,2.700000000000000178e+00,4.974712593252452741e+00
2.720000000000305995e-05,2.700000000000000178e+00,4.974713133300587842e+00
2.720500000000306075e-05,2.700000000000000178e+00,4.974713670570955593e+00
2.721000000000306154e-05,2.700000000000000178e+00,4.974714205078053730e+00
2.721500000000306234e-05,2.700000000000000178e+00,4.974714736836168605e+00
2.722000000000306314e-05,2.700000000000000178e+00,4.974715265859440905e+00
2.722500000000306394e-05,2.700000000000000178e+00,4.974715792162376360e+00
2.723000000000306474e-05,2.700000000000000178e+00,4.974716315758852758e+00
2.723500000000306554e-05,2.700000000000000178e+00,4.974716836662881114e+00
2.724000000000306634e-05,2.700000000000000178e+00,4.974717354888617216e+00
2.724500000000306714e-05,2.700000000000000178e+00,4.974717870449881119e+00
2.725000000000306794e-05,2.700000000000000178e+00,4.974718383360369423e+00
2.725500000000306874e-05,2.700000000000000178e+00,4.974718893633898631e+00
2.726000000000306954e-05,2.700000000000000178e+00,4.974719401284153797e+00
2.726500000000307034e-05,2.700000000000000178e+00,4.974719906324709839e+00
2.727000000000307113e-05,2.700000000000000178e+00,4.974720408769147006e+00
2.727500000000307193e-05,2.700000000000000178e+00,4.974720908630789751e+00
2.728000000000307273e-05,2.700000000000000178e+00,4.974721405923041573e+00
2.728500000000307353e-05,2.700000000000000178e+00,4.974721900659424101e+00
2.729000000000307433e-05,2.700000000000000178e+00,4.974722392853069941e+00
2.729500000000307513e-05,2.700000000000000178e+00,4.974722882516974920e+00
2.730000000000307593e-05,2.700000000000000178e+00,4.974723369664503458e+00
2.730500000000307673e-05,2.700000000000000178e+00,4.974723854308597204e+00
2.731000000000307753e-05,2.700000000000000178e+00,4.974724336462219121e+00
2.731500000000307833e-05,2.700000000000000178e+00,4.974724816138185624e+00
2.732000000000307913e-05,2.700000000000000178e+00,4.974725293349448130e+00
2.732500000000307993e-05,2.700000000000000178e+00,4.974725768108702262e+00
2.733000000000308072e-05,2.700000000000000178e+00,4.974726240428621438e+00
2.733500000000308152e-05,2.700000000000000178e+00,4.974726710321979439e+00
2.734000000000308232e-05,2.700000000000000178e+00,4.974727177801248956e+00
2.734500000000308312e-05,2.700000000000000178e+00,4.974727642878915113e+00
2.735000000000308392e-05,2.700000000000000178e+00,4.974728105567259639e+00
2.735500000000308472e-05,2.700000000000000178e+00,4.974728565878904440e+00
2.736000000000308552e-05,2.700000000000000178e+00,4.974729023826153451e+00
2.736500000000308632e-05,2.700000000000000178e+00,4.974729479421094780e+00
2.737000000000308712e-05,2.700000000000000178e+00,4.974729932675857391e+00
2.737500000000308792e-05,2.700000000000000178e+00,4.974730383602568473e+00
2.738000000000308872e-05,2.700000000000000178e+00,4.974730832213460019e+00
2.738500000000308952e-05,2.700000000000000178e+00,4.974731278520543754e+00
2.739000000000309031e-05,2.700000000000000178e+00,4.974731722535508993e+00
2.739500000000309111e-05,2.700000000000000178e+00,4.974732164270234236e+00
2.740000000000309191e-05,2.700000000000000178e+00,4.974732603736487846e+00
2.740500000000309271e-05,2.700000000000000178e+00,4.974733040946214047e+00
2.741000000000309351e-05,2.700000000000000178e+00,4.974733475911069291e+00
2.741500000000309431e-05,2.700000000000000178e+00,4.974733908642391178e+00
2.742000000000309511e-05,2.700000000000000178e+00,4.974734339151848594e+00
2.742500000000309591e-05,2.700000000000000178e+00,4.974734767451104211e+00
2.743000000000309671e-05,2.700000000000000178e+00,4.974735193551438783e+00
2.743500000000309751e-05,2.700000000000000178e+00,4.974735617464176585e+00
2.744000000000309831e-05,2.700000000000000178e+00,4.974736039200784887e+00
2.744500000000309911e-05,2.700000000000000178e+00,4.974736458772399672e+00
2.745000000000309990e-05,2.700000000000000178e+00,4.974736876190210211e+00
2.745500000000310070e-05,2.700000000000000178e+00,4.974737291465376465e+00
2.746000000000310150e-05,2.700000000000000178e+00,4.974737704608980238e+00
2.746500000000310230e-05,2.700000000000000178e+00,4.974738115632047375e+00
2.747000000000310310e-05,2.700000000000000178e+00,4.974738524545532670e+00
2.747500000000310390e-05,2.700000000000000178e+00,4.974738931360250582e+00
2.748000000000310470e-05,2.700000000000000178e+00,4.974739336087027120e+00
2.748500000000310550e-05,2.700000000000000178e+00,4.974739738736783323e+00
2.749000000000310630e-05,2.700000000000000178e+00,4.974740139320252830e+00
2.749500000000310710e-05,2.700000000000000178e+00,4.974740537847972988e+00
2.750000000000310790e-05,2.700000000000000178e+00,4.974740934330689868e+00
2.750500000000310870e-05,2.700000000000000178e+00,4.974741328779034077e+00
2.751000000000310949e-05,2.700000000000000178e+00,4.974741721203359113e+00
2.751500000000311029e-05,2.700000000000000178e+00,4.974742111614070872e+00
2.752000000000311109e-05,2.700000000000000178e+00,4.974742500021656078e+00
2.752500000000311189e-05,2.700000000000000178e+00,4.974742886436449574e+00
2.753000000000311269e-05,2.700000000000000178e+00,4.974743270868667189e+00
2.753500000000311349e-05,2.700000000000000178e+00,4.974743653328675741e+00
2.754000000000311429e-05,2.700000000000000178e+00,4.974744033826692835e+00
2.754500000000311509e-05,2.700000000000000178e+00,4.974744412372728242e+00
2.755000000000311589e-05,2.700000000000000178e+00,4.974744788976867227e+00
2.755500000000311669e-05,2.700000000000000178e+00,4.974745163649232360e+00
2.756000000000311749e-05,2.700000000000000178e+00,4.974745536399597157e+00
2.756500000000311828e-05,2.700000000000000178e+00,4.974745907238000697e+00
2.757000000000311908e-05,2.700000000000000178e+00,4.974746276174418114e+00
2.757500000000311988e-05,2.700000000000000178e+00,4.974746643218442621e+00
2.758000000000312068e-05,2.700000000000000178e+00,4.974747008379934776e+00
2.758500000000312148e-05,2.700000000000000178e+00,4.974747371668726714e+00
2.759000000000312228e-05,2.700000000000000178e+00,4.974747733094335267e+00
2.759500000000312308e-05,2.700000000000000178e+00,4.974748092666383847e+00
2.760000000000312388e-05,2.700000000000000178e+00,4.974748450394455013e+00
2.760500000000312468e-05,2.700000000000000178e+00,4.974748806288117997e+00
2.761000000000312548e-05,2.700000000000000178e+00,4.974749160356799038e+00
2.761500000000312628e-05,2.700000000000000178e+00,4.974749512609868418e+00
2.762000000000312708e-05,2.700000000000000178e+00,4.974749863056820764e+00
2.762500000000312787e-05,2.700000000000000178e+00,4.974750211706790992e+00
2.763000000000312867e-05,2.700000000000000178e+00,4.974750558569001946e+00
2.763500000000312947e-05,2.700000000000000178e+00,4.974750903652890521e+00
2.764000000000313027e-05,2.700000000000000178e+00,4.974751246967692886e+00
2.764500000000313107e-05,2.700000000000000178e+00,4.974751588522160262e+00
2.765000000000313187e-05,2.700000000000000178e+00,4.974751928325582995e+00
2.765500000000313267e-05,2.700000000000000178e+00,4.974752266387144850e+00
2.766000000000313347e-05,2.700000000000000178e+00,4.974752602715654781e+00
2.766500000000313427e-05,2.700000000000000178e+00,4.974752937320074508e+00
2.767000000000313507e-05,2.700000000000000178e+00,4.974753270209181899e+00
2.767500000000313587e-05,2.700000000000000178e+00,4.974753601391872948e+00
2.768000000000313667e-05,2.700000000000000178e+00,4.974753930877045427e+00
2.768500000000313746e-05,2.700000000000000178e+00,4.974754258673342200e+00
2.769000000000313826e-05,2.700000000000000178e+00,4.974754584789522482e+00
2.769500000000313906e-05,2.700000000000000178e+00,4.974754909234327727e+00
2.770000000000313986e-05,2.700000000000000178e+00,4.974755232016113915e+00
2.770500000000314066e-05,2.700000000000000178e+00,4.974755553143697995e+00
2.771000000000314146e-05,2.700000000000000178e+00,4.974755872625478581e+00
2.771500000000314226e-05,2.700000000000000178e+00,4.974756190469842743e+00
2.772000000000314306e-05,2.700000000000000178e+00,4.974756506685595880e+00
2.772500000000314386e-05,2.700000000000000178e+00,4.974756821280794661e+00
2.773000000000314466e-05,2.700000000000000178e+00,4.974757134263877667e+00
2.773500000000314546e-05,2.700000000000000178e+00,4.974757445643131604e+00
2.774000000000314626e-05,2.700000000000000178e+00,4.974757755426679751e+00
2.774500000000314705e-05,2.700000000000000178e+00,4.974758063623046844e+00
2.775000000000314785e-05,2.700000000000000178e+00,4.974758370240355276e+00
2.775500000000314865e-05,2.700000000000000178e+00,4.974758675286480525e+00
2.776000000000314945e-05,2.700000000000000178e+00,4.974758978769711959e+00
2.776500000000315025e-05,2.700000000000000178e+00,4.974759280697978348e+00
2.777000000000315105e-05,2.700000000000000178e+00,4.974759581079430504e+00
2.777500000000315185e-05,2.700000000000000178e+00,4.974759879922059369e+00
2.778000000000315265e-05,2.700000000000000178e+00,4.974760177233540581e+00
2.778500000000315345e-05,2.700000000000000178e+00,4.974760473021858864e+00
2.779000000000315425e-05,2.700000000000000178e+00,4.974760767295065556e+00
2.779500000000315505e-05,2.700000000000000178e+00,4.974761060060745699e+00
2.780000000000315585e-05,2.700000000000000178e+00,4.974761351326657532e+00
2.780500000000315664e-05,2.700000000000000178e+00,4.974761641100605480e+00
2.781000000000315744e-05,2.700000000000000178e+00,4.974761929390305149e+00
2.781500000000315824e-05,2.700000000000000178e+00,4.974762216203308718e+00
2.782000000000315904e-05,2.700000000000000178e+00,4.974762501547004945e+00
2.782500000000315984e-05,2.700000000000000178e+00,4.974762785429443390e+00
2.783000000000316064e-05,2.700000000000000178e+00,4.974763067857879584e+00
2.783500000000316144e-05,2.700000000000000178e+00,4.974763348839729815e+00
2.784000000000316224e-05,2.700000000000000178e+00,4.974763628382436131e+00
2.784500000000316304e-05,2.700000000000000178e+00,4.974763906493509857e+00
2.785000000000316384e-05,2.700000000000000178e+00,4.974764183180345078e+00
2.785500000000316464e-05,2.700000000000000178e+00,4.974764458450284366e+00
2.786000000000316544e-05,2.700000000000000178e+00,4.974764732310387849e+00
2.786500000000316623e-05,2.700000000000000178e+00,4.974765004768014975e+00
2.787000000000316703e-05,2.700000000000000178e+00,4.974765275830687727e+00
2.787500000000316783e-05,2.700000000000000178e+00,4.974765545505204223e+00
2.788000000000316863e-05,2.700000000000000178e+00,4.974765813798665448e+00
2.788500000000316943e-05,2.700000000000000178e+00,4.974766080718416639e+00
2.789000000000317023e-05,2.700000000000000178e+00,4.974766346271534800e+00
2.789500000000317103e-05,2.700000000000000178e+00,4.974766610464857131e+00
2.790000000000317183e-05,2.700000000000000178e+00,4.974766873305497938e+00
2.790500000000317263e-05,2.700000000000000178e+00,4.974767134800346824e+00
2.791000000000317343e-05,2.700000000000000178e+00,4.974767394956371547e+00
2.791500000000317423e-05,2.700000000000000178e+00,4.974767653780463483e+00
2.792000000000317503e-05,2.700000000000000178e+00,4.974767911279478483e+00
2.792500000000317582e-05,2.700000000000000178e+00,4.974768167460150714e+00
2.793000000000317662e-05,2.700000000000000178e+00,4.974768422329275630e+00
2.793500000000317742e-05,2.700000000000000178e+00,4.974768675893642467e+00
2.794000000000317822e-05,2.700000000000000178e+00,4.974768928159914338e+00
2.794500000000317902e-05,2.700000000000000178e+00,4.974769179134865382e+00
2.795000000000317982e-05,2.700000000000000178e+00,4.974769428825110751e+00
2.795500000000318062e-05,2.700000000000000178e+00,4.974769677237217635e+00
2.796000000000318142e-05,2.700000000000000178e+00,4.974769924377740793e+00
2.796500000000318222e-05,2.700000000000000178e+00,4.974770170253148827e+00
2.797000000000318302e-05,2.700000000000000178e+00,4.974770414869984059e+00
2.797500000000318382e-05,2.700000000000000178e+00,4.974770658234829668e+00
2.798000000000318462e-05,2.700000000000000178e+00,4.974770900354018366e+00
2.798500000000318541e-05,2.700000000000000178e+00,4.974771141234044514e+00
2.799000000000318621e-05,2.700000000000000178e+00,4.974771380881140459e+00
2.799500000000318701e-05,2.700000000000000178e+00,4.974771619301637138e+00
2.800000000000318781e-05,2.700000000000000178e+00,4.974771856502026246e+00
2.800500000000318861e-05,2.700000000000000178e+00,4.974772092488302100e+00
2.801000000000318941e-05,2.700000000000000178e+00,4.974772327266903105e+00
2.801500000000319021e-05,2.700000000000000178e+00,4.974772560844046509e+00
2.802000000000319101e-05,2.700000000000000178e+00,4.974772793225728407e+00
2.802500000000319181e-05,2.700000000000000178e+00,4.974773024418280620e+00
2.803000000000319261e-05,2.700000000000000178e+00,4.974773254427745428e+00
2.803500000000319341e-05,2.700000000000000178e+00,4.974773483260157114e+00
2.804000000000319421e-05,2.700000000000000178e+00,4.974773710921708947e+00
2.804500000000319500e-05,2.700000000000000178e+00,4.974773937418287773e+00
2.805000000000319580e-05,2.700000000000000178e+00,4.974774162755828399e+00
2.805500000000319660e-05,2.700000000000000178e+00,4.974774386940335802e+00
2.806000000000319740e-05,2.700000000000000178e+00,4.974774609977714590e+00
2.806500000000319820e-05,2.700000000000000178e+00,4.974774831873926217e+00
2.807000000000319900e-05,2.700000000000000178e+00,4.974775052634806016e+00
2.807500000000319980e-05,2.700000000000000178e+00,4.974775272266103165e+00
2.808000000000320060e-05,2.700000000000000178e+00,4.974775490773609476e+00
2.808500000000320140e-05,2.700000000000000178e+00,4.974775708163330812e+00
2.809000000000320220e-05,2.700000000000000178e+00,4.974775924440747232e+00
2.809500000000320300e-05,2.700000000000000178e+00,4.974776139611749137e+00
2.810000000000320380e-05,2.700000000000000178e+00,4.974776353681895635e+00
2.810500000000320459e-05,2.700000000000000178e+00,4.974776566656889720e+00
2.811000000000320539e-05,2.700000000000000178e+00,4.974776778542395306e+00
2.811500000000320619e-05,2.700000000000000178e+00,4.974776989343843603e+00
2.812000000000320699e-05,2.700000000000000178e+00,4.974777199066920730e+00
2.812500000000320779e-05,2.700000000000000178e+00,4.974777407717047240e+00
2.813000000000320859e-05,2.700000000000000178e+00,4.974777615300031819e+00
2.813500000000320939e-05,2.700000000000000178e+00,4.974777821821160018e+00
2.814000000000321019e-05,2.700000000000000178e+00,4.974778027285716497e+00
2.814500000000321099e-05,2.700000000000000178e+00,4.974778231699342079e+00
2.815000000000321179e-05,2.700000000000000178e+00,4.974778435067361393e+00
2.815500000000321259e-05,2.700000000000000178e+00,4.974778637395100844e+00
2.816000000000321339e-05,2.700000000000000178e+00,4.974778838688068916e+00
2.816500000000321418e-05,2.700000000000000178e+00,4.974779038951551158e+00
2.817000000000321498e-05,2.700000000000000178e+00,4.974779238190548014e+00
2.817500000000321578e-05,2.700000000000000178e+00,4.974779436410560862e+00
2.818000000000321658e-05,2.700000000000000178e+00,4.974779633616810415e+00
2.818500000000321738e-05,2.700000000000000178e+00,4.974779829814321985e+00
2.819000000000321818e-05,2.700000000000000178e+00,4.974780025008406881e+00
2.819500000000321898e-05,2.700000000000000178e+00,4.974780219204268938e+00
2.820000000000321978e-05,2.700000000000000178e+00,4.974780412407072028e+00
2.820500000000322058e-05,2.700000000000000178e+00,4.974780604621683366e+00
2.821000000000322138e-05,2.700000000000000178e+00,4.974780795853377846e+00
2.821500000000322218e-05,2.700000000000000178e+00,4.974780986107044001e+00
2.822000000000322298e-05,2.700000000000000178e+00,4.974781175387720467e+00
2.822500000000322377e-05,2.700000000000000178e+00,4.974781363700491177e+00
2.823000000000322457e-05,2.700000000000000178e+00,4.974781551050294404e+00
2.823500000000322537e-05,2.700000000000000178e+00,4.974781737442162566e+00
2.824000000000322617e-05,2.700000000000000178e+00,4.974781922880740836e+00
2.824500000000322697e-05,2.700000000000000178e+00,4.974782107371155782e+00
2.825000000000322777e-05,2.700000000000000178e+00,4.974782290918170702e+00
2.825500000000322857e-05,2.700000000000000178e+00,4.974782473526664361e+00
2.826000000000322937e-05,2.700000000000000178e+00,4.974782655201441806e+00
2.826500000000323017e-05,2.700000000000000178e+00,4.974782835947291204e+00
2.827000000000323097e-05,2.700000000000000178e+00,4.974783015768965200e+00
2.827500000000323177e-05,2.700000000000000178e+00,4.974783194671104525e+00
2.828000000000323257e-05,2.700000000000000178e+00,4.974783372658631464e+00
2.828500000000323336e-05,2.700000000000000178e+00,4.974783549736152999e+00
2.829000000000323416e-05,2.700000000000000178e+00,4.974783725908321408e+00
2.829500000000323496e-05,2.700000000000000178e+00,4.974783901179741896e+00
2.830000000000323576e-05,2.700000000000000178e+00,4.974784075555055196e+00
2.830500000000323656e-05,2.700000000000000178e+00,4.974784249038835426e+00
2.831000000000323736e-05,2.700000000000000178e+00,4.974784421635802367e+00
2.831500000000323816e-05,2.700000000000000178e+00,4.974784593350256579e+00
2.832000000000323896e-05,2.700000000000000178e+00,4.974784764186825470e+00
2.832500000000323976e-05,2.700000000000000178e+00,4.974784934150196847e+00
2.833000000000324056e-05,2.700000000000000178e+00,4.974785103244631301e+00
2.833500000000324136e-05,2.700000000000000178e+00,4.974785271474583936e+00
2.834000000000324215e-05,2.700000000000000178e+00,4.974785438844611996e+00
2.834500000000324295e-05,2.700000000000000178e+00,4.974785605359056895e+00
2.835000000000324375e-05,2.700000000000000178e+00,4.974785771022155245e+00
2.835500000000324455e-05,2.700000000000000178e+00,4.974785935838433204e+00
2.836000000000324535e-05,2.700000000000000178e+00,4.974786099812211759e+00
2.836500000000324615e-05,2.700000000000000178e+00,4.974786262947800353e+00
2.837000000000324695e-05,2.700000000000000178e+00,4.974786425249519084e+00
2.837500000000324775e-05,2.700000000000000178e+00,4.974786586721709369e+00
2.838000000000324855e-05,2.700000000000000178e+00,4.974786747368646900e+00
2.838500000000324935e-05,2.700000000000000178e+00,4.974786907194382657e+00
2.839000000000325015e-05,2.700000000000000178e+00,4.974787066203041341e+00
2.839500000000325095e-05,2.700000000000000178e+00,4.974787224399017660e+00
2.840000000000325174e-05,2.700000000000000178e+00,4.974787381786526907e+00
2.840500000000325254e-05,2.700000000000000178e+00,4.974787538369491280e+00
2.841000000000325334e-05,2.700000000000000178e+00,4.974787694152249529e+00
2.841500000000325414e-05,2.700000000000000178e+00,4.974787849138829543e+00
2.842000000000325494e-05,2.700000000000000178e+00,4.974788003333165953e+00
2.842500000000325574e-05,2.700000000000000178e+00,4.974788156739464284e+00
2.843000000000325654e-05,2.700000000000000178e+00,4.974788309361747096e+00
2.843500000000325734e-05,2.700000000000000178e+00,4.974788461204114220e+00
2.844000000000325814e-05,2.700000000000000178e+00,4.974788612270347521e+00
2.844500000000325894e-05,2.700000000000000178e+00,4.974788762564592126e+00
2.845000000000325974e-05,2.700000000000000178e+00,4.974788912090735593e+00
2.845500000000326054e-05,2.700000000000000178e+00,4.974789060852743638e+00
2.846000000000326133e-05,2.700000000000000178e+00,4.974789208854617506e+00
2.846500000000326213e-05,2.700000000000000178e+00,4.974789356100009385e+00
2.847000000000326293e-05,2.700000000000000178e+00,4.974789502592999568e+00
2.847500000000326373e-05,2.700000000000000178e+00,4.974789648337452519e+00
2.848000000000326453e-05,2.700000000000000178e+00,4.974789793336969801e+00
2.848500000000326533e-05,2.700000000000000178e+00,4.974789937595496703e+00
2.849000000000326613e-05,2.700000000000000178e+00,4.974790081117010487e+00
2.849500000000326693e-05,2.700000000000000178e+00,4.974790223905139364e+00
2.850000000000326773e-05,2.700000000000000178e+00,4.974790365963718486e+00
2.850500000000326853e-05,2.700000000000000178e+00,4.974790507296313002e+00
2.851000000000326933e-05,2.700000000000000178e+00,4.974790647906679020e+00
2.851500000000327013e-05,2.700000000000000178e+00,4.974790787798665903e+00
2.852000000000327092e-05,2.700000000000000178e+00,4.974790926975827254e+00
2.852500000000327172e-05,2.700000000000000178e+00,4.974791065441825921e+00
2.853000000000327252e-05,2.700000000000000178e+00,4.974791203200346956e+00
2.853500000000327332e-05,2.700000000000000178e+00,4.974791340254922645e+00
2.854000000000327412e-05,2.700000000000000178e+00,4.974791476609277119e+00
2.854500000000327492e-05,2.700000000000000178e+00,4.974791612266978191e+00
2.855000000000327572e-05,2.700000000000000178e+00,4.974791747231494199e+00
2.855500000000327652e-05,2.700000000000000178e+00,4.974791881506513747e+00
2.856000000000327732e-05,2.700000000000000178e+00,4.974792015095505171e+00
2.856500000000327812e-05,2.700000000000000178e+00,4.974792148001968783e+00
2.857000000000327892e-05,2.700000000000000178e+00,4.974792280229415553e+00
2.857500000000327972e-05,2.700000000000000178e+00,4.974792411781363555e+00
2.858000000000328051e-05,2.700000000000000178e+00,4.974792542661158556e+00
2.858500000000328131e-05,2.700000000000000178e+00,4.974792672872203170e+00
2.859000000000328211e-05,2.700000000000000178e+00,4.974792802418131821e+00
2.859500000000328291e-05,2.700000000000000178e+00,4.974792931302227217e+00
2.860000000000328371e-05,2.700000000000000178e+00,4.974793059527883088e+00
2.860500000000328451e-05,2.700000000000000178e+00,4.974793187098569547e+00
2.861000000000328531e-05,2.700000000000000178e+00,4.974793314017551538e+00
2.861500000000328611e-05,2.700000000000000178e+00,4.974793440288041602e+00
2.862000000000328691e-05,2.700000000000000178e+00,4.974793565913402382e+00
2.862500000000328771e-05,2.700000000000000178e+00,4.974793690897199916e+00
2.863000000000328851e-05,2.700000000000000178e+00,4.974793815242519734e+00
2.863500000000328931e-05,2.700000000000000178e+00,4.974793938952618788e+00
2.864000000000329010e-05,2.700000000000000178e+00,4.974794062030707842e+00
2.864500000000329090e-05,2.700000000000000178e+00,4.974794184480124670e+00
2.865000000000329170e-05,2.700000000000000178e+00,4.974794306304061386e+00
2.865500000000329250e-05,2.700000000000000178e+00,4.974794427505641714e+00
2.866000000000329330e-05,2.700000000000000178e+00,4.974794548088283364e+00
2.866500000000329410e-05,2.700000000000000178e+00,4.974794668054896007e+00
2.867000000000329490e-05,2.700000000000000178e+00,4.974794787408673535e+00
2.867500000000329570e-05,2.700000000000000178e+00,4.974794906152903984e+00
2.868000000000329650e-05,2.700000000000000178e+00,4.974795024290544987e+00
2.868500000000329730e-05,2.700000000000000178e+00,4.974795141824841949e+00
2.869000000000329810e-05,2.700000000000000178e+00,4.974795258758759608e+00
2.869500000000329890e-05,2.700000000000000178e+00,4.974795375095365735e+00
2.870000000000329969e-05,2.700000000000000178e+00,4.974795490837828460e+00
2.870500000000330049e-05,2.700000000000000178e+00,4.974795605989066338e+00
2.871000000000330129e-05,2.700000000000000178e+00,4.974795720552182665e+00
2.871500000000330209e-05,2.700000000000000178e+00,4.974795834530249650e+00
2.872000000000330289e-05,2.700000000000000178e+00,4.974795947926135220e+00
2.872500000000330369e-05,2.700000000000000178e+00,4.974796060742805004e+00
2.873000000000330449e-05,2.700000000000000178e+00,4.974796172983333875e+00
2.873500000000330529e-05,2.700000000000000178e+00,4.974796284650543576e+00
2.874000000000330609e-05,2.700000000000000178e+00,4.974796395747505429e+00
2.874500000000330689e-05,2.700000000000000178e+00,4.974796506277114894e+00
2.875000000000330769e-05,2.700000000000000178e+00,4.974796616242124436e+00
2.875500000000330849e-05,2.700000000000000178e+00,4.974796725645587614e+00
2.876000000000330928e-05,2.700000000000000178e+00,4.974796834490406106e+00
2.876500000000331008e-05,2.700000000000000178e+00,4.974796942779285303e+00
2.877000000000331088e-05,2.700000000000000178e+00,4.974797050514998098e+00
2.877500000000331168e-05,2.700000000000000178e+00,4.974797157700673544e+00
2.878000000000331248e-05,2.700000000000000178e+00,4.974797264338953084e+00
2.878500000000331328e-05,2.700000000000000178e+00,4.974797370432655796e+00
2.879000000000331408e-05,2.700000000000000178e+00,4.974797475984572337e+00
2.879500000000331488e-05,2.700000000000000178e+00,4.974797580997462276e+00
2.880000000000331568e-05,2.700000000000000178e+00,4.974797685474129594e+00
2.880500000000331648e-05,2.700000000000000178e+00,4.974797789417152671e+00
2.881000000000331728e-05,2.700000000000000178e+00,4.974797892829486479e+00
2.881500000000331808e-05,2.700000000000000178e+00,4.974797995713728938e+00
2.882000000000331887e-05,2.700000000000000178e+00,4.974798098072541919e+00
2.882500000000331967e-05,2.700000000000000178e+00,4.974798199908570417e+00
2.883000000000332047e-05,2.700000000000000178e+00,4.974798301224645058e+00
2.883500000000332127e-05,2.700000000000000178e+00,4.974798402023514754e+00
2.884000000000332207e-05,2.700000000000000178e+00,4.974798502307587356e+00
2.884500000000332287e-05,2.700000000000000178e+00,4.974798602079429699e+00
2.885000000000332367e-05,2.700000000000000178e+00,4.974798701341870633e+00
2.885500000000332447e-05,2.700000000000000178e+00,4.974798800097608442e+00
2.886000000000332527e-05,2.700000000000000178e+00,4.974798898348989695e+00
2.886500000000332607e-05,2.700000000000000178e+00,4.974798996098666493e+00
2.887000000000332687e-05,2.700000000000000178e+00,4.974799093349302481e+00
2.887500000000332767e-05,2.700000000000000178e+00,4.974799190103268209e+00
2.888000000000332846e-05,2.700000000000000178e+00,4.974799286363288608e+00
2.888500000000332926e-05,2.700000000000000178e+00,4.974799382131925185e+00
2.889000000000333006e-05,2.700000000000000178e+00,4.974799477411531612e+00
2.889500000000333086e-05,2.700000000000000178e+00,4.974799572204561926e+00
2.890000000000333166e-05,2.700000000000000178e+00,4.974799666513486152e+00
2.890500000000333246e-05,2.700000000000000178e+00,4.974799760340943067e+00
2.891000000000333326e-05,2.700000000000000178e+00,4.974799853689527041e+00
2.891500000000333406e-05,2.700000000000000178e+00,4.974799946561520692e+00
2.892000000000333486e-05,2.700000000000000178e+00,4.974800038959170223e+00
2.892500000000333566e-05,2.700000000000000178e+00,4.974800130884952765e+00
2.893000000000333646e-05,2.700000000000000178e+00,4.974800222341555056e+00
2.893500000000333726e-05,2.700000000000000178e+00,4.974800313331402712e+00
2.894000000000333805e-05,2.700000000000000178e+00,4.974800403856505682e+00
2.894500000000333885e-05,2.700000000000000178e+00,4.974800493919341982e+00
2.895000000000333965e-05,2.700000000000000178e+00,4.974800583522528186e+00
2.895500000000334045e-05,2.700000000000000178e+00,4.974800672668337143e+00
2.896000000000334125e-05,2.700000000000000178e+00,4.974800761358888046e+00
2.896500000000334205e-05,2.700000000000000178e+00,4.974800849596603847e+00
2.897000000000334285e-05,2.700000000000000178e+00,4.974800937383919930e+00
2.897500000000334365e-05,2.700000000000000178e+00,4.974801024723067400e+00
2.898000000000334445e-05,2.700000000000000178e+00,4.974801111616256932e+00
2.898500000000334525e-05,2.700000000000000178e+00,4.974801198065922136e+00
2.899000000000334605e-05,2.700000000000000178e+00,4.974801284074241714e+00
2.899500000000334685e-05,2.700000000000000178e+00,4.974801369643477855e+00
2.900000000000334764e-05,2.700000000000000178e+00,4.974801454775928278e+00
2.900500000000334844e-05,2.700000000000000178e+00,4.974801539473749479e+00
2.901000000000334924e-05,2.700000000000000178e+00,4.974801623739259604e+00
2.901500000000335004e-05,2.700000000000000178e+00,4.974801707574548537e+00
2.902000000000335084e-05,2.700000000000000178e+00,4.974801790981810967e+00
2.902500000000335164e-05,2.700000000000000178e+00,4.974801873963332177e+00
2.903000000000335244e-05,2.700000000000000178e+00,4.974801956521125668e+00
2.903500000000335324e-05,2.700000000000000178e+00,4.974802038657582415e+00
2.904000000000335404e-05,2.700000000000000178e+00,4.974802120374884673e+00
2.904500000000335484e-05,2.700000000000000178e+00,4.974802201674903834e+00
2.905000000000335564e-05,2.700000000000000178e+00,4.974802282559857680e+00
2.905500000000335643e-05,2.700000000000000178e+00,4.974802363032041264e+00
2.906000000000335723e-05,2.700000000000000178e+00,4.974802443093413018e+00
2.906500000000335803e-05,2.700000000000000178e+00,4.974802522746096578e+00
2.907000000000335883e-05,2.700000000000000178e+00,4.974802601992281303e+00
2.907500000000335963e-05,2.700000000000000178e+00,4.974802680833827040e+00
2.908000000000336043e-05,2.700000000000000178e+00,4.974802759272956898e+00
2.908500000000336123e-05,2.700000000000000178e+00,4.974802837311615100e+00
2.909000000000336203e-05,2.700000000000000178e+00,4.974802914952037192e+00
2.909500000000336283e-05,2.700000000000000178e+00,4.974802992196106111e+00
2.910000000000336363e-05,2.700000000000000178e+00,4.974803069045895754e+00
2.910500000000336443e-05,2.700000000000000178e+00,4.974803145503531532e+00
2.911000000000336523e-05,2.700000000000000178e+00,4.974803221570856415e+00
2.911500000000336602e-05,2.700000000000000178e+00,4.974803297249954070e+00
2.912000000000336682e-05,2.700000000000000178e+00,4.974803372542782931e+00
2.912500000000336762e-05,2.700000000000000178e+00,4.974803447451225935e+00
2.913000000000336842e-05,2.700000000000000178e+00,4.974803521977278820e+00
2.913500000000336922e-05,2.700000000000000178e+00,4.974803596123057225e+00
2.914000000000337002e-05,2.700000000000000178e+00,4.974803669890293989e+00
2.914500000000337082e-05,2.700000000000000178e+00,4.974803743281024815e+00
2.915000000000337162e-05,2.700000000000000178e+00,4.974803816297174386e+00
2.915500000000337242e-05,2.700000000000000178e+00,4.974803888940654062e+00
2.916000000000337322e-05,2.700000000000000178e+00,4.974803961213496883e+00
2.916500000000337402e-05,2.700000000000000178e+00,4.974804033117427693e+00
2.917000000000337482e-05,2.700000000000000178e+00,4.974804104654313441e+00
2.917500000000337561e-05,2.700000000000000178e+00,4.974804175826025521e+00
2.918000000000337641e-05,2.700000000000000178e+00,4.974804246634453087e+00
2.918500000000337721e-05,2.700000000000000178e+00,4.974804317081636285e+00
2.919000000000337801e-05,2.700000000000000178e+00,4.974804387169404762e+00
2.919500000000337881e-05,2.700000000000000178e+00,4.974804456899310168e+00
2.920000000000337961e-05,2.700000000000000178e+00,4.974804526273283400e+00
2.920500000000338041e-05,2.700000000000000178e+00,4.974804595293229603e+00
2.921000000000338121e-05,2.700000000000000178e+00,4.974804663960824769e+00
2.921500000000338201e-05,2.700000000000000178e+00,4.974804732278099273e+00
2.922000000000338281e-05,2.700000000000000178e+00,4.974804800246743319e+00
2.922500000000338361e-05,2.700000000000000178e+00,4.974804867868324543e+00
2.923000000000338441e-05,2.700000000000000178e+00,4.974804935144819140e+00
2.923500000000338520e-05,2.700000000000000178e+00,4.974805002078102056e+00
2.924000000000338600e-05,2.700000000000000178e+00,4.974805068669836849e+00
2.924500000000338680e-05,2.700000000000000178e+00,4.974805134921727046e+00
2.925000000000338760e-05,2.700000000000000178e+00,4.974805200835468177e+00
2.925500000000338840e-05,2.700000000000000178e+00,4.974805266412691829e+00
2.926000000000338920e-05,2.700000000000000178e+00,4.974805331655261398e+00
2.926500000000339000e-05,2.700000000000000178e+00,4.974805396564962123e+00
2.927000000000339080e-05,2.700000000000000178e+00,4.974805461143485097e+00
2.927500000000339160e-05,2.700000000000000178e+00,4.974805525392402394e+00
2.928000000000339240e-05,2.700000000000000178e+00,4.974805589313386456e+00
2.928500000000339320e-05,2.700000000000000178e+00,4.974805652908180775e+00
2.929000000000339400e-05,2.700000000000000178e+00,4.974805716178574144e+00
2.929500000000339479e-05,2.700000000000000178e+00,4.974805779126028504e+00
2.930000000000339559e-05,2.700000000000000178e+00,4.974805841752070634e+00
2.930500000000339639e-05,2.700000000000000178e+00,4.974805904058701600e+00
2.931000000000339719e-05,2.700000000000000178e+00,4.974805966047354033e+00
2.931500000000339799e-05,2.700000000000000178e+00,4.974806027719551160e+00
2.932000000000339879e-05,2.700000000000000178e+00,4.974806089077149274e+00
2.932500000000339959e-05,2.700000000000000178e+00,4.974806150121669823e+00
2.933000000000340039e-05,2.700000000000000178e+00,4.974806210854736399e+00
2.933500000000340119e-05,2.700000000000000178e+00,4.974806271277834036e+00
2.934000000000340199e-05,2.700000000000000178e+00,4.974806331392476189e+00
2.934500000000340279e-05,2.700000000000000178e+00,4.974806391200422340e+00
2.935000000000340359e-05,2.700000000000000178e+00,4.974806450703264993e+00
2.935500000000340438e-05,2.700000000000000178e+00,4.974806509902419904e+00
2.936000000000340518e-05,2.700000000000000178e+00,4.974806568799476914e+00
2.936500000000340598e-05,2.700000000000000178e+00,4.974806627395897962e+00
2.937000000000340678e-05,2.700000000000000178e+00,4.974806685693445196e+00
2.937500000000340758e-05,2.700000000000000178e+00,4.974806743693646283e+00
2.938000000000340838e-05,2.700000000000000178e+00,4.974806801397752665e+00
2.938500000000340918e-05,2.700000000000000178e+00,4.974806858807371057e+00
2.939000000000340998e-05,2.700000000000000178e+00,4.974806915923979389e+00
2.939500000000341078e-05,2.700000000000000178e+00,4.974806972749239442e+00
2.940000000000341158e-05,2.700000000000000178e+00,4.974807029284532334e+00
2.940500000000341238e-05,2.700000000000000178e+00,4.974807085531404383e+00
2.941000000000341318e-05,2.700000000000000178e+00,4.974807141491404572e+00
2.941500000000341397e-05,2.700000000000000178e+00,4.974807197165684869e+00
2.942000000000341477e-05,2.700000000000000178e+00,4.974807252555808468e+00
2.942500000000341557e-05,2.700000000000000178e+00,4.974807307663470013e+00
2.943000000000341637e-05,2.700000000000000178e+00,4.974807362489946705e+00
2.943500000000341717e-05,2.700000000000000178e+00,4.974807417036565482e+00
2.944000000000341797e-05,2.700000000000000178e+00,4.974807471304813156e+00
2.944500000000341877e-05,2.700000000000000178e+00,4.974807525296320421e+00
2.945000000000341957e-05,2.700000000000000178e+00,4.974807579012324510e+00
2.945500000000342037e-05,2.700000000000000178e+00,4.974807632454089301e+00
2.946000000000342117e-05,2.700000000000000178e+00,4.974807685623240161e+00
2.946500000000342197e-05,2.700000000000000178e+00,4.974807738521196399e+00
2.947000000000342277e-05,2.700000000000000178e+00,4.974807791149311598e+00
2.947500000000342356e-05,2.700000000000000178e+00,4.974807843508750160e+00
2.948000000000342436e-05,2.700000000000000178e+00,4.974807895601186303e+00
2.948500000000342516e-05,2.700000000000000178e+00,4.974807947427825283e+00
2.949000000000342596e-05,2.700000000000000178e+00,4.974807998989834168e+00
2.949500000000342676e-05,2.700000000000000178e+00,4.974808050288890726e+00
2.950000000000342756e-05,2.700000000000000178e+00,4.974808101326327225e+00
2.950500000000342836e-05,2.700000000000000178e+00,4.974808152103232572e+00
2.951000000000342916e-05,2.700000000000000178e+00,4.974808202620963016e+00
2.951500000000342996e-05,2.700000000000000178e+00,4.974808252881190995e+00
2.952000000000343076e-05,2.700000000000000178e+00,4.974808302884899724e+00
2.952500000000343156e-05,2.700000000000000178e+00,4.974808352633385944e+00
2.953000000000343236e-05,2.700000000000000178e+00,4.974808402128187090e+00
2.953500000000343315e-05,2.700000000000000178e+00,4.974808451370398288e+00
2.954000000000343395e-05,2.700000000000000178e+00,4.974808500361439734e+00
2.954500000000343475e-05,2.700000000000000178e+00,4.974808549102459843e+00
2.955000000000343555e-05,2.700000000000000178e+00,4.974808597594804205e+00
2.955500000000343635e-05,2.700000000000000178e+00,4.974808645839788213e+00
2.956000000000343715e-05,2.700000000000000178e+00,4.974808693838677520e+00
2.956500000000343795e-05,2.700000000000000178e+00,4.974808741592715577e+00
2.957000000000343875e-05,2.700000000000000178e+00,4.974808789102945106e+00
2.957500000000343955e-05,2.700000000000000178e+00,4.974808836371012788e+00
2.958000000000344035e-05,2.700000000000000178e+00,4.974808883397878745e+00
2.958500000000344115e-05,2.700000000000000178e+00,4.974808930184633660e+00
2.959000000000344195e-05,2.700000000000000178e+00,4.974808976732749244e+00
2.959500000000344274e-05,2.700000000000000178e+00,4.974809023043578193e+00
2.960000000000344354e-05,2.700000000000000178e+00,4.974809069118101057e+00
2.960500000000344434e-05,2.700000000000000178e+00,4.974809114957365885e+00
2.961000000000344514e-05,2.700000000000000178e+00,4.974809160562834620e+00
2.961500000000344594e-05,2.700000000000000178e+00,4.974809205935739165e+00
2.962000000000344674e-05,2.700000000000000178e+00,4.974809251077227934e+00
2.962500000000344754e-05,2.700000000000000178e+00,4.974809295988288582e+00
2.963000000000344834e-05,2.700000000000000178e+00,4.974809340670207192e+00
2.963500000000344914e-05,2.700000000000000178e+00,4.974809385124260075e+00
2.964000000000344994e-05,2.700000000000000178e+00,4.974809429351521040e+00
2.964500000000345074e-05,2.700000000000000178e+00,4.974809473353047018e+00
2.965000000000345154e-05,2.700000000000000178e+00,4.974809517130183600e+00
2.965500000000345233e-05,2.700000000000000178e+00,4.974809560684022358e+00
2.966000000000345313e-05,2.700000000000000178e+00,4.974809604015701048e+00
2.966500000000345393e-05,2.700000000000000178e+00,4.974809647126188672e+00
2.967000000000345473e-05,2.700000000000000178e+00,4.974809690016740227e+00
2.967500000000345553e-05,2.700000000000000178e+00,4.974809732688671993e+00
2.968000000000345633e-05,2.700000000000000178e+00,4.974809775142872148e+00
2.968500000000345713e-05,2.700000000000000178e+00,4.974809817380429600e+00
2.969000000000345793e-05,2.700000000000000178e+00,4.974809859402563816e+00
2.969500000000345873e-05,2.700000000000000178e+00,4.974809901210265117e+00
2.970000000000345953e-05,2.700000000000000178e+00,4.974809942804666818e+00
2.970500000000346033e-05,2.700000000000000178e+00,4.974809984187032796e+00
2.971000000000346113e-05,2.700000000000000178e+00,4.974810025358203269e+00
2.971500000000346192e-05,2.700000000000000178e+00,4.974810066319339974e+00
2.972000000000346272e-05,2.700000000000000178e+00,4.974810107071660603e+00
2.972500000000346352e-05,2.700000000000000178e+00,4.974810147616022249e+00
2.973000000000346432e-05,2.700000000000000178e+00,4.974810187953413454e+00
2.973500000000346512e-05,2.700000000000000178e+00,4.974810228085083885e+00
2.974000000000346592e-05,2.700000000000000178e+00,4.974810268012135772e+00
2.974500000000346672e-05,2.700000000000000178e+00,4.974810307735554993e+00
2.975000000000346752e-05,2.700000000000000178e+00,4.974810347256258147e+00
2.975500000000346832e-05,2.700000000000000178e+00,4.974810386575336807e+00
2.976000000000346912e-05,2.700000000000000178e+00,4.974810425693792837e+00
2.976500000000346992e-05,2.700000000000000178e+00,4.974810464612732908e+00
2.977000000000347072e-05,2.700000000000000178e+00,4.974810503333263689e+00
2.977500000000347151e-05,2.700000000000000178e+00,4.974810541856104606e+00
2.978000000000347231e-05,2.700000000000000178e+00,4.974810580182502662e+00
2.978500000000347311e-05,2.700000000000000178e+00,4.974810618313633803e+00
2.979000000000347391e-05,2.700000000000000178e+00,4.974810656250070018e+00
2.979500000000347471e-05,2.700000000000000178e+00,4.974810693992902877e+00
2.980000000000347551e-05,2.700000000000000178e+00,4.974810731543238163e+00
2.980500000000347631e-05,2.700000000000000178e+00,4.974810768902167446e+00
2.981000000000347711e-05,2.700000000000000178e+00,4.974810806070423475e+00
2.981500000000347791e-05,2.700000000000000178e+00,4.974810843049050746e+00
2.982000000000347871e-05,2.700000000000000178e+00,4.974810879839210109e+00
2.982500000000347951e-05,2.700000000000000178e+00,4.974810916441593456e+00
2.983000000000348030e-05,2.700000000000000178e+00,4.974810952857148472e+00
2.983500000000348110e-05,2.700000000000000178e+00,4.974810989087072421e+00
2.984000000000348190e-05,2.700000000000000178e+00,4.974811025132291675e+00
2.984500000000348270e-05,2.700000000000000178e+00,4.974811060993467038e+00
2.985000000000348350e-05,2.700000000000000178e+00,4.974811096671820643e+00
2.985500000000348430e-05,2.700000000000000178e+00,4.974811132168306393e+00
2.986000000000348510e-05,2.700000000000000178e+00,4.974811167483622398e+00
2.986500000000348590e-05,2.700000000000000178e+00,4.974811202618817596e+00
2.987000000000348670e-05,2.700000000000000178e+00,4.974811237574690459e+00
2.987500000000348750e-05,2.700000000000000178e+00,4.974811272352294367e+00
2.988000000000348830e-05,2.700000000000000178e+00,4.974811306952669376e+00
2.988500000000348910e-05,2.700000000000000178e+00,4.974811341376348395e+00
2.989000000000348989e-05,2.700000000000000178e+00,4.974811375624576648e+00
2.989500000000349069e-05,2.700000000000000178e+00,4.974811409698082443e+00
2.990000000000349149e-05,2.700000000000000178e+00,4.974811443597779714e+00
2.990500000000349229e-05,2.700000000000000178e+00,4.974811477324602826e+00
2.991000000000349309e-05,2.700000000000000178e+00,4.974811510879352916e+00
2.991500000000349389e-05,2.700000000000000178e+00,4.974811544263118890e+00
2.992000000000349469e-05,2.700000000000000178e+00,4.974811577476438096e+00
2.992500000000349549e-05,2.700000000000000178e+00,4.974811610520259997e+00
2.993000000000349629e-05,2.700000000000000178e+00,4.974811643395670835e+00
2.993500000000349709e-05,2.700000000000000178e+00,4.974811676103372271e+00
2.994000000000349789e-05,2.700000000000000178e+00,4.974811708644256036e+00
2.994500000000349869e-05,2.700000000000000178e+00,4.974811741019130373e+00
2.995000000000349948e-05,2.700000000000000178e+00,4.974811773228882572e+00
2.995500000000350028e-05,2.700000000000000178e+00,4.974811805274489629e+00
2.996000000000350108e-05,2.700000000000000178e+00,4.974811837156456029e+00
2.996500000000350188e-05,2.700000000000000178e+00,4.974811868875825382e+00
2.997000000000350268e-05,2.700000000000000178e+00,4.974811900433564027e+00
2.997500000000350348e-05,2.700000000000000178e+00,4.974811931830291911e+00
2.998000000000350428e-05,2.700000000000000178e+00,4.974811963066810172e+00
2.998500000000350508e-05,2.700000000000000178e+00,4.974811994144012317e+00
2.999000000000350588e-05,2.700000000000000178e+00,4.974812025062857579e+00
2.999500000000350668e-05,2.700000000000000178e+00,4.974812055823878865e+00
3.000000000000350748e-05,2.700000000000000178e+00,4.974812086427938596e+00
3.000500000000350828e-05,2.700000000000000178e+00,4.974812116875975576e+00
3.001000000000350907e-05,2.700000000000000178e+00,4.974812147168760745e+00
3.001500000000350987e-05,2.700000000000000178e+00,4.974812177307032179e+00
3.002000000000351067e-05,2.700000000000000178e+00,4.974812207291561705e+00
3.002500000000351147e-05,2.700000000000000178e+00,4.974812237123040326e+00
3.003000000000351227e-05,2.700000000000000178e+00,4.974812266802454808e+00
3.003500000000351307e-05,2.700000000000000178e+00,4.974812296330712869e+00
3.004000000000351387e-05,2.700000000000000178e+00,4.974812325708117378e+00
3.004500000000351467e-05,2.700000000000000178e+00,4.974812354935679970e+00
3.005000000000351547e-05,2.700000000000000178e+00,4.974812384014364319e+00
3.005500000000351627e-05,2.700000000000000178e+00,4.974812412944580764e+00
3.006000000000351707e-05,2.700000000000000178e+00,4.974812441727301859e+00
3.006500000000351787e-05,2.700000000000000178e+00,4.974812470363234596e+00
3.007000000000351866e-05,2.700000000000000178e+00,4.974812498853081522e+00
3.007500000000351946e-05,2.700000000000000178e+00,4.974812527197628675e+00
3.008000000000352026e-05,2.700000000000000178e+00,4.974812555397580383e+00
3.008500000000352106e-05,2.700000000000000178e+00,4.974812583453898540e+00
3.009000000000352186e-05,2.700000000000000178e+00,4.974812611366983717e+00
3.009500000000352266e-05,2.700000000000000178e+00,4.974812639137676129e+00
3.010000000000352346e-05,2.700000000000000178e+00,4.974812666766705860e+00
3.010500000000352426e-05,2.700000000000000178e+00,4.974812694254909573e+00
3.011000000000352506e-05,2.700000000000000178e+00,4.974812721602987153e+00
3.011500000000352586e-05,2.700000000000000178e+00,4.974812748811491936e+00
3.012000000000352666e-05,2.700000000000000178e+00,4.974812775881171767e+00
3.012500000000352746e-05,2.700000000000000178e+00,4.974812802812940582e+00
3.013000000000352825e-05,2.700000000000000178e+00,4.974812829607339282e+00
3.013500000000352905e-05,2.700000000000000178e+00,4.974812856264946070e+00
3.014000000000352985e-05,2.700000000000000178e+00,4.974812882786671331e+00
3.014500000000353065e-05,2.700000000000000178e+00,4.974812909173055964e+00
3.015000000000353145e-05,2.700000000000000178e+00,4.974812935424986371e+00
3.015500000000353225e-05,2.700000000000000178e+00,4.974812961542981249e+00
3.016000000000353305e-05,2.700000000000000178e+00,4.974812987527821306e+00
3.016500000000353385e-05,2.700000000000000178e+00,4.974813013380090965e+00
3.017000000000353465e-05,2.700000000000000178e+00,4.974813039100612677e+00
3.017500000000353545e-05,2.700000000000000178e+00,4.974813064689922015e+00
3.018000000000353625e-05,2.700000000000000178e+00,4.974813090148519912e+00
3.018500000000353705e-05,2.700000000000000178e+00,4.974813115477418890e+00
3.019000000000353784e-05,2.700000000000000178e+00,4.974813140677249557e+00
3.019500000000353864e-05,2.700000000000000178e+00,4.974813165748459554e+00
3.020000000000353944e-05,2.700000000000000178e+00,4.974813190691885545e+00
3.020500000000354024e-05,2.700000000000000178e+00,4.974813215508147479e+00
3.021000000000354104e-05,2.700000000000000178e+00,4.974813240197674347e+00
3.021500000000354184e-05,2.700000000000000178e+00,4.974813264761341891e+00
3.022000000000354264e-05,2.700000000000000178e+00,4.974813289199792266e+00
3.022500000000354344e-05,2.700000000000000178e+00,4.974813313513546831e+00
3.023000000000354424e-05,2.700000000000000178e+00,4.974813337703292149e+00
3.023500000000354504e-05,2.700000000000000178e+00,4.974813361769822251e+00
3.024000000000354584e-05,2.700000000000000178e+00,4.974813385713536817e+00
3.024500000000354664e-05,2.700000000000000178e+00,4.974813409535053133e+00
3.025000000000354743e-05,2.700000000000000178e+00,4.974813433235095061e+00
3.025500000000354823e-05,2.700000000000000178e+00,4.974813456814297652e+00
3.026000000000354903e-05,2.700000000000000178e+00,4.974813480273398092e+00
3.026500000000354983e-05,2.700000000000000178e+00,4.974813503612814714e+00
3.027000000000355063e-05,2.700000000000000178e+00,4.974813526833116839e+00
3.027500000000355143e-05,2.700000000000000178e+00,4.974813549935055867e+00
3.028000000000355223e-05,2.700000000000000178e+00,4.974813572919128291e+00
3.028500000000355303e-05,2.700000000000000178e+00,4.974813595786049980e+00
3.029000000000355383e-05,2.700000000000000178e+00,4.974813618536196635e+00
3.029500000000355463e-05,2.700000000000000178e+00,4.974813641170361400e+00
3.030000000000355543e-05,2.700000000000000178e+00,4.974813663689240606e+00
3.030500000000355623e-05,2.700000000000000178e+00,4.974813686093276566e+00
3.031000000000355702e-05,2.700000000000000178e+00,4.974813708383075905e+00
3.031500000000355782e-05,2.700000000000000178e+00,4.974813730559101366e+00
3.032000000000355862e-05,2.700000000000000178e+00,4.974813752622038621e+00
3.032500000000355942e-05,2.700000000000000178e+00,4.974813774572486302e+00
3.033000000000356022e-05,2.700000000000000178e+00,4.974813796411091005e+00
3.033500000000356102e-05,2.700000000000000178e+00,4.974813818138241750e+00
3.034000000000356182e-05,2.700000000000000178e+00,4.974813839754550493e+00
3.034500000000356262e-05,2.700000000000000178e+00,4.974813861260632741e+00
3.035000000000356342e-05,2.700000000000000178e+00,4.974813882657040942e+00
3.035500000000356422e-05,2.700000000000000178e+00,4.974813903944357740e+00
3.036000000000356502e-05,2.700000000000000178e+00,4.974813925123152458e+00
3.036500000000356582e-05,2.700000000000000178e+00,4.974813946193899383e+00
3.037000000000356661e-05,2.700000000000000178e+00,4.974813967157183825e+00
3.037500000000356741e-05,2.700000000000000178e+00,4.974813988013746524e+00
3.038000000000356821e-05,2.700000000000000178e+00,4.974814008763828177e+00
3.038500000000356901e-05,2.700000000000000178e+00,4.974814029408038962e+00
3.039000000000356981e-05,2.700000000000000178e+00,4.974814049946991723e+00
3.039500000000357061e-05,2.700000000000000178e+00,4.974814070381209596e+00
3.040000000000357141e-05,2.700000000000000178e+00,4.974814090711209502e+00
3.040500000000357221e-05,2.700000000000000178e+00,4.974814110937613165e+00
3.041000000000357301e-05,2.700000000000000178e+00,4.974814131060768752e+00
3.041500000000357381e-05,2.700000000000000178e+00,4.974814151081280222e+00
3.042000000000357461e-05,2.700000000000000178e+00,4.974814170999851015e+00
3.042500000000357541e-05,2.700000000000000178e+00,4.974814190816840842e+00
3.043000000000357620e-05,2.700000000000000178e+00,4.974814210532679581e+00
3.043500000000357700e-05,2.700000000000000178e+00,4.974814230147964089e+00
3.044000000000357780e-05,2.700000000000000178e+00,4.974814249663307208e+00
3.044500000000357860e-05,2.700000000000000178e+00,4.974814269079104179e+00
3.045000000000357940e-05,2.700000000000000178e+00,4.974814288395933204e+00
3.045500000000358020e-05,2.700000000000000178e+00,4.974814307614225939e+00
3.046000000000358100e-05,2.700000000000000178e+00,4.974814326734412262e+00
3.046500000000358180e-05,2.700000000000000178e+00,4.974814345757200051e+00
3.047000000000358260e-05,2.700000000000000178e+00,4.974814364682968559e+00
3.047500000000358340e-05,2.700000000000000178e+00,4.974814383512160099e+00
3.048000000000358420e-05,2.700000000000000178e+00,4.974814402245424816e+00
3.048500000000358500e-05,2.700000000000000178e+00,4.974814420883203248e+00
3.049000000000358579e-05,2.700000000000000178e+00,4.974814439425950141e+00
3.049500000000358659e-05,2.700000000000000178e+00,4.974814457874070506e+00
3.050000000000358739e-05,2.700000000000000178e+00,4.974814476228031523e+00
3.050500000000358819e-05,2.700000000000000178e+00,4.974814494488400740e+00
3.051000000000358899e-05,2.700000000000000178e+00,4.974814512655767018e+00
3.051500000000358979e-05,2.700000000000000178e+00,4.974814530730418127e+00
3.052000000000359059e-05,2.700000000000000178e+00,4.974814548712927831e+00
3.052500000000358800e-05,2.700000000000000178e+00,4.974814566603838806e+00
3.053000000000358541e-05,2.700000000000000178e+00,4.974814584403389972e+00
3.053500000000358282e-05,2.700000000000000178e+00,4.974814602112155093e+00
3.054000000000358023e-05,2.700000000000000178e+00,4.974814619730691057e+00
3.054500000000357764e-05,2.700000000000000178e+00,4.974814637259448169e+00
3.055000000000357506e-05,2.700000000000000178e+00,4.974814654698726635e+00
3.055500000000357247e-05,2.700000000000000178e+00,4.974814672048993636e+00
3.056000000000356988e-05,2.700000000000000178e+00,4.974814689310943727e+00
3.056500000000356729e-05,2.700000000000000178e+00,4.974814706484808724e+00
3.057000000000356470e-05,2.700000000000000178e+00,4.974814723571135744e+00
3.057500000000356211e-05,2.700000000000000178e+00,4.974814740570349336e+00
3.058000000000355952e-05,2.700000000000000178e+00,4.974814757482915795e+00
3.058500000000355693e-05,2.700000000000000178e+00,4.974814774309240129e+00
3.059000000000355434e-05,2.700000000000000178e+00,4.974814791049595897e+00
3.059500000000355175e-05,2.700000000000000178e+00,4.974814807704574626e+00
3.060000000000354917e-05,2.700000000000000178e+00,4.974814824274736758e+00
3.060500000000354658e-05,2.700000000000000178e+00,4.974814840760481083e+00
3.061000000000354399e-05,2.700000000000000178e+00,4.974814857162094484e+00
3.061500000000354140e-05,2.700000000000000178e+00,4.974814873480013944e+00
3.062000000000353881e-05,2.700000000000000178e+00,4.974814889714877175e+00
3.062500000000353622e-05,2.700000000000000178e+00,4.974814905866903558e+00
3.063000000000353363e-05,2.700000000000000178e+00,4.974814921936331125e+00
3.063500000000353104e-05,2.700000000000000178e+00,4.974814937924096903e+00
3.064000000000352845e-05,2.700000000000000178e+00,4.974814953830237307e+00
3.064500000000352586e-05,2.700000000000000178e+00,4.974814969655185770e+00
3.065000000000352328e-05,2.700000000000000178e+00,4.974814985399559575e+00
3.065500000000352069e-05,2.700000000000000178e+00,4.974815001063717546e+00
3.066000000000351810e-05,2.700000000000000178e+00,4.974815016647886168e+00
3.066500000000351551e-05,2.700000000000000178e+00,4.974815032152593020e+00
3.067000000000351292e-05,2.700000000000000178e+00,4.974815047578405647e+00
3.067500000000351033e-05,2.700000000000000178e+00,4.974815062925363129e+00
3.068000000000350774e-05,2.700000000000000178e+00,4.974815078194026796e+00
3.068500000000350515e-05,2.700000000000000178e+00,4.974815093385011266e+00
3.069000000000350256e-05,2.700000000000000178e+00,4.974815108498501282e+00
3.069500000000349998e-05,2.700000000000000178e+00,4.974815123534835237e+00
3.070000000000349739e-05,2.700000000000000178e+00,4.974815138494620648e+00
3.070500000000349480e-05,2.700000000000000178e+00,4.974815153378040478e+00
3.071000000000349221e-05,2.700000000000000178e+00,4.974815168185481085e+00
3.071500000000348962e-05,2.700000000000000178e+00,4.974815182917589951e+00
3.072000000000348703e-05,2.700000000000000178e+00,4.974815197574530501e+00
3.072500000000348444e-05,2.700000000000000178e+00,4.974815212156629585e+00
3.073000000000348185e-05,2.700000000000000178e+00,4.974815226664443202e+00
3.073500000000347926e-05,2.700000000000000178e+00,4.974815241098307084e+00
3.074000000000347667e-05,2.700000000000000178e+00,4.974815255458618246e+00
3.074500000000347409e-05,2.700000000000000178e+00,4.974815269745570312e+00
3.075000000000347150e-05,2.700000000000000178e+00,4.974815283959713952e+00
3.075500000000346891e-05,2.700000000000000178e+00,4.974815298101552763e+00
3.076000000000346632e-05,2.700000000000000178e+00,4.974815312171100956e+00
3.076500000000346373e-05,2.700000000000000178e+00,4.974815326168919860e+00
3.077000000000346114e-05,2.700000000000000178e+00,4.974815340095526395e+00
3.077500000000345855e-05,2.700000000000000178e+00,4.974815353950972074e+00
3.078000000000345596e-05,2.700000000000000178e+00,4.974815367735710758e+00
3.078500000000345337e-05,2.700000000000000178e+00,4.974815381450305551e+00
3.079000000000345078e-05,2.700000000000000178e+00,4.974815395094855042e+00
3.079500000000344820e-05,2.700000000000000178e+00,4.974815408669871708e+00
3.080000000000344561e-05,2.700000000000000178e+00,4.974815422175700164e+00
3.080500000000344302e-05,2.700000000000000178e+00,4.974815435612620185e+00
3.081000000000344043e-05,2.700000000000000178e+00,4.974815448981114940e+00
3.081500000000343784e-05,2.700000000000000178e+00,4.974815462281367395e+00
3.082000000000343525e-05,2.700000000000000178e+00,4.974815475513731045e+00
3.082500000000343266e-05,2.700000000000000178e+00,4.974815488678704156e+00
3.083000000000343007e-05,2.700000000000000178e+00,4.974815501776655324e+00
3.083500000000342748e-05,2.700000000000000178e+00,4.974815514807803929e+00
3.084000000000342490e-05,2.700000000000000178e+00,4.974815527772356027e+00
3.084500000000342231e-05,2.700000000000000178e+00,4.974815540670770808e+00
3.085000000000341972e-05,2.700000000000000178e+00,4.974815553503635357e+00
3.085500000000341713e-05,2.700000000000000178e+00,4.974815566271001188e+00
3.086000000000341454e-05,2.700000000000000178e+00,4.974815578973249330e+00
3.086500000000341195e-05,2.700000000000000178e+00,4.974815591610660448e+00
3.087000000000340936e-05,2.700000000000000178e+00,4.974815604183729256e+00
3.087500000000340677e-05,2.700000000000000178e+00,4.974815616692716880e+00
3.088000000000340418e-05,2.700000000000000178e+00,4.974815629137760986e+00
3.088500000000340159e-05,2.700000000000000178e+00,4.974815641519374054e+00
3.089000000000339901e-05,2.700000000000000178e+00,4.974815653837886487e+00
3.089500000000339642e-05,2.700000000000000178e+00,4.974815666093675759e+00
3.090000000000339383e-05,2.700000000000000178e+00,4.974815678286960363e+00
3.090500000000339124e-05,2.700000000000000178e+00,4.974815690418018299e+00
3.091000000000338865e-05,2.700000000000000178e+00,4.974815702487117797e+00
3.091500000000338606e-05,2.700000000000000178e+00,4.974815714494808638e+00
3.092000000000338347e-05,2.700000000000000178e+00,4.974815726441412345e+00
3.092500000000338088e-05,2.700000000000000178e+00,4.974815738326972436e+00
3.093000000000337829e-05,2.700000000000000178e+00,4.974815750151837079e+00
3.093500000000337570e-05,2.700000000000000178e+00,4.974815761916559609e+00
3.094000000000337312e-05,2.700000000000000178e+00,4.974815773621172887e+00
3.094500000000337053e-05,2.700000000000000178e+00,4.974815785266144097e+00
3.095000000000336794e-05,2.700000000000000178e+00,4.974815796851819627e+00
3.095500000000336535e-05,2.700000000000000178e+00,4.974815808378227011e+00
3.096000000000336276e-05,2.700000000000000178e+00,4.974815819846032383e+00
3.096500000000336017e-05,2.700000000000000178e+00,4.974815831255467558e+00
3.097000000000335758e-05,2.700000000000000178e+00,4.974815842606550298e+00
3.097500000000335499e-05,2.700000000000000178e+00,4.974815853899808182e+00
3.098000000000335240e-05,2.700000000000000178e+00,4.974815865135535198e+00
3.098500000000334981e-05,2.700000000000000178e+00,4.974815876313802399e+00
3.099000000000334723e-05,2.700000000000000178e+00,4.974815887435179995e+00
3.099500000000334464e-05,2.700000000000000178e+00,4.974815898499844735e+00
3.100000000000334205e-05,2.700000000000000178e+00,4.974815909508079059e+00
3.100500000000333946e-05,2.700000000000000178e+00,4.974815920460279095e+00
3.101000000000333687e-05,2.700000000000000178e+00,4.974815931356567411e+00
3.101500000000333428e-05,2.700000000000000178e+00,4.974815942197294838e+00
3.102000000000333169e-05,2.700000000000000178e+00,4.974815952982799772e+00
3.102500000000332910e-05,2.700000000000000178e+00,4.974815963713200340e+00
3.103000000000332651e-05,2.700000000000000178e+00,4.974815974388921092e+00
3.103500000000332393e-05,2.700000000000000178e+00,4.974815985010300423e+00
3.104000000000332134e-05,2.700000000000000178e+00,4.974815995577538175e+00
3.104500000000331875e-05,2.700000000000000178e+00,4.974816006090878595e+00
3.105000000000331616e-05,2.700000000000000178e+00,4.974816016550501097e+00
3.105500000000331357e-05,2.700000000000000178e+00,4.974816026956860426e+00
3.106000000000331098e-05,2.700000000000000178e+00,4.974816037310181294e+00
3.106500000000330839e-05,2.700000000000000178e+00,4.974816047610602254e+00
3.107000000000330580e-05,2.700000000000000178e+00,4.974816057858655327e+00
3.107500000000330321e-05,2.700000000000000178e+00,4.974816068054531470e+00
3.108000000000330062e-05,2.700000000000000178e+00,4.974816078198271541e+00
3.108500000000329804e-05,2.700000000000000178e+00,4.974816088290326732e+00
3.109000000000329545e-05,2.700000000000000178e+00,4.974816098330893333e+00
3.109500000000329286e-05,2.700000000000000178e+00,4.974816108320196939e+00
3.110000000000329027e-05,2.700000000000000178e+00,4.974816118258650555e+00
3.110500000000328768e-05,2.700000000000000178e+00,4.974816128146517968e+00
3.111000000000328509e-05,2.700000000000000178e+00,4.974816137983868458e+00
3.111500000000328250e-05,2.700000000000000178e+00,4.974816147771028874e+00
3.112000000000327991e-05,2.700000000000000178e+00,4.974816157508382020e+00
3.112500000000327732e-05,2.700000000000000178e+00,4.974816167196128625e+00
3.113000000000327473e-05,2.700000000000000178e+00,4.974816176834329973e+00
3.113500000000327215e-05,2.700000000000000178e+00,4.974816186423463016e+00
3.114000000000326956e-05,2.700000000000000178e+00,4.974816195963828847e+00
3.114500000000326697e-05,2.700000000000000178e+00,4.974816205455344864e+00
3.115000000000326438e-05,2.700000000000000178e+00,4.974816214898462263e+00
3.115500000000326179e-05,2.700000000000000178e+00,4.974816224293561184e+00
3.116000000000325920e-05,2.700000000000000178e+00,4.974816233640751761e+00
3.116500000000325661e-05,2.700000000000000178e+00,4.974816242940196531e+00
3.117000000000325402e-05,2.700000000000000178e+00,4.974816252192402644e+00
3.117500000000325143e-05,2.700000000000000178e+00,4.974816261397363881e+00
3.118000000000324885e-05,2.700000000000000178e+00,4.974816270555192155e+00
3.118500000000324626e-05,2.700000000000000178e+00,4.974816279666545604e+00
3.119000000000324367e-05,2.700000000000000178e+00,4.974816288731319425e+00
3.119500000000324108e-05,2.700000000000000178e+00,4.974816297749893756e+00
3.120000000000323849e-05,2.700000000000000178e+00,4.974816306722627424e+00
3.120500000000323590e-05,2.700000000000000178e+00,4.974816315649478682e+00
3.121000000000323331e-05,2.700000000000000178e+00,4.974816324530822342e+00
3.121500000000323072e-05,2.700000000000000178e+00,4.974816333367076737e+00
3.122000000000322813e-05,2.700000000000000178e+00,4.974816342158194793e+00
3.122500000000322554e-05,2.700000000000000178e+00,4.974816350904386120e+00
3.123000000000322296e-05,2.700000000000000178e+00,4.974816359605992666e+00
3.123500000000322037e-05,2.700000000000000178e+00,4.974816368263256017e+00
3.124000000000321778e-05,2.700000000000000178e+00,4.974816376876360025e+00
3.124500000000321519e-05,2.700000000000000178e+00,4.974816385445566702e+00
3.125000000000321260e-05,2.700000000000000178e+00,4.974816393971117634e+00
3.125500000000321001e-05,2.700000000000000178e+00,4.974816402453083874e+00
3.126000000000320742e-05,2.700000000000000178e+00,4.974816410891907736e+00
3.126500000000320483e-05,2.700000000000000178e+00,4.974816419287726887e+00
3.127000000000320224e-05,2.700000000000000178e+00,4.974816427640691430e+00
3.127500000000319965e-05,2.700000000000000178e+00,4.974816435951092686e+00
3.128000000000319707e-05,2.700000000000000178e+00,4.974816444219183786e+00
3.128500000000319448e-05,2.700000000000000178e+00,4.974816452444981607e+00
3.129000000000319189e-05,2.700000000000000178e+00,4.974816460628857406e+00
3.129500000000318930e-05,2.700000000000000178e+00,4.974816468771192213e+00
3.130000000000318671e-05,2.700000000000000178e+00,4.974816476871813720e+00
3.130500000000318412e-05,2.700000000000000178e+00,4.974816484931105620e+00
3.131000000000318153e-05,2.700000000000000178e+00,4.974816492949475588e+00
3.131500000000317894e-05,2.700000000000000178e+00,4.974816500926985796e+00
3.132000000000317635e-05,2.700000000000000178e+00,4.974816508863693088e+00
3.132500000000317376e-05,2.700000000000000178e+00,4.974816516759922536e+00
3.133000000000317118e-05,2.700000000000000178e+00,4.974816524615915725e+00
3.133500000000316859e-05,2.700000000000000178e+00,4.974816532431804994e+00
3.134000000000316600e-05,2.700000000000000178e+00,4.974816540207925186e+00
3.134500000000316341e-05,2.700000000000000178e+00,4.974816547944477030e+00
3.135000000000316082e-05,2.700000000000000178e+00,4.974816555641586646e+00
3.135500000000315823e-05,2.700000000000000178e+00,4.974816563299343741e+00
3.136000000000315564e-05,2.700000000000000178e+00,4.974816570918124903e+00
3.136500000000315305e-05,2.700000000000000178e+00,4.974816578497952335e+00
3.137000000000315046e-05,2.700000000000000178e+00,4.974816586039106703e+00
3.137500000000314788e-05,2.700000000000000178e+00,4.974816593542067622e+00
3.138000000000314529e-05,2.700000000000000178e+00,4.974816601006699202e+00
3.138500000000314270e-05,2.700000000000000178e+00,4.974816608433052068e+00
3.139000000000314011e-05,2.700000000000000178e+00,4.974816615821694654e+00
3.139500000000313752e-05,2.700000000000000178e+00,4.974816623172736207e+00
3.140000000000313493e-05,2.700000000000000178e+00,4.974816630486211366e+00
3.140500000000313234e-05,2.700000000000000178e+00,4.974816637762376814e+00
3.141000000000312975e-05,2.700000000000000178e+00,4.974816645001406634e+00
3.141500000000312716e-05,2.700000000000000178e+00,4.974816652203655210e+00
3.142000000000312457e-05,2.700000000000000178e+00,4.974816659369157179e+00
3.142500000000312199e-05,2.700000000000000178e+00,4.974816666498127482e+00
3.143000000000311940e-05,2.700000000000000178e+00,4.974816673590687799e+00
3.143500000000311681e-05,2.700000000000000178e+00,4.974816680647130340e+00
3.144000000000311422e-05,2.700000000000000178e+00,4.974816687667569681e+00
3.144500000000311163e-05,2.700000000000000178e+00,4.974816694652237636e+00
3.145000000000310904e-05,2.700000000000000178e+00,4.974816701601329605e+00
3.145500000000310645e-05,2.700000000000000178e+00,4.974816708514966379e+00
3.146000000000310386e-05,2.700000000000000178e+00,4.974816715393274080e+00
3.146500000000310127e-05,2.700000000000000178e+00,4.974816722236493405e+00
3.147000000000309868e-05,2.700000000000000178e+00,4.974816729044942321e+00
3.147500000000309610e-05,2.700000000000000178e+00,4.974816735818663460e+00
3.148000000000309351e-05,2.700000000000000178e+00,4.974816742557814031e+00
3.148500000000309092e-05,2.700000000000000178e+00,4.974816749262629401e+00
3.149000000000308833e-05,2.700000000000000178e+00,4.974816755933392898e+00
3.149500000000308574e-05,2.700000000000000178e+00,4.974816762570001494e+00
3.150000000000308315e-05,2.700000000000000178e+00,4.974816769172758946e+00
3.150500000000308056e-05,2.700000000000000178e+00,4.974816775741923713e+00
3.151000000000307797e-05,2.700000000000000178e+00,4.974816782277579286e+00
3.151500000000307538e-05,2.700000000000000178e+00,4.974816788779846455e+00
3.152000000000307280e-05,2.700000000000000178e+00,4.974816795248954371e+00
3.152500000000307021e-05,2.700000000000000178e+00,4.974816801685215673e+00
3.153000000000306762e-05,2.700000000000000178e+00,4.974816808088554865e+00
3.153500000000306503e-05,2.700000000000000178e+00,4.974816814459245506e+00
3.154000000000306244e-05,2.700000000000000178e+00,4.974816820797548722e+00
3.154500000000305985e-05,2.700000000000000178e+00,4.974816827103400563e+00
3.155000000000305726e-05,2.700000000000000178e+00,4.974816833377118108e+00
3.155500000000305467e-05,2.700000000000000178e+00,4.974816839618914521e+00
3.156000000000305208e-05,2.700000000000000178e+00,4.974816845828891942e+00
3.156500000000304949e-05,2.700000000000000178e+00,4.974816852007191592e+00
3.157000000000304691e-05,2.700000000000000178e+00,4.974816858154018639e+00
3.157500000000304432e-05,2.700000000000000178e+00,4.974816864269541838e+00
3.158000000000304173e-05,2.700000000000000178e+00,4.974816870353762077e+00
3.158500000000303914e-05,2.700000000000000178e+00,4.974816876406994659e+00
3.159000000000303655e-05,2.700000000000000178e+00,4.974816882429452747e+00
3.159500000000303396e-05,2.700000000000000178e+00,4.974816888421224270e+00
3.160000000000303137e-05,2.700000000000000178e+00,4.974816894382463772e+00
3.160500000000302878e-05,2.700000000000000178e+00,4.974816900313212109e+00
3.161000000000302619e-05,2.700000000000000178e+00,4.974816906213695766e+00
3.161500000000302360e-05,2.700000000000000178e+00,4.974816912084090603e+00
3.162000000000302102e-05,2.700000000000000178e+00,4.974816917924693271e+00
3.162500000000301843e-05,2.700000000000000178e+00,4.974816923735406071e+00
3.163000000000301584e-05,2.700000000000000178e+00,4.974816929516435948e+00
3.163500000000301325e-05,2.700000000000000178e+00,4.974816935268187024e+00
3.164000000000301066e-05,2.700000000000000178e+00,4.974816940990569591e+00
3.164500000000300807e-05,2.700000000000000178e+00,4.974816946683700891e+00
3.165000000000300548e-05,2.700000000000000178e+00,4.974816952347829613e+00
3.165500000000300289e-05,2.700000000000000178e+00,4.974816957983138721e+00
3.166000000000300030e-05,2.700000000000000178e+00,4.974816963589626440e+00
3.166500000000299771e-05,2.700000000000000178e+00,4.974816969167482839e+00
3.167000000000299513e-05,2.700000000000000178e+00,4.974816974716907758e+00
3.167500000000299254e-05,2.700000000000000178e+00,4.974816980238101038e+00
3.168000000000298995e-05,2.700000000000000178e+00,4.974816985731193242e+00
3.168500000000298736e-05,2.700000000000000178e+00,4.974816991196255422e+00
3.169000000000298477e-05,2.700000000000000178e+00,4.974816996633415478e+00
3.169500000000298218e-05,2.700000000000000178e+00,4.974817002042914105e+00
3.170000000000297959e-05,2.700000000000000178e+00,4.974817007424898740e+00
3.170500000000297700e-05,2.700000000000000178e+00,4.974817012779394254e+00
3.171000000000297441e-05,2.700000000000000178e+00,4.974817018106606703e+00
3.171500000000297183e-05,2.700000000000000178e+00,4.974817023406553851e+00
3.172000000000296924e-05,2.700000000000000178e+00,4.974817028679455078e+00
3.172500000000296665e-05,2.700000000000000178e+00,4.974817033925522658e+00
3.173000000000296406e-05,2.700000000000000178e+00,4.974817039144842745e+00
3.173500000000296147e-05,2.700000000000000178e+00,4.974817044337473071e+00
3.174000000000295888e-05,2.700000000000000178e+00,4.974817049503744038e+00
3.174500000000295629e-05,2.700000000000000178e+00,4.974817054643774661e+00
3.175000000000295370e-05,2.700000000000000178e+00,4.974817059757415727e+00
3.175500000000295111e-05,2.700000000000000178e+00,4.974817064845080239e+00
3.176000000000294852e-05,2.700000000000000178e+00,4.974817069906860567e+00
3.176500000000294594e-05,2.700000000000000178e+00,4.974817074942676776e+00
3.177000000000294335e-05,2.700000000000000178e+00,4.974817079952937426e+00
3.177500000000294076e-05,2.700000000000000178e+00,4.974817084937646072e+00
3.178000000000293817e-05,2.700000000000000178e+00,4.974817089896849787e+00
3.178500000000293558e-05,2.700000000000000178e+00,4.974817094830882525e+00
3.179000000000293299e-05,2.700000000000000178e+00,4.974817099739717641e+00
3.179500000000293040e-05,2.700000000000000178e+00,4.974817104623578068e+00
3.180000000000292781e-05,2.700000000000000178e+00,4.974817109482457589e+00
3.180500000000292522e-05,2.700000000000000178e+00,4.974817114316641309e+00
3.181000000000292263e-05,2.700000000000000178e+00,4.974817119126204723e+00
3.181500000000292005e-05,2.700000000000000178e+00,4.974817123911085659e+00
3.182000000000291746e-05,2.700000000000000178e+00,4.974817128671715771e+00
3.182500000000291487e-05,2.700000000000000178e+00,4.974817133408058645e+00
3.183000000000291228e-05,2.700000000000000178e+00,4.974817138120150695e+00
3.183500000000290969e-05,2.700000000000000178e+00,4.974817142808328541e+00
3.184000000000290710e-05,2.700000000000000178e+00,4.974817147472606393e+00
3.184500000000290451e-05,2.700000000000000178e+00,4.974817152112966490e+00
3.185000000000290192e-05,2.700000000000000178e+00,4.974817156729779200e+00
3.185500000000289933e-05,2.700000000000000178e+00,4.974817161323111137e+00
3.186000000000289675e-05,2.700000000000000178e+00,4.974817165893009374e+00
3.186500000000289416e-05,2.700000000000000178e+00,4.974817170439540526e+00
3.187000000000289157e-05,2.700000000000000178e+00,4.974817174962873345e+00
3.187500000000288898e-05,2.700000000000000178e+00,4.974817179463116190e+00
3.188000000000288639e-05,2.700000000000000178e+00,4.974817183940466236e+00
3.188500000000288380e-05,2.700000000000000178e+00,4.974817188395069145e+00
3.189000000000288121e-05,2.700000000000000178e+00,4.974817192826900047e+00
3.189500000000287862e-05,2.700000000000000178e+00,4.974817197236194311e+00
3.190000000000287603e-05,2.700000000000000178e+00,4.974817201622968810e+00
3.190500000000287344e-05,2.700000000000000178e+00,4.974817205987332791e+00
3.191000000000287086e-05,2.700000000000000178e+00,4.974817210329542050e+00
3.191500000000286827e-05,2.700000000000000178e+00,4.974817214649532637e+00
3.192000000000286568e-05,2.700000000000000178e+00,4.974817218947420905e+00
3.192500000000286309e-05,2.700000000000000178e+00,4.974817223223501728e+00
3.193000000000286050e-05,2.700000000000000178e+00,4.974817227477718262e+00
3.193500000000285791e-05,2.700000000000000178e+00,4.974817231710309429e+00
3.194000000000285532e-05,2.700000000000000178e+00,4.974817235921388914e+00
3.194500000000285273e-05,2.700000000000000178e+00,4.974817240110882999e+00
3.195000000000285014e-05,2.700000000000000178e+00,4.974817244279067019e+00
3.195500000000284755e-05,2.700000000000000178e+00,4.974817248426019134e+00
3.196000000000284497e-05,2.700000000000000178e+00,4.974817252551792635e+00
3.196500000000284238e-05,2.700000000000000178e+00,4.974817256656537623e+00
3.197000000000283979e-05,2.700000000000000178e+00,4.974817260740343805e+00
3.197500000000283720e-05,2.700000000000000178e+00,4.974817264803355954e+00
3.198000000000283461e-05,2.700000000000000178e+00,4.974817268845658447e+00
3.198500000000283202e-05,2.700000000000000178e+00,4.974817272867300133e+00
3.199000000000282943e-05,2.700000000000000178e+00,4.974817276868490623e+00
3.199500000000282684e-05,2.700000000000000178e+00,4.974817280849268997e+00
3.200000000000282425e-05,2.700000000000000178e+00,4.974817284809716966e+00
3.200500000000282166e-05,2.700000000000000178e+00,4.974817288750917221e+00
3.201000000000281908e-05,2.699999999887175317e+00,4.974817292671845692e+00
3.201500000000281649e-05,2.499999999887279056e+00,4.975116608872543367e+00
3.202000000000281390e-05,2.300000000000139710e+00,4.975979518725636375e+00
3.202500000000281131e-05,2.300000000000000266e+00,4.977040800062508374e+00
3.203000000000280872e-05,2.300000000000000266e+00,4.977757827932476786e+00
3.203500000000280613e-05,2.300000000000000266e+00,4.978118568257848153e+00
3.204000000000280354e-05,2.300000000000000266e+00,4.978273140933841212e+00
3.204500000000280095e-05,2.300000000000000266e+00,4.978303941244148767e+00
3.205000000000279836e-05,2.300000000000000266e+00,4.978267416692362168e+00
3.205500000000279578e-05,2.300000000000000266e+00,4.978194538938850222e+00
3.206000000000279319e-05,2.300000000000000266e+00,4.978101818223732877e+00
3.206500000000279060e-05,2.300000000000000266e+00,4.977998435097003238e+00
3.207000000000278801e-05,2.300000000000000266e+00,4.977889003313014094e+00
3.207500000000278542e-05,2.300000000000000266e+00,4.977776166948880920e+00
3.208000000000278283e-05,2.300000000000000266e+00,4.977661128428512605e+00
3.208500000000278024e-05,2.300000000000000266e+00,4.977544669388664467e+00
3.209000000000277765e-05,2.300000000000000266e+00,4.977427069218926192e+00
3.209500000000277506e-05,2.300000000000000266e+00,4.977308577126303035e+00
3.210000000000277247e-05,2.300000000000000266e+00,4.977189233467439244e+00
3.210500000000276989e-05,2.300000000000000266e+00,4.977069128511019791e+00
3.211000000000276730e-05,2.300000000000000266e+00,4.976948247025200445e+00
3.211500000000276471e-05,2.300000000000000266e+00,4.976826627080249033e+00
3.212000000000276212e-05,2.300000000000000266e+00,4.976704244968672697e+00
3.212500000000275953e-05,2.300000000000000266e+00,4.976581118562439343e+00
3.213000000000275694e-05,2.300000000000000266e+00,4.976457226401535650e+00
3.213500000000275435e-05,2.300000000000000266e+00,4.976332576768694338e+00
3.214000000000275176e-05,2.300000000000000266e+00,4.976207151887800606e+00
3.214500000000274917e-05,2.300000000000000266e+00,4.976080954605350826e+00
3.215000000000274658e-05,2.300000000000000266e+00,4.975953970193871534e+00
3.215500000000274400e-05,2.300000000000000266e+00,4.975826198045288251e+00
3.216000000000274141e-05,2.300000000000000266e+00,4.975697625603251240e+00
3.216500000000273882e-05,2.300000000000000266e+00,4.975568249920393704e+00
3.217000000000273623e-05,2.300000000000000266e+00,4.975438059889081721e+00
3.217500000000273364e-05,2.300000000000000266e+00,4.975307050914427265e+00
3.218000000000273105e-05,2.300000000000000266e+00,4.975175212808897740e+00
3.218500000000272846e-05,2.300000000000000266e+00,4.975042539781904694e+00
3.219000000000272587e-05,2.300000000000000266e+00,4.974909022191999597e+00
3.219500000000272328e-05,2.300000000000000266e+00,4.974774653350270803e+00
3.220000000000272070e-05,2.300000000000000266e+00,4.974639423902196711e+00
3.220500000000271811e-05,2.300000000000000266e+00,4.974503326458768804e+00
3.221000000000271552e-05,2.300000000000000266e+00,4.974366351769904604e+00
3.221500000000271293e-05,2.300000000000000266e+00,4.974228491877239478e+00
3.222000000000271034e-05,2.300000000000000266e+00,4.974089737506514730e+00
3.222500000000270775e-05,2.300000000000000266e+00,4.973950080214280867e+00
3.223000000000270516e-05,2.300000000000000266e+00,4.973809510610817775e+00
3.223500000000270257e-05,2.300000000000000266e+00,4.973668019820746800e+00
3.224000000000269998e-05,2.300000000000000266e+00,4.973525598271447912e+00
3.224500000000269739e-05,2.300000000000000266e+00,4.973382236686097357e+00
3.225000000000269481e-05,2.300000000000000266e+00,4.973237925258851888e+00
3.225500000000269222e-05,2.300000000000000266e+00,4.973092654328974405e+00
3.226000000000268963e-05,2.300000000000000266e+00,4.972946413816599076e+00
3.226500000000268704e-05,2.300000000000000266e+00,4.972799193682148733e+00
3.227000000000268445e-05,2.300000000000000266e+00,4.972650983540004788e+00
3.227500000000268186e-05,2.300000000000000266e+00,4.972501772969798672e+00
3.228000000000267927e-05,2.300000000000000266e+00,4.972351551252352841e+00
3.228500000000267668e-05,2.300000000000000266e+00,4.972200307579092815e+00
3.229000000000267409e-05,2.300000000000000266e+00,4.972048030871240698e+00
3.229500000000267150e-05,2.300000000000000266e+00,4.971894709921252264e+00
3.230000000000266892e-05,2.300000000000000266e+00,4.971740333267481660e+00
3.230500000000266633e-05,2.300000000000000266e+00,4.971584889288327425e+00
3.231000000000266374e-05,2.300000000000000266e+00,4.971428366115721253e+00
3.231500000000266115e-05,2.300000000000000266e+00,4.971270751697203671e+00
3.232000000000265856e-05,2.300000000000000266e+00,4.971112033734889302e+00
3.232500000000265597e-05,2.300000000000000266e+00,4.970952199726078824e+00
3.233000000000265338e-05,2.300000000000000266e+00,4.970791236919419376e+00
3.233500000000265079e-05,2.300000000000000266e+00,4.970629132340432577e+00
3.234000000000264820e-05,2.300000000000000266e+00,4.970465872759439740e+00
3.234500000000264561e-05,2.300000000000000266e+00,4.970301444707175165e+00
3.235000000000264303e-05,2.300000000000000266e+00,4.970135834450089440e+00
3.235500000000264044e-05,2.300000000000000266e+00,4.969969027998369704e+00
3.236000000000263785e-05,2.300000000000000266e+00,4.969801011087190190e+00
3.236500000000263526e-05,2.300000000000000266e+00,4.969631769179538416e+00
3.237000000000263267e-05,2.300000000000000266e+00,4.969461287450360309e+00
3.237500000000263008e-05,2.300000000000000266e+00,4.969289550786327503e+00
3.238000000000262749e-05,2.300000000000000266e+00,4.969116543771937344e+00
3.238500000000262490e-05,2.300000000000000266e+00,4.968942250685873141e+00
3.239000000000262231e-05,2.300000000000000266e+00,4.968766655489482709e+00
3.239500000000261973e-05,2.300000000000000266e+00,4.968589741820416350e+00
3.240000000000261714e-05,2.300000000000000266e+00,4.968411492981622324e+00
3.240500000000261455e-05,2.300000000000000266e+00,4.968231891934181910e+00
3.241000000000261196e-05,2.300000000000000266e+00,4.968050921285869670e+00
3.241500000000260937e-05,2.300000000000000266e+00,4.967868563282593186e+00
3.242000000000260678e-05,2.300000000000000266e+00,4.967684799796675321e+00
3.242500000000260419e-05,2.300000000000000266e+00,4.967499612317888946e+00
3.243000000000260160e-05,2.300000000000000266e+00,4.967312981941104155e+00
3.243500000000259901e-05,2.300000000000000266e+00,4.967124889355242878e+00
3.244000000000259642e-05,2.300000000000000266e+00,4.966935314831659731e+00
3.244500000000259384e-05,2.300000000000000266e+00,4.966744238211837192e+00
3.245000000000259125e-05,2.300000000000000266e+00,4.966551638894339149e+00
3.245500000000258866e-05,2.300000000000000266e+00,4.966357495821825729e+00
3.246000000000258607e-05,2.300000000000000266e+00,4.966161787467025412e+00
3.246500000000258348e-05,2.300000000000000266e+00,4.965964491819414128e+00
3.247000000000258089e-05,2.300000000000000266e+00,4.965765586369604634e+00
3.247500000000257830e-05,2.300000000000000266e+00,4.965565048094304323e+00
3.248000000000257571e-05,2.300000000000000266e+00,4.965362853440228541e+00
3.248500000000257312e-05,2.300000000000000266e+00,4.965158978307762538e+00
3.249000000000257053e-05,2.300000000000000266e+00,4.964953398034211318e+00
3.249500000000256795e-05,2.300000000000000266e+00,4.964746087375098149e+00
3.250000000000256536e-05,2.300000000000000266e+00,4.964537020486088359e+00
3.250500000000256277e-05,2.300000000000000266e+00,4.964326170903941460e+00
3.251000000000256018e-05,2.300000000000000266e+00,4.964113511525723332e+00
3.251500000000255759e-05,2.300000000000000266e+00,4.963899014588670333e+00
3.252000000000255500e-05,2.300000000000000266e+00,4.963682651648221089e+00
3.252500000000255241e-05,2.300000000000000266e+00,4.963464393554708920e+00
3.253000000000254982e-05,2.300000000000000266e+00,4.963244210430631576e+00
3.253500000000254723e-05,2.300000000000000266e+00,4.963022071645911026e+00
3.254000000000254465e-05,2.300000000000000266e+00,4.962797945791836973e+00
3.254500000000254206e-05,2.300000000000000266e+00,4.962571800654891341e+00
3.255000000000253947e-05,2.300000000000000266e+00,4.962343603188335450e+00
3.255500000000253688e-05,2.300000000000000266e+00,4.962113319483378859e+00
3.256000000000253429e-05,2.300000000000000266e+00,4.961880914739043469e+00
3.256500000000253170e-05,2.300000000000000266e+00,4.961646353230034556e+00
3.257000000000252911e-05,2.300000000000000266e+00,4.961409598274138411e+00
3.257500000000252652e-05,2.300000000000000266e+00,4.961170612197191687e+00
3.258000000000252393e-05,2.300000000000000266e+00,4.960929356296545301e+00
3.258500000000252134e-05,2.300000000000000266e+00,4.960685790804278739e+00
3.259000000000251876e-05,2.300000000000000266e+00,4.960439874846770181e+00
3.259500000000251617e-05,2.300000000000000266e+00,4.960191566403596930e+00
3.260000000000251358e-05,2.300000000000000266e+00,4.959940822264050198e+00
3.260500000000251099e-05,2.300000000000000266e+00,4.959687597981127460e+00
3.261000000000250840e-05,2.300000000000000266e+00,4.959431847825060302e+00
3.261500000000250581e-05,2.300000000000000266e+00,4.959173524732425342e+00
3.262000000000250322e-05,2.300000000000000266e+00,4.958912580253868718e+00
3.262500000000250063e-05,2.300000000000000266e+00,4.958648964499758449e+00
3.263000000000249804e-05,2.300000000000000266e+00,4.958382626081362154e+00
3.263500000000249545e-05,2.300000000000000266e+00,4.958113512050784877e+00
3.264000000000249287e-05,2.300000000000000266e+00,4.957841567837538932e+00
3.264500000000249028e-05,2.300000000000000266e+00,4.957566737180926886e+00
3.265000000000248769e-05,2.300000000000000266e+00,4.957288962059608117e+00
3.265500000000248510e-05,2.300000000000000266e+00,4.957008182617694381e+00
3.266000000000248251e-05,2.300000000000000266e+00,4.956724337086147791e+00
3.266500000000247992e-05,2.300000000000000266e+00,4.956437361700920974e+00
3.267000000000247733e-05,2.300000000000000266e+00,4.956147190616009723e+00
3.267500000000247474e-05,2.300000000000000266e+00,4.955853755811093109e+00
3.268000000000247215e-05,2.300000000000000266e+00,4.955556986995722113e+00
3.268500000000246956e-05,2.300000000000000266e+00,4.955256811507120496e+00
3.269000000000246698e-05,2.300000000000000266e+00,4.954953154202177856e+00
3.269500000000246439e-05,2.300000000000000266e+00,4.954645937343081563e+00
3.270000000000246180e-05,2.300000000000000266e+00,4.954335080476838904e+00
3.270500000000245921e-05,2.300000000000000266e+00,4.954020500308025987e+00
3.271000000000245662e-05,2.300000000000000266e+00,4.953702110562663741e+00
3.271500000000245403e-05,2.300000000000000266e+00,4.953379821844876574e+00
3.272000000000245144e-05,2.300000000000000266e+00,4.953053541485058275e+00
3.272500000000244885e-05,2.300000000000000266e+00,4.952723173378169363e+00
3.273000000000244626e-05,2.300000000000000266e+00,4.952388617812046867e+00
3.273500000000244368e-05,2.300000000000000266e+00,4.952049771284849022e+00
3.274000000000244109e-05,2.300000000000000266e+00,4.951706526311025591e+00
3.274500000000243850e-05,2.300000000000000266e+00,4.951358771214811050e+00
3.275000000000243591e-05,2.300000000000000266e+00,4.951006389909793803e+00
3.275500000000243332e-05,2.300000000000000266e+00,4.950649261664425538e+00
3.276000000000243073e-05,2.300000000000000266e+00,4.950287260850935844e+00
3.276500000000242814e-05,2.300000000000000266e+00,4.949920256677565078e+00
3.277000000000242555e-05,2.300000000000000266e+00,4.949548112903245922e+00
3.277500000000242296e-05,2.300000000000000266e+00,4.949170687530587642e+00
3.278000000000242037e-05,2.300000000000000266e+00,4.948787832477683502e+00
3.278500000000241779e-05,2.300000000000000266e+00,4.948399393227422394e+00
3.279000000000241520e-05,2.300000000000000266e+00,4.948005208449242076e+00
3.279500000000241261e-05,2.300000000000000266e+00,4.947605109593696149e+00
3.280000000000241002e-05,2.300000000000000266e+00,4.947198920457301696e+00
3.280500000000240743e-05,2.300000000000000266e+00,4.946786456713085478e+00
3.281000000000240484e-05,2.300000000000000266e+00,4.946367525404960830e+00
3.281500000000240225e-05,2.300000000000000266e+00,4.945941924401994427e+00
3.282000000000239966e-05,2.300000000000000266e+00,4.945509441809868179e+00
3.282500000000239707e-05,2.300000000000000266e+00,4.945069855333398046e+00
3.283000000000239448e-05,2.300000000000000266e+00,4.944622931587367987e+00
3.283500000000239190e-05,2.300000000000000266e+00,4.944168425348748563e+00
3.284000000000238931e-05,2.300000000000000266e+00,4.943706078744919630e+00
3.284500000000238672e-05,2.300000000000000266e+00,4.943235620372617767e+00
3.285000000000238413e-05,2.300000000000000266e+00,4.942756764336994735e+00
3.285500000000238154e-05,2.300000000000000266e+00,4.942269209205418790e+00
3.286000000000237895e-05,2.300000000000000266e+00,4.941772636865711554e+00
3.286500000000237636e-05,2.300000000000000266e+00,4.941266711276755430e+00
3.287000000000237377e-05,2.300000000000000266e+00,4.940751077101531941e+00
3.287500000000237118e-05,2.300000000000000266e+00,4.940225358206960848e+00
3.288000000000236860e-05,2.300000000000000266e+00,4.939689156015384164e+00
3.288500000000236601e-05,2.300000000000000266e+00,4.939142047690766368e+00
3.289000000000236342e-05,2.300000000000000266e+00,4.938583584138414473e+00
3.289500000000236083e-05,2.300000000000000266e+00,4.938013287794151829e+00
3.290000000000235824e-05,2.300000000000000266e+00,4.937430650177809355e+00
3.290500000000235565e-05,2.300000000000000266e+00,4.936835129178697379e+00
3.291000000000235306e-05,2.300000000000000266e+00,4.936226146036921669e+00
3.291500000000235047e-05,2.300000000000000266e+00,4.935603081980647566e+00
3.292000000000234788e-05,2.300000000000000266e+00,4.934965274470225260e+00
3.292500000000234529e-05,2.300000000000000266e+00,4.934312012992599250e+00
3.293000000000234271e-05,2.300000000000000266e+00,4.933642534339711005e+00
3.293500000000234012e-05,2.300000000000000266e+00,4.932956017294980455e+00
3.294000000000233753e-05,2.300000000000000266e+00,4.932251576635754198e+00
3.294500000000233494e-05,2.300000000000000266e+00,4.931528256343498562e+00
3.295000000000233235e-05,2.300000000000000266e+00,4.930785021893411724e+00
3.295500000000232976e-05,2.300000000000000266e+00,4.930020751471074547e+00
3.296000000000232717e-05,2.300000000000000266e+00,4.929234225931440783e+00
3.296500000000232458e-05,2.300000000000000266e+00,4.928424117279000427e+00
3.297000000000232199e-05,2.300000000000000266e+00,4.927588975401773652e+00
3.297500000000231940e-05,2.300000000000000266e+00,4.926727212732568084e+00
3.298000000000231682e-05,2.300000000000000266e+00,4.925837086438501267e+00
3.298500000000231423e-05,2.300000000000000266e+00,4.924916677648305097e+00
3.299000000000231164e-05,2.300000000000000266e+00,4.923963867108132497e+00
3.299500000000230905e-05,2.300000000000000266e+00,4.922976306507290900e+00
3.300000000000230646e-05,2.300000000000000266e+00,4.921951384523495676e+00
3.300500000000230387e-05,2.300000000000000266e+00,4.920886186381466132e+00
3.301000000000230128e-05,2.300000000000000266e+00,4.919777445390224102e+00
3.301500000000229869e-05,2.300000000000000266e+00,4.918621484486760842e+00
3.302000000000229610e-05,2.300000000000000266e+00,4.917414145223377275e+00
3.302500000000229351e-05,2.300000000000000266e+00,4.916150700848443300e+00
3.303000000000229093e-05,2.300000000000000266e+00,4.914825749040586444e+00
3.303500000000228834e-05,2.300000000000000266e+00,4.913433078353563133e+00
3.304000000000228575e-05,2.300000000000000266e+00,4.911965500329094958e+00
3.304500000000228316e-05,2.300000000000000266e+00,4.910414636227154794e+00
3.305000000000228057e-05,2.300000000000000266e+00,4.908770642995226474e+00
3.305500000000227798e-05,2.300000000000000266e+00,4.907021856730639620e+00
3.306000000000227539e-05,2.300000000000000266e+00,4.905154322358345809e+00
3.306500000000227280e-05,2.300000000000000266e+00,4.903151163706653826e+00
3.307000000000227021e-05,2.300000000000000266e+00,4.900991725471857130e+00
3.307500000000226763e-05,2.300000000000000266e+00,4.898650382315806517e+00
3.308000000000226504e-05,2.300000000000000266e+00,4.896094850913545571e+00
3.308500000000226245e-05,2.300000000000000266e+00,4.893283740504548618e+00
3.309000000000225986e-05,2.300000000000000266e+00,4.890162903017463591e+00
3.309500000000225727e-05,2.300000000000000266e+00,4.886659829915538822e+00
3.310000000000225468e-05,2.300000000000000266e+00,4.882674758012153227e+00
3.310500000000225209e-05,2.300000000000000266e+00,4.878066018839400719e+00
3.311000000000224950e-05,2.300000000000000266e+00,4.872624931184004637e+00
3.311500000000224691e-05,2.300000000000000266e+00,4.866031086210959700e+00
3.312000000000224432e-05,2.300000000000000266e+00,4.857770633289845819e+00
3.312500000000224174e-05,2.300000000000000266e+00,4.846919426306857126e+00
3.313000000000223915e-05,2.300000000000000266e+00,4.831917063501124154e+00
3.313500000000223656e-05,2.300000000000000266e+00,4.810710458045584836e+00
3.314000000000223397e-05,2.300000000000000266e+00,4.782129621935221842e+00
3.314500000000223138e-05,2.300000000000000266e+00,4.747561277420873971e+00
3.315000000000222879e-05,2.300000000000000266e+00,4.709459637211844019e+00
3.315500000000222620e-05,2.300000000000000266e+00,4.669369571891841098e+00
3.316000000000222361e-05,2.300000000000000266e+00,4.627902208257094863e+00
3.316500000000222102e-05,2.300000000000000266e+00,4.585262060348953561e+00
3.317000000000221843e-05,2.300000000000000266e+00,4.541526753373762659e+00
3.317500000000221585e-05,2.300000000000000266e+00,4.496742581550734030e+00
3.318000000000221326e-05,2.300000000000000266e+00,4.450947117781296924e+00
3.318500000000221067e-05,2.300000000000000266e+00,4.404174481290490384e+00
3.319000000000220808e-05,2.300000000000000266e+00,4.356456624584439830e+00
3.319500000000220549e-05,2.300000000000000266e+00,4.307823766779375951e+00
3.320000000000220290e-05,2.300000000000000266e+00,4.258304624642352820e+00
3.320500000000220031e-05,2.300000000000000266e+00,4.207926587228004500e+00
3.321000000000219772e-05,2.300000000000000266e+00,4.156715862863557653e+00
3.321500000000219513e-05,2.300000000000000266e+00,4.104697607584315122e+00
3.322000000000219254e-05,2.300000000000000266e+00,4.051896038587411653e+00
3.322500000000218996e-05,2.300000000000000266e+00,3.998334535317904059e+00
3.323000000000218737e-05,2.300000000000000266e+00,3.944035730186401079e+00
3.323500000000218478e-05,2.300000000000000266e+00,3.889021590589609723e+00
3.324000000000218219e-05,2.300000000000000266e+00,3.833313493611188338e+00
3.324500000000217960e-05,2.300000000000000266e+00,3.776932294590931605e+00
3.325000000000217701e-05,2.300000000000000266e+00,3.719898390567252022e+00
3.325500000000217442e-05,2.300000000000000266e+00,3.662231779448450020e+00
3.326000000000217183e-05,2.300000000000000266e+00,3.603952115679066370e+00
3.326500000000216924e-05,2.300000000000000266e+00,3.545078763070287575e+00
3.327000000000216666e-05,2.300000000000000266e+00,3.485630845388533405e+00
3.327500000000216407e-05,2.300000000000000266e+00,3.425627295241213677e+00
3.328000000000216148e-05,2.300000000000000266e+00,3.365086901773388206e+00
3.328500000000215889e-05,2.300000000000000266e+00,3.304028357647666336e+00
3.329000000000215630e-05,2.300000000000000266e+00,3.242470305746095960e+00
3.329500000000215371e-05,2.300000000000000266e+00,3.180431386060919241e+00
3.330000000000215112e-05,2.300000000000000266e+00,3.117930283192899665e+00
3.330500000000214853e-05,2.300000000000000266e+00,3.054985774914113605e+00
3.331000000000214594e-05,2.300000000000000266e+00,2.991616782261357077e+00
3.331500000000214335e-05,2.300000000000000266e+00,2.927842421624153424e+00
3.332000000000214077e-05,2.300000000000000266e+00,2.863682059357918419e+00
3.332500000000213818e-05,2.300000000000000266e+00,2.799155369467951182e+00
3.333000000000213559e-05,2.300000000000000266e+00,2.734282394963756690e+00
3.333500000000213300e-05,2.300000000000000266e+00,2.669083613550630396e+00
3.334000000000213041e-05,2.300000000000000266e+00,2.603580008380325772e+00
3.334500000000212782e-05,2.300000000000000266e+00,2.537793144689014735e+00
3.335000000000212523e-05,2.300000000000000266e+00,2.471745253249437724e+00
3.335500000000212264e-05,2.300000000000000266e+00,2.405459321650007087e+00
3.336000000000212005e-05,2.300000000000000266e+00,2.338959194595062741e+00
3.336500000000211746e-05,2.300000000000000266e+00,2.272269684556105229e+00
3.337000000000211488e-05,2.300000000000000266e+00,2.205416694271809419e+00
3.337500000000211229e-05,2.300000000000000266e+00,2.138427352848532248e+00
3.338000000000210970e-05,2.300000000000000266e+00,2.071330167418827362e+00
3.338500000000210711e-05,2.300000000000000266e+00,2.004155192594864854e+00
3.339000000000210452e-05,2.300000000000000266e+00,1.936934220272760632e+00
3.339500000000210193e-05,2.300000000000000266e+00,1.869700992683522411e+00
3.340000000000209934e-05,2.300000000000000266e+00,1.802491441959830132e+00
3.340500000000209675e-05,2.300000000000000266e+00,1.735343959884609655e+00
3.341000000000209416e-05,2.300000000000000266e+00,1.668299701920371358e+00
3.341500000000209158e-05,2.300000000000000266e+00,1.601402930016079917e+00
3.342000000000208899e-05,2.300000000000000266e+00,1.534701399040743430e+00
3.342500000000208640e-05,2.300000000000000266e+00,1.468246791963457198e+00
3.343000000000208381e-05,2.300000000000000266e+00,1.402095208960089545e+00
3.343500000000208122e-05,2.300000000000000266e+00,1.336307715346891856e+00
3.344000000000207863e-05,2.300000000000000266e+00,1.270950952435755621e+00
3.344500000000207604e-05,2.300000000000000266e+00,1.206097813768812310e+00
3.345000000000207345e-05,2.300000000000000266e+00,1.141828186332586759e+00
3.345500000000207086e-05,2.300000000000000266e+00,1.078229751689407712e+00
3.346000000000206827e-05,2.300000000000000266e+00,1.015398834763929781e+00
3.346500000000206569e-05,2.300000000000000266e+00,9.534412773477783931e-01
3.347000000000206310e-05,2.300000000000000266e+00,8.924732980913757663e-01
3.347500000000206051e-05,2.300000000000000266e+00,8.326222796112423552e-01
3.348000000000205792e-05,2.300000000000000266e+00,7.740273952945003755e-01
3.348500000000205533e-05,2.300000000000000266e+00,7.168399529522346825e-01
3.349000000000205274e-05,2.300000000000000266e+00,6.612232905949460005e-01
3.349500000000205015e-05,2.300000000000000266e+00,6.073520148312121503e-01
3.350000000000204756e-05,2.300000000000000266e+00,5.554103324153008003e-01
3.350500000000204497e-05,2.300000000000000266e+00,5.055892036279181490e-01
3.351000000000204238e-05,2.300000000000000266e+00,4.580820620544084343e-01
3.351500000000203980e-05,2.300000000000000266e+00,4.130789229993468981e-01
3.352000000000203721e-05,2.300000000000000266e+00,3.707588647140892535e-01
3.352500000000203462e-05,2.300000000000000266e+00,3.312811224026775969e-01
3.353000000000203203e-05,2.300000000000000266e+00,2.947753663457722273e-01
3.353500000000202944e-05,2.300000000000000266e+00,2.613320840019009994e-01
3.354000000000202685e-05,2.300000000000000266e+00,2.309942539063965794e-01
3.354500000000202426e-05,2.300000000000000266e+00,2.037515732877485108e-01
3.355000000000202167e-05,2.300000000000000266e+00,1.795382982306142905e-01
3.355500000000201908e-05,2.300000000000000266e+00,1.582352708805233044e-01
3.356000000000201649e-05,2.300000000000000266e+00,1.396760411052681838e-01
3.356500000000201391e-05,2.300000000000000266e+00,1.236563160980757303e-01
3.357000000000201132e-05,2.300000000000000266e+00,1.099454762689366649e-01
3.357500000000200873e-05,2.300000000000000266e+00,9.829869968878222897e-02
3.358000000000200614e-05,2.300000000000000266e+00,8.846835369091787804e-02
3.358500000000200355e-05,2.300000000000000266e+00,8.021365811032948878e-02
3.359000000000200096e-05,2.300000000000000266e+00,7.330806975205145237e-02
3.359500000000199837e-05,2.300000000000000266e+00,6.754425961815009594e-02
3.360000000000199578e-05,2.300000000000000266e+00,6.273687430005328580e-02
3.360500000000199319e-05,2.300000000000000266e+00,5.872346332761954613e-02
3.361000000000199061e-05,2.300000000000000266e+00,5.536402708635824316e-02
3.361500000000198802e-05,2.300000000000000266e+00,5.253962722837086929e-02
3.362000000000198543e-05,2.300000000000000266e+00,5.015043899214070150e-02
3.362500000000198284e-05,2.300000000000000266e+00,4.811354206257111021e-02
3.363000000000198025e-05,2.300000000000000266e+00,4.636066352657421813e-02
3.363500000000197766e-05,2.300000000000000266e+00,4.483584674180126489e-02
3.364000000000197507e-05,2.300000000000000266e+00,4.349298534908216385e-02
3.364500000000197248e-05,2.300000000000000266e+00,4.229455450864987032e-02
3.365000000000196989e-05,2.300000000000000266e+00,4.121053762499115453e-02
3.365500000000196730e-05,2.300000000000000266e+00,4.021711176022488288e-02
3.366000000000196472e-05,2.300000000000000266e+00,3.929546112750414988e-02
3.366500000000196213e-05,2.300000000000000266e+00,3.843079490494776679e-02
3.367000000000195954e-05,2.300000000000000266e+00,3.761154110628751185e-02
3.367500000000195695e-05,2.300000000000000266e+00,3.682868980856057739e-02
3.368000000000195436e-05,2.300000000000000266e+00,3.607526146650782972e-02
3.368500000000195177e-05,2.300000000000000266e+00,3.534587887365315401e-02
3.369000000000194918e-05,2.300000000000000266e+00,3.463642424259815583e-02
3.369500000000194659e-05,2.300000000000000266e+00,3.394376566610368684e-02
3.370000000000194400e-05,2.300000000000000266e+00,3.326553977269272599e-02
3.370500000000194141e-05,2.300000000000000266e+00,3.259997965000845099e-02
3.371000000000193883e-05,2.300000000000000266e+00,3.194577906168157705e-02
3.371500000000193624e-05,2.300000000000000266e+00,3.130198564385110183e-02
3.372000000000193365e-05,2.300000000000000266e+00,3.066791715783299607e-02
3.372500000000193106e-05,2.300000000000000266e+00,3.004309602626910672e-02
3.373000000000192847e-05,2.300000000000000266e+00,2.942719832573657476e-02
3.373500000000192588e-05,2.300000000000000266e+00,2.882001417903983995e-02
3.374000000000192329e-05,2.300000000000000266e+00,2.822141711380748638e-02
3.374500000000192070e-05,2.300000000000000266e+00,2.763134045657425486e-02
3.375000000000191811e-05,2.300000000000000266e+00,2.704975923397368379e-02
3.375500000000191553e-05,2.300000000000000266e+00,2.647667637472082489e-02
3.376000000000191294e-05,2.300000000000000266e+00,2.591211226246774649e-02
3.376500000000191035e-05,2.300000000000000266e+00,2.535609689219585003e-02
3.377000000000190776e-05,2.300000000000000266e+00,2.480866404420578597e-02
3.377500000000190517e-05,2.300000000000000266e+00,2.426984701728151714e-02
3.378000000000190258e-05,2.300000000000000266e+00,2.373967556204474236e-02
3.378500000000189999e-05,2.300000000000000266e+00,2.321817373491751740e-02
3.379000000000189740e-05,2.300000000000000266e+00,2.270535845493584781e-02
3.379500000000189481e-05,2.300000000000000266e+00,2.220123859367633193e-02
3.380000000000189222e-05,2.300000000000000266e+00,2.170581446708461093e-02
3.380500000000188964e-05,2.300000000000000266e+00,2.121907762783640031e-02
3.381000000000188705e-05,2.300000000000000266e+00,2.074101087975369420e-02
3.381500000000188446e-05,2.300000000000000266e+00,2.027158845314989272e-02
3.382000000000188187e-05,2.300000000000000266e+00,1.981077629505471546e-02
3.382500000000187928e-05,2.300000000000000266e+00,1.935853243929228432e-02
3.383000000000187669e-05,2.300000000000000266e+00,1.891480742873315885e-02
3.383500000000187410e-05,2.300000000000000266e+00,1.847954476972891308e-02
3.384000000000187151e-05,2.300000000000000266e+00,1.805268140361483697e-02
3.384500000000186892e-05,2.300000000000000266e+00,1.763414818323121372e-02
3.385000000000186633e-05,2.300000000000000266e+00,1.722387034605963804e-02
3.385500000000186375e-05,2.300000000000000266e+00,1.682176797806405472e-02
3.386000000000186116e-05,2.300000000000000266e+00,1.642775646411687163e-02
3.386500000000185857e-05,2.300000000000000266e+00,1.604174692200581454e-02
3.387000000000185598e-05,2.300000000000000266e+00,1.566364661775337605e-02
3.387500000000185339e-05,2.300000000000000266e+00,1.529335936106867265e-02
3.388000000000185080e-05,2.300000000000000266e+00,1.493078588042606042e-02
3.388500000000184821e-05,2.300000000000000266e+00,1.457582417782927325e-02
3.389000000000184562e-05,2.300000000000000266e+00,1.422836986330996457e-02
3.389500000000184303e-05,2.300000000000000266e+00,1.388831646951054974e-02
3.390000000000184044e-05,2.300000000000000266e+00,1.355555574669873968e-02
3.390500000000183786e-05,2.300000000000000266e+00,1.322997793904303471e-02
3.391000000000183527e-05,2.300000000000000266e+00,1.291147204288394836e-02
3.391500000000183268e-05,2.300000000000000266e+00,1.259992604788448545e-02
3.392000000000183009e-05,2.300000000000000266e+00,1.229522716192441890e-02
3.392500000000182750e-05,2.300000000000000266e+00,1.199726202004913755e-02
3.393000000000182491e-05,2.300000000000000266e+00,1.170591687866800144e-02
3.393500000000182232e-05,2.300000000000000266e+00,1.142107779586446631e-02
3.394000000000181973e-05,2.300000000000000266e+00,1.114263079820916949e-02
3.394500000000181714e-05,2.300000000000000266e+00,1.087046203526109180e-02
3.395000000000181456e-05,2.300000000000000266e+00,1.060445792252070335e-02
3.395500000000181197e-05,2.300000000000000266e+00,1.034450527278197099e-02
3.396000000000180938e-05,2.300000000000000266e+00,1.009049141674497885e-02
3.396500000000180679e-05,2.300000000000000266e+00,9.842304314356082467e-03
3.397000000000180420e-05,2.300000000000000266e+00,9.599832656839238365e-03
3.397500000000180161e-05,2.300000000000000266e+00,9.362965959706323962e-03
3.398000000000179902e-05,2.300000000000000266e+00,9.131594647878472915e-03
3.398500000000179643e-05,2.300000000000000266e+00,8.905610132945572521e-03
3.399000000000179384e-05,2.300000000000000266e+00,8.684904883310591572e-03
3.399500000000179125e-05,2.300000000000000266e+00,8.469372487504418096e-03
3.400000000000178867e-05,2.300000000000000266e+00,8.258907711040609431e-03
3.400500000000178608e-05,2.300000000000000266e+00,8.053406547837621554e-03
3.401000000000178349e-05,2.300000000000000266e+00,7.852766265882080848e-03
3.401500000000178090e-05,2.300000000000000266e+00,7.656885447482580064e-03
3.402000000000177831e-05,2.300000000000000266e+00,7.465664024925661689e-03
3.402500000000177572e-05,2.300000000000000266e+00,7.279003311681018704e-03
3.403000000000177313e-05,2.300000000000000266e+00,7.096806029145493085e-03
3.403500000000177054e-05,2.300000000000000266e+00,6.918976329469676660e-03
3.404000000000176795e-05,2.300000000000000266e+00,6.745419814995243929e-03
3.404500000000176536e-05,2.300000000000000266e+00,6.576043554232918406e-03
3.405000000000176278e-05,2.300000000000000266e+00,6.410756094684316904e-03
3.405500000000176019e-05,2.300000000000000266e+00,6.249467472497815916e-03
3.406000000000175760e-05,2.300000000000000266e+00,6.092089219296778838e-03
3.406500000000175501e-05,2.300000000000000266e+00,5.938534366878346800e-03
3.407000000000175242e-05,2.300000000000000266e+00,5.788717449459282807e-03
3.407500000000174983e-05,2.300000000000000266e+00,5.642554503600584991e-03
3.408000000000174724e-05,2.300000000000000266e+00,5.499963066159707994e-03
3.408500000000174465e-05,2.300000000000000266e+00,5.360862170217288274e-03
3.409000000000174206e-05,2.300000000000000266e+00,5.225172339633499426e-03
3.409500000000173948e-05,2.300000000000000266e+00,5.092815582267838648e-03
3.410000000000173689e-05,2.300000000000000266e+00,4.963715381187543824e-03
3.410500000000173430e-05,2.300000000000000266e+00,4.837796684508241865e-03
3.411000000000173171e-05,2.300000000000000266e+00,4.714985894515323454e-03
3.411500000000172912e-05,2.300000000000000266e+00,4.595210855429291384e-03
3.412000000000172653e-05,2.300000000000000266e+00,4.478400840121550888e-03
3.412500000000172394e-05,2.300000000000000266e+00,4.364486536183816850e-03
3.413000000000172135e-05,2.300000000000000266e+00,4.253400030881915143e-03
3.413500000000171876e-05,2.300000000000000266e+00,4.145074795415945243e-03
3.414000000000171617e-05,2.300000000000000266e+00,4.039445668840999960e-03
3.414500000000171359e-05,2.300000000000000266e+00,3.936448841220105237e-03
3.415000000000171100e-05,2.300000000000000266e+00,3.836021835922298184e-03
3.415500000000170841e-05,2.300000000000000266e+00,3.738103491646154342e-03
3.416000000000170582e-05,2.300000000000000266e+00,3.642633944332669942e-03
3.416500000000170323e-05,2.300000000000000266e+00,3.549554608514163875e-03
3.417000000000170064e-05,2.300000000000000266e+00,3.458808158297637866e-03
3.417500000000169805e-05,2.300000000000000266e+00,3.370338508438897387e-03
3.418000000000169546e-05,2.300000000000000266e+00,3.284090795098296590e-03
3.418500000000169287e-05,2.300000000000000266e+00,3.200011356019460875e-03
3.419000000000169028e-05,2.300000000000000266e+00,3.118047710826530542e-03
3.419500000000168770e-05,2.300000000000000266e+00,3.038148541449245312e-03
3.420000000000168511e-05,2.300000000000000266e+00,2.960263672251477879e-03
3.420500000000168252e-05,2.300000000000000266e+00,2.884344050325188952e-03
3.421000000000167993e-05,2.300000000000000266e+00,2.810341725773107466e-03
3.421500000000167734e-05,2.300000000000000266e+00,2.738209831709521262e-03
3.422000000000167475e-05,2.300000000000000266e+00,2.667902564551795710e-03
3.422500000000167216e-05,2.300000000000000266e+00,2.599375164586273552e-03
3.423000000000166957e-05,2.300000000000000266e+00,2.532583896381626187e-03
3.423500000000166698e-05,2.300000000000000266e+00,2.467486029373331530e-03
3.424000000000166439e-05,2.300000000000000266e+00,2.404039818641877553e-03
3.424500000000166181e-05,2.300000000000000266e+00,2.342204485544216452e-03
3.425000000000165922e-05,2.300000000000000266e+00,2.281940198670797358e-03
3.425500000000165663e-05,2.300000000000000266e+00,2.223208055334502994e-03
3.426000000000165404e-05,2.300000000000000266e+00,2.165970062934049166e-03
3.426500000000165145e-05,2.300000000000000266e+00,2.110189120400003497e-03
3.427000000000164886e-05,2.300000000000000266e+00,2.055829000067536591e-03
3.427500000000164627e-05,2.300000000000000266e+00,2.002854329742413154e-03
3.428000000000164368e-05,2.300000000000000266e+00,1.951230575041862630e-03
3.428500000000164109e-05,2.300000000000000266e+00,1.900924021767381317e-03
3.429000000000163851e-05,2.300000000000000266e+00,1.851901758302694273e-03
3.429500000000163592e-05,2.300000000000000266e+00,1.804131658660323165e-03
3.430000000000163333e-05,2.300000000000000266e+00,1.757582365962531701e-03
3.430500000000163074e-05,2.300000000000000266e+00,1.712223275815516390e-03
3.431000000000162815e-05,2.300000000000000266e+00,1.668024519954785763e-03
3.431500000000162556e-05,2.300000000000000266e+00,1.624956950306873874e-03
3.432000000000162297e-05,2.300000000000000266e+00,1.582992122962316407e-03
3.432500000000162038e-05,2.300000000000000266e+00,1.542102282628013497e-03
3.433000000000161779e-05,2.300000000000000266e+00,1.502260347673941990e-03
3.433500000000161520e-05,2.300000000000000266e+00,1.463439894982094917e-03
3.434000000000161262e-05,2.300000000000000266e+00,1.425615144980048018e-03
3.434500000000161003e-05,2.300000000000000266e+00,1.388760947248354142e-03
3.435000000000160744e-05,2.300000000000000266e+00,1.352852766471031049e-03
3.435500000000160485e-05,2.300000000000000266e+00,1.317866668530728392e-03
3.436000000000160226e-05,2.300000000000000266e+00,1.283779306749447107e-03
3.436500000000159967e-05,2.300000000000000266e+00,1.250567908310074462e-03
3.437000000000159708e-05,2.300000000000000266e+00,1.218210260933085204e-03
3.437500000000159449e-05,2.300000000000000266e+00,1.186684699919900816e-03
3.438000000000159190e-05,2.300000000000000266e+00,1.155970095614450039e-03
3.438500000000158931e-05,2.300000000000000266e+00,1.126045841172904766e-03
3.439000000000158673e-05,2.300000000000000266e+00,1.096891840276131022e-03
3.439500000000158414e-05,2.300000000000000266e+00,1.068488494927013685e-03
3.440000000000158155e-05,2.300000000000000266e+00,1.040816693849194426e-03
3.440500000000157896e-05,2.300000000000000266e+00,1.013857801136819814e-03
3.441000000000157637e-05,2.300000000000000266e+00,9.875936449460342298e-04
3.441500000000157378e-05,2.300000000000000266e+00,9.620065064567732797e-04
3.442000000000157119e-05,2.300000000000000266e+00,9.370791092706174611e-04
3.442500000000156860e-05,2.300000000000000266e+00,9.127946089287966840e-04
3.443000000000156601e-05,2.300000000000000266e+00,8.891365822757494328e-04
3.443500000000156343e-05,2.300000000000000266e+00,8.660890173088556373e-04
3.444000000000156084e-05,2.300000000000000266e+00,8.436363036485104543e-04
3.444500000000155825e-05,2.300000000000000266e+00,8.217632229248562946e-04
3.445000000000155566e-05,2.300000000000000266e+00,8.004549390743486955e-04
3.445500000000155307e-05,2.300000000000000266e+00,7.796969889479300276e-04
3.446000000000155048e-05,2.300000000000000266e+00,7.594752734533356201e-04
3.446500000000154789e-05,2.300000000000000266e+00,7.397760490242375093e-04
3.447000000000154530e-05,2.300000000000000266e+00,7.205859187888780278e-04
3.447500000000154271e-05,2.300000000000000266e+00,7.018918238219910453e-04
3.448000000000154012e-05,2.300000000000000266e+00,6.836810351891999720e-04
3.448500000000153754e-05,2.300000000000000266e+00,6.659411459380040581e-04
3.449000000000153495e-05,2.300000000000000266e+00,6.486600628920595208e-04
3.449500000000153236e-05,2.300000000000000266e+00,6.318259989460628346e-04
3.450000000000152977e-05,2.300000000000000266e+00,6.154274658636626301e-04
3.450500000000152718e-05,2.300000000000000266e+00,5.994532668811156312e-04
3.451000000000152459e-05,2.300000000000000266e+00,5.838924892862132430e-04
3.451500000000152200e-05,2.300000000000000266e+00,5.687344976035755249e-04
3.452000000000151941e-05,2.300000000000000266e+00,5.539689267340118560e-04
3.452500000000151682e-05,2.300000000000000266e+00,5.395856750191567594e-04
3.453000000000151423e-05,2.300000000000000266e+00,5.255748978343601418e-04
3.453500000000151165e-05,2.300000000000000266e+00,5.119270012446155418e-04
3.454000000000150906e-05,2.300000000000000266e+00,4.986326357646320671e-04
3.454500000000150647e-05,2.300000000000000266e+00,4.856826902349412273e-04
3.455000000000150388e-05,2.300000000000000266e+00,4.730682859287491473e-04
3.455500000000150129e-05,2.300000000000000266e+00,4.607807708453156279e-04
3.456000000000149870e-05,2.300000000000000266e+00,4.488117137756097671e-04
3.456500000000149611e-05,2.300000000000000266e+00,4.371528987933289388e-04
3.457000000000149352e-05,2.300000000000000266e+00,4.257963201062104600e-04
3.457500000000149093e-05,2.300000000000000266e+00,4.147341766922737040e-04
3.458000000000148834e-05,2.300000000000000266e+00,4.039588671804414388e-04
3.458500000000148576e-05,2.300000000000000266e+00,3.934629848313836204e-04
3.459000000000148317e-05,2.300000000000000266e+00,3.832393124163839494e-04
3.459500000000148058e-05,2.300000000000000266e+00,3.732808175437510984e-04
3.460000000000147799e-05,2.300000000000000266e+00,3.635806482021093503e-04
3.460500000000147540e-05,2.300000000000000266e+00,3.541321281281885097e-04
3.461000000000147281e-05,2.300000000000000266e+00,3.449287522732639609e-04
3.461500000000147022e-05,2.300000000000000266e+00,3.359641826290244901e-04
3.462000000000146763e-05,2.300000000000000266e+00,3.272322439710772819e-04
3.462500000000146504e-05,2.300000000000000266e+00,3.187269194680195420e-04
3.463000000000146246e-05,2.300000000000000266e+00,3.104423467935018676e-04
3.463500000000145987e-05,2.300000000000000266e+00,3.023728144496074443e-04
3.464000000000145728e-05,2.300000000000000266e+00,2.945127578105304479e-04
3.464500000000145469e-05,2.300000000000000266e+00,2.868567552918875108e-04
3.465000000000145210e-05,2.300000000000000266e+00,2.793995248807744770e-04
3.465500000000144951e-05,2.300000000000000266e+00,2.721359206029937486e-04
3.466000000000144692e-05,2.300000000000000266e+00,2.650609288224718024e-04
3.466500000000144433e-05,2.300000000000000266e+00,2.581696648280971300e-04
3.467000000000144174e-05,2.300000000000000266e+00,2.514573697906380672e-04
3.467500000000143915e-05,2.300000000000000266e+00,2.449194077380344343e-04
3.468000000000143657e-05,2.300000000000000266e+00,2.385512622071937967e-04
3.468500000000143398e-05,2.300000000000000266e+00,2.323485329096655388e-04
3.469000000000143139e-05,2.300000000000000266e+00,2.263069330794443418e-04
3.469500000000142880e-05,2.300000000000000266e+00,2.204222867486816144e-04
3.470000000000142621e-05,2.300000000000000266e+00,2.146905255262909881e-04
3.470500000000142362e-05,2.300000000000000266e+00,2.091076858596591212e-04
3.471000000000142103e-05,2.300000000000000266e+00,2.036699065530498504e-04
3.471500000000141844e-05,2.300000000000000266e+00,1.983734261271109800e-04
3.472000000000141585e-05,2.300000000000000266e+00,1.932145804026390193e-04
3.472500000000141326e-05,2.300000000000000266e+00,1.881897999077898100e-04
3.473000000000141068e-05,2.300000000000000266e+00,1.832956072122154175e-04
3.473500000000140809e-05,2.300000000000000266e+00,1.785286146090942589e-04
3.474000000000140550e-05,2.300000000000000266e+00,1.738855220967841877e-04
3.474500000000140291e-05,2.300000000000000266e+00,1.693631151695076226e-04
3.475000000000140032e-05,2.300000000000000266e+00,1.649582622901127132e-04
3.475500000000139773e-05,2.300000000000000266e+00,1.606679127993315616e-04
3.476000000000139514e-05,2.300000000000000266e+00,1.564890949494773971e-04
3.476500000000139255e-05,2.300000000000000266e+00,1.524189138026833736e-04
3.477000000000138996e-05,2.300000000000000266e+00,1.484545494538782684e-04
3.477500000000138738e-05,2.300000000000000266e+00,1.445932551124294075e-04
3.478000000000138479e-05,2.300000000000000266e+00,1.408323550309081515e-04
3.478500000000138220e-05,2.300000000000000266e+00,1.371692426381400495e-04
3.479000000000137961e-05,2.300000000000000266e+00,1.336013787726586478e-04
3.479500000000137702e-05,2.300000000000000266e+00,1.301262900873827926e-04
3.480000000000137443e-05,2.300000000000000266e+00,1.267415673838130402e-04
3.480500000000137184e-05,2.300000000000000266e+00,1.234448638022131407e-04
3.481000000000136925e-05,2.300000000000000266e+00,1.202338931871186261e-04
3.481500000000136666e-05,2.300000000000000266e+00,1.171064286068549092e-04
3.482000000000136407e-05,2.300000000000000266e+00,1.140603008759212122e-04
3.482500000000136149e-05,2.300000000000000266e+00,1.110933970532216155e-04
3.483000000000135890e-05,2.300000000000000266e+00,1.082036589897394935e-04
3.483500000000135631e-05,2.300000000000000266e+00,1.053890818664343843e-04
3.484000000000135372e-05,2.300000000000000266e+00,1.026477128777114736e-04
3.484500000000135113e-05,2.300000000000000266e+00,9.997764994412532916e-05
3.485000000000134854e-05,2.300000000000000266e+00,9.737704014950359440e-05
3.485500000000134595e-05,2.300000000000000266e+00,9.484407854525752604e-05
3.486000000000134336e-05,2.300000000000000266e+00,9.237700716298906042e-05
3.486500000000134077e-05,2.300000000000000266e+00,8.997411361610976866e-05
3.487000000000133818e-05,2.300000000000000266e+00,8.763372986093120637e-05
3.487500000000133560e-05,2.300000000000000266e+00,8.535423121399904713e-05
3.488000000000133301e-05,2.300000000000000266e+00,8.313403513318995733e-05
3.488500000000133042e-05,2.300000000000000266e+00,8.097159994780902387e-05
3.489000000000132783e-05,2.300000000000000266e+00,7.886542400398273314e-05
3.489500000000132524e-05,2.300000000000000266e+00,7.681404485377184700e-05
3.490000000000132265e-05,2.300000000000000266e+00,7.481603814760482253e-05
3.490500000000132006e-05,2.300000000000000266e+00,7.287001643850364661e-05
3.491000000000131747e-05,2.300000000000000266e+00,7.097462809984038303e-05
3.491500000000131488e-05,2.300000000000000266e+00,6.912855656832828284e-05
3.492000000000131229e-05,2.300000000000000266e+00,6.733051950309178397e-05
3.492500000000130971e-05,2.300000000000000266e+00,6.557926783465558055e-05
3.493000000000130712e-05,2.300000000000000266e+00,6.387358503779483722e-05
3.493500000000130453e-05,2.300000000000000266e+00,6.221228616125568187e-05
3.494000000000130194e-05,2.300000000000000266e+00,6.059421694796994734e-05
3.494500000000129935e-05,2.300000000000000266e+00,5.901825318388547435e-05
3.495000000000129676e-05,2.300000000000000266e+00,5.748329986453241377e-05
3.495500000000129417e-05,2.300000000000000266e+00,5.598829035318549834e-05
3.496000000000129158e-05,2.300000000000000266e+00,5.453218573318127530e-05
3.496500000000128899e-05,2.300000000000000266e+00,5.311397419552815269e-05
3.497000000000128641e-05,2.300000000000000266e+00,5.173267021213098364e-05
3.497500000000128382e-05,2.300000000000000266e+00,5.038731384841348907e-05
3.498000000000128123e-05,2.300000000000000266e+00,4.907697004110878828e-05
3.498500000000127864e-05,2.300000000000000266e+00,4.780072795088821777e-05
3.499000000000127605e-05,2.300000000000000266e+00,4.655770053261484219e-05
3.499500000000127346e-05,2.300000000000000266e+00,4.534702377702116212e-05
3.500000000000127087e-05,2.300000000000000266e+00,4.416785604349811057e-05
3.500500000000126828e-05,2.300000000000000266e+00,4.301937764714064649e-05
3.501000000000126569e-05,2.300000000000000266e+00,4.190079025125350242e-05
3.501500000000126310e-05,2.300000000000000266e+00,4.081131619363879650e-05
3.502000000000126052e-05,2.300000000000000266e+00,3.975019796269003389e-05
3.502500000000125793e-05,2.300000000000000266e+00,3.871669780486177885e-05
3.503000000000125534e-05,2.300000000000000266e+00,3.771009725876385094e-05
3.503500000000125275e-05,2.300000000000000266e+00,3.672969657557365730e-05
3.504000000000125016e-05,2.300000000000000266e+00,3.577481417933481853e-05
3.504500000000124757e-05,2.300000000000000266e+00,3.484478610191494040e-05
3.505000000000124498e-05,2.300000000000000266e+00,3.393896552707463272e-05
3.505500000000124239e-05,2.300000000000000266e+00,3.305672243115357847e-05
3.506000000000123980e-05,2.300000000000000266e+00,3.219744330264494189e-05
3.506500000000123721e-05,2.300000000000000266e+00,3.136053071086443997e-05
3.507000000000123463e-05,2.300000000000000266e+00,3.054540271827622732e-05
3.507500000000123204e-05,2.300000000000000266e+00,2.975149246901099214e-05
3.508000000000122945e-05,2.300000000000000266e+00,2.897824781802133193e-05
3.508500000000122686e-05,2.300000000000000266e+00,2.822513095479972661e-05
3.509000000000122427e-05,2.300000000000000266e+00,2.749161804673879903e-05
3.509500000000122168e-05,2.300000000000000266e+00,2.677719888292887158e-05
3.510000000000121909e-05,2.300000000000000266e+00,2.608137657981004611e-05
3.510500000000121650e-05,2.300000000000000266e+00,2.540366722320896534e-05
3.511000000000121391e-05,2.300000000000000266e+00,2.474359943571709079e-05
3.511500000000121133e-05,2.300000000000000266e+00,2.410071410749777072e-05
3.512000000000120874e-05,2.300000000000000266e+00,2.347456409906302602e-05
3.512500000000120615e-05,2.300000000000000266e+00,2.286471388715899221e-05
3.513000000000120356e-05,2.300000000000000266e+00,2.227073924668896085e-05
3.513500000000120097e-05,2.300000000000000266e+00,2.169222696430869735e-05
3.514000000000119838e-05,2.300000000000000266e+00,2.112877457244963868e-05
3.514500000000119579e-05,2.300000000000000266e+00,2.057999014096086710e-05
3.515000000000119320e-05,2.300000000000000266e+00,2.004549188930811955e-05
3.515500000000119061e-05,2.300000000000000266e+00,1.952490791669199749e-05
3.516000000000118802e-05,2.300000000000000266e+00,1.901787610134419616e-05
3.516500000000118544e-05,2.300000000000000266e+00,1.852404378950967448e-05
3.517000000000118285e-05,2.300000000000000266e+00,1.804306737123637005e-05
3.517500000000118026e-05,2.300000000000000266e+00,1.757461216653060656e-05
3.518000000000117767e-05,2.300000000000000266e+00,1.711835240180998785e-05
3.518500000000117508e-05,2.300000000000000266e+00,1.667397078948021745e-05
3.519000000000117249e-05,2.300000000000000266e+00,1.624115807416161197e-05
3.519500000000116990e-05,2.300000000000000266e+00,1.581961298402917923e-05
3.520000000000116731e-05,2.300000000000000266e+00,1.540904225483193834e-05
3.520500000000116472e-05,2.300000000000000266e+00,1.500916031371448557e-05
3.521000000000116213e-05,2.300000000000000266e+00,1.461968892260811568e-05
3.521500000000115955e-05,2.300000000000000266e+00,1.424035703528379347e-05
3.522000000000115696e-05,2.300000000000000266e+00,1.387090070521087982e-05
3.522500000000115437e-05,2.300000000000000266e+00,1.351106287489073044e-05
3.523000000000115178e-05,2.300000000000000266e+00,1.316059313273044554e-05
3.523500000000114919e-05,2.300000000000000266e+00,1.281924762612985077e-05
3.524000000000114660e-05,2.300000000000000266e+00,1.248678883494617431e-05
3.524500000000114401e-05,2.300000000000000266e+00,1.216298535413237375e-05
3.525000000000114142e-05,2.300000000000000266e+00,1.184761188358788733e-05
3.525500000000113883e-05,2.300000000000000266e+00,1.154044907855931875e-05
3.526000000000113624e-05,2.300000000000000266e+00,1.124128330939733105e-05
3.526500000000113366e-05,2.300000000000000266e+00,1.094990644207621036e-05
3.527000000000113107e-05,2.300000000000000266e+00,1.066611570150277031e-05
3.527500000000112848e-05,2.300000000000000266e+00,1.038971348357472172e-05
3.528000000000112589e-05,2.300000000000000266e+00,1.012050729130392580e-05
3.528500000000112330e-05,2.300000000000000266e+00,9.858309798791666095e-06
3.529000000000112071e-05,2.300000000000000266e+00,9.602938623346627927e-06
3.529500000000111812e-05,2.300000000000000266e+00,9.354216078204088600e-06
3.530000000000111553e-05,2.300000000000000266e+00,9.111969074453752594e-06
3.530500000000111294e-05,2.300000000000000266e+00,8.876029019207937841e-06
3.531000000000111036e-05,2.300000000000000266e+00,8.646231818714931723e-06
3.531500000000110777e-05,2.300000000000000266e+00,8.422417632783231502e-06
3.532000000000110518e-05,2.300000000000000266e+00,8.204430648992865725e-06
3.532500000000110259e-05,2.300000000000000266e+00,7.992119092685731095e-06
3.533000000000110000e-05,2.300000000000000266e+00,7.785335239359378562e-06
3.533500000000109741e-05,2.300000000000000266e+00,7.583935216705968276e-06
3.534000000000109482e-05,2.300000000000000266e+00,7.387778778560498335e-06
3.534500000000109223e-05,2.300000000000000266e+00,7.196729381283176476e-06
3.535000000000108964e-05,2.300000000000000266e+00,7.010654193928049766e-06
3.535500000000108705e-05,2.300000000000000266e+00,6.829423739445931535e-06
3.536000000000108447e-05,2.300000000000000266e+00,6.652911813514305535e-06
3.536500000000108188e-05,2.300000000000000266e+00,6.480995613795971624e-06
3.537000000000107929e-05,2.300000000000000266e+00,6.313555490723607649e-06
3.537500000000107670e-05,2.300000000000000266e+00,6.150474772321197636e-06
3.538000000000107411e-05,2.300000000000000266e+00,5.991639900132527461e-06
3.538500000000107152e-05,2.300000000000000266e+00,5.836940471861202884e-06
3.539000000000106893e-05,2.300000000000000266e+00,5.686268870354030158e-06
3.539500000000106634e-05,2.300000000000000266e+00,5.539520146327500301e-06
3.540000000000106375e-05,2.300000000000000266e+00,5.396592280658248021e-06
3.540500000000106116e-05,2.300000000000000266e+00,5.257385912874530585e-06
3.541000000000105858e-05,2.300000000000000266e+00,5.121804071477548575e-06
3.541500000000105599e-05,2.300000000000000266e+00,4.989752259857666386e-06
3.542000000000105340e-05,2.300000000000000266e+00,4.861138500333404274e-06
3.542500000000105081e-05,2.300000000000000266e+00,4.735873303284167781e-06
3.543000000000104822e-05,2.300000000000000266e+00,4.613869539222941325e-06
3.543500000000104563e-05,2.300000000000000266e+00,4.495042299194980602e-06
3.544000000000104304e-05,2.300000000000000266e+00,4.379308857701016313e-06
3.544500000000104045e-05,2.300000000000000266e+00,4.266588749120421509e-06
3.545000000000103786e-05,2.300000000000000266e+00,4.156803572207714918e-06
3.545500000000103528e-05,2.300000000000000266e+00,4.049876796022565880e-06
3.546000000000103269e-05,2.300000000000000266e+00,3.945733934289448773e-06
3.546500000000103010e-05,2.300000000000000266e+00,3.844302563747559793e-06
3.547000000000102751e-05,2.300000000000000266e+00,3.745512187521715358e-06
3.547500000000102492e-05,2.300000000000000266e+00,3.649294103212718180e-06
3.548000000000102233e-05,2.300000000000000266e+00,3.555581382063028472e-06
3.548500000000101974e-05,2.300000000000000266e+00,3.464308807976930416e-06
3.549000000000101715e-05,2.300000000000000266e+00,3.375412776315640984e-06
3.549500000000101456e-05,2.300000000000000266e+00,3.288831292198299066e-06
3.550000000000101197e-05,2.300000000000000266e+00,3.204504024196548669e-06
3.550500000000100939e-05,2.300000000000000266e+00,3.122372327274107959e-06
3.551000000000100680e-05,2.300000000000000266e+00,3.042379040855096351e-06
3.551500000000100421e-05,2.300000000000000266e+00,2.964468408791859674e-06
3.552000000000100162e-05,2.300000000000000266e+00,2.888586221781612844e-06
3.552500000000099903e-05,2.300000000000000266e+00,2.814679782085579185e-06
3.553000000000099644e-05,2.300000000000000266e+00,2.742697775288128518e-06
3.553500000000099385e-05,2.300000000000000266e+00,2.672590145883386941e-06
3.554000000000099126e-05,2.300000000000000266e+00,2.604308036250780331e-06
3.554500000000098867e-05,2.300000000000000266e+00,2.537803843724218826e-06
3.555000000000098608e-05,2.300000000000000266e+00,2.473031160217967236e-06
3.555500000000098350e-05,2.300000000000000266e+00,2.409944771015232499e-06
3.556000000000098091e-05,2.300000000000000266e+00,2.348500844685417933e-06
3.556500000000097832e-05,2.300000000000000266e+00,2.288656806240636146e-06
3.557000000000097573e-05,2.300000000000000266e+00,2.230371061332921446e-06
3.557500000000097314e-05,2.300000000000000266e+00,2.173602928573244226e-06
3.558000000000097055e-05,2.300000000000000266e+00,2.118312814363415050e-06
3.558500000000096796e-05,2.300000000000000266e+00,2.064462336237574585e-06
3.559000000000096537e-05,2.300000000000000266e+00,2.012014035296767047e-06
3.559500000000096278e-05,2.300000000000000266e+00,1.960931295797389044e-06
3.560000000000096019e-05,2.300000000000000266e+00,1.911178529493713855e-06
3.560500000000095761e-05,2.300000000000000266e+00,1.862721213190768918e-06
3.561000000000095502e-05,2.300000000000000266e+00,1.815525754162522391e-06
3.561500000000095243e-05,2.300000000000000266e+00,1.769559209296888556e-06
3.562000000000094984e-05,2.300000000000000266e+00,1.724789358420690059e-06
3.562500000000094725e-05,2.300000000000000266e+00,1.681185050507700827e-06
3.563000000000094466e-05,2.300000000000000266e+00,1.638716087090800336e-06
3.563500000000094207e-05,2.300000000000000266e+00,1.597352921004113776e-06
3.564000000000093948e-05,2.300000000000000266e+00,1.557066709458154330e-06
3.564500000000093689e-05,2.300000000000000266e+00,1.517829412363564611e-06
3.565000000000093431e-05,2.300000000000000266e+00,1.479613706571574176e-06
3.565500000000093172e-05,2.300000000000000266e+00,1.442392986313137618e-06
3.566000000000092913e-05,2.300000000000000266e+00,1.406141445338160187e-06
3.566500000000092654e-05,2.300000000000000266e+00,1.370833928214034329e-06
3.567000000000092395e-05,2.300000000000000266e+00,1.336445835074653631e-06
3.567500000000092136e-05,2.300000000000000266e+00,1.302953209696180877e-06
3.568000000000091877e-05,2.300000000000000266e+00,1.270332751794130069e-06
3.568500000000091618e-05,2.300000000000000266e+00,1.238561671286232836e-06
3.569000000000091359e-05,2.300000000000000266e+00,1.207617747497750431e-06
3.569500000000091100e-05,2.300000000000000266e+00,1.177479501661804440e-06
3.570000000000090842e-05,2.300000000000000266e+00,1.148126018956776448e-06
3.570500000000090583e-05,2.300000000000000266e+00,1.119536825242142687e-06
3.571000000000090324e-05,2.300000000000000266e+00,1.091691986554661746e-06
3.571500000000090065e-05,2.300000000000000266e+00,1.064572130770908674e-06
3.572000000000089806e-05,2.300000000000000266e+00,1.038158308998719214e-06
3.572500000000089547e-05,2.300000000000000266e+00,1.012432107165118843e-06
3.573000000000089288e-05,2.300000000000000266e+00,9.873757584675935360e-07
3.573500000000089029e-05,2.300000000000000266e+00,9.629719046521288375e-07
3.574000000000088770e-05,2.300000000000000266e+00,9.392035979131113286e-07
3.574500000000088511e-05,2.300000000000000266e+00,9.160542553124046804e-07
3.575000000000088253e-05,2.300000000000000266e+00,8.935075513378899877e-07
3.575500000000087994e-05,2.300000000000000266e+00,8.715477408272886091e-07
3.576000000000087735e-05,2.300000000000000266e+00,8.501596947778134536e-07
3.576500000000087476e-05,2.300000000000000266e+00,8.293285750923880486e-07
3.577000000000087217e-05,2.300000000000000266e+00,8.090398666347087740e-07
3.577500000000086958e-05,2.300000000000000266e+00,7.892794086675009862e-07
3.578000000000086699e-05,2.300000000000000266e+00,7.700334670940751821e-07
3.578500000000086440e-05,2.300000000000000266e+00,7.512887050540417743e-07
3.579000000000086181e-05,2.300000000000000266e+00,7.330320122051739184e-07
3.579500000000085923e-05,2.300000000000000266e+00,7.152506701955065837e-07
3.580000000000085664e-05,2.300000000000000266e+00,6.979323338088670151e-07
3.580500000000085405e-05,2.300000000000000266e+00,6.810648859087596501e-07
3.581000000000085146e-05,2.300000000000000266e+00,6.646365458142280642e-07
3.581500000000084887e-05,2.300000000000000266e+00,6.486359998995429104e-07
3.582000000000084628e-05,2.300000000000000266e+00,6.330522225885707243e-07
3.582500000000084369e-05,2.300000000000000266e+00,6.178742608255646404e-07
3.583000000000084110e-05,2.300000000000000266e+00,6.030914519627934513e-07
3.583500000000083851e-05,2.300000000000000266e+00,5.886935558329088756e-07
3.584000000000083592e-05,2.300000000000000266e+00,5.746704995000473897e-07
3.584500000000083334e-05,2.300000000000000266e+00,5.610124553874494706e-07
3.585000000000083075e-05,2.300000000000000266e+00,5.477099804531636384e-07
3.585500000000082816e-05,2.300000000000000266e+00,5.347538717010776367e-07
3.586000000000082557e-05,2.300000000000000266e+00,5.221351312828593556e-07
3.586500000000082298e-05,2.300000000000000266e+00,5.098449878334089545e-07
3.587000000000082039e-05,2.300000000000000266e+00,4.978749600552363322e-07
3.587500000000081780e-05,2.300000000000000266e+00,4.862167421157206446e-07
3.588000000000081521e-05,2.300000000000000266e+00,4.748620780881225276e-07
3.588500000000081262e-05,2.300000000000000266e+00,4.638029936745897068e-07
3.589000000000081003e-05,2.300000000000000266e+00,4.530317789055304374e-07
3.589500000000080745e-05,2.300000000000000266e+00,4.425408655102325886e-07
3.590000000000080486e-05,2.300000000000000266e+00,4.323229422452421118e-07
3.590500000000080227e-05,2.300000000000000266e+00,4.223710769238915275e-07
3.591000000000079968e-05,2.300000000000000266e+00,4.126785006242173026e-07
3.591500000000079709e-05,2.300000000000000266e+00,4.032384021192008587e-07
3.592000000000079450e-05,2.300000000000000266e+00,3.940441584503425847e-07
3.592500000000079191e-05,2.300000000000000266e+00,3.850893608261155451e-07
3.593000000000078932e-05,2.300000000000000266e+00,3.763676649025054768e-07
3.593500000000078673e-05,2.300000000000000266e+00,3.678730089454298834e-07
3.594000000000078414e-05,2.300000000000000266e+00,3.595995580002311361e-07
3.594500000000078156e-05,2.300000000000000266e+00,3.515415274883645388e-07
3.595000000000077897e-05,2.300000000000000266e+00,3.436933249795655091e-07
3.595500000000077638e-05,2.300000000000000266e+00,3.360494713462624449e-07
3.596000000000077379e-05,2.300000000000000266e+00,3.286045917056185686e-07
3.596500000000077120e-05,2.300000000000000266e+00,3.213535493047796717e-07
3.597000000000076861e-05,2.300000000000000266e+00,3.142913764102221914e-07
3.597500000000076602e-05,2.300000000000000266e+00,3.074132312827113202e-07
3.598000000000076343e-05,2.300000000000000266e+00,3.007142599557922309e-07
3.598500000000076084e-05,2.300000000000000266e+00,2.941895843372642094e-07
3.599000000000075826e-05,2.300000000000000266e+00,2.878345764270309524e-07
3.599500000000075567e-05,2.300000000000000266e+00,2.816449750157968141e-07
3.600000000000075308e-05,2.300000000000000266e+00,2.756166250839315040e-07
3.600500000000075049e-05,2.300000000000000266e+00,2.697453007730666297e-07
3.601000000000074790e-05,2.300000000000000266e+00,2.640268200681838970e-07
3.601500000000074531e-05,2.300000000000000266e+00,2.584572541405282099e-07
3.602000000000074272e-05,2.300000000000000266e+00,2.530328565129092807e-07
3.602500000000074013e-05,2.300000000000000266e+00,2.477498114155702798e-07
3.603000000000073754e-05,2.300000000000000266e+00,2.426043315387410681e-07
3.603500000000073495e-05,2.300000000000000266e+00,2.375928238804828030e-07
3.604000000000073237e-05,2.300000000000000266e+00,2.327117907962444866e-07
3.604500000000072978e-05,2.300000000000000266e+00,2.279578026299544488e-07
3.605000000000072719e-05,2.300000000000000266e+00,2.233275014815233441e-07
3.605500000000072460e-05,2.300000000000000266e+00,2.188176446748581483e-07
3.606000000000072201e-05,2.300000000000000266e+00,2.144252411489230995e-07
3.606500000000071942e-05,2.300000000000000266e+00,2.101473084459569320e-07
3.607000000000071683e-05,2.300000000000000266e+00,2.059807749835445861e-07
3.607500000000071424e-05,2.300000000000000266e+00,2.019227002296031543e-07
3.608000000000071165e-05,2.300000000000000266e+00,1.979702039761063296e-07
3.608500000000070906e-05,2.300000000000000266e+00,1.941204956484746497e-07
3.609000000000070648e-05,2.300000000000000266e+00,1.903709759671696615e-07
3.609500000000070389e-05,2.300000000000000266e+00,1.867191424187149134e-07
3.610000000000070130e-05,2.300000000000000266e+00,1.831624784705275659e-07
3.610500000000069871e-05,2.300000000000000266e+00,1.796984180247535648e-07
3.611000000000069612e-05,2.300000000000000266e+00,1.763244715730681070e-07
3.611500000000069353e-05,2.300000000000000266e+00,1.730383196422474160e-07
3.612000000000069094e-05,2.300000000000000266e+00,1.698377759110064271e-07
3.612500000000068835e-05,2.300000000000000266e+00,1.667206544412721272e-07
3.613000000000068576e-05,2.300000000000000266e+00,1.636847057840859732e-07
3.613500000000068318e-05,2.300000000000000266e+00,1.607277635758307279e-07
3.614000000000068059e-05,2.300000000000000266e+00,1.578478243691067251e-07
3.614500000000067800e-05,2.300000000000000266e+00,1.550429116384101506e-07
3.615000000000067541e-05,2.300000000000000266e+00,1.523110850718906877e-07
3.615500000000067282e-05,2.300000000000000266e+00,1.496504939834734462e-07
3.616000000000067023e-05,2.300000000000000266e+00,1.470592168271466613e-07
3.616500000000066764e-05,2.300000000000000266e+00,1.445353547370198090e-07
3.617000000000066505e-05,2.300000000000000266e+00,1.420771592167882129e-07
3.617500000000066246e-05,2.300000000000000266e+00,1.396829008243026349e-07
3.618000000000065987e-05,2.300000000000000266e+00,1.373508853171123039e-07
3.618500000000065729e-05,2.300000000000000266e+00,1.350795326028430222e-07
3.619000000000065470e-05,2.300000000000000266e+00,1.328673988370330705e-07
3.619500000000065211e-05,2.300000000000000266e+00,1.307130833531022779e-07
3.620000000000064952e-05,2.300000000000000266e+00,1.286150052635864711e-07
3.620500000000064693e-05,2.300000000000000266e+00,1.265714374890008283e-07
3.621000000000064434e-05,2.300000000000000266e+00,1.245809276435941842e-07
3.621500000000064175e-05,2.300000000000000266e+00,1.226423293906255189e-07
3.622000000000063916e-05,2.300000000000000266e+00,1.207543196363130302e-07
3.622500000000063657e-05,2.300000000000000266e+00,1.189154065403140652e-07
3.623000000000063398e-05,2.300000000000000266e+00,1.171243271118138734e-07
3.623500000000063140e-05,2.300000000000000266e+00,1.153798845781982234e-07
3.624000000000062881e-05,2.300000000000000266e+00,1.136808121407720487e-07
3.624500000000062622e-05,2.300000000000000266e+00,1.120260025093437090e-07
3.625000000000062363e-05,2.300000000000000266e+00,1.104143451992210964e-07
3.625500000000062104e-05,2.300000000000000266e+00,1.088446018989550095e-07
3.626000000000061845e-05,2.300000000000000266e+00,1.073156004181770007e-07
3.626500000000061586e-05,2.300000000000000266e+00,1.058262666754343916e-07
3.627000000000061327e-05,2.300000000000000266e+00,1.043756582511709292e-07
3.627500000000061068e-05,2.300000000000000266e+00,1.029629157919931198e-07
3.628000000000060809e-05,2.300000000000000266e+00,1.015871142684193130e-07
3.628500000000060551e-05,2.300000000000000266e+00,1.002472906163534146e-07
3.629000000000060292e-05,2.300000000000000266e+00,9.894247846090048485e-08
3.629500000000060033e-05,2.300000000000000266e+00,9.767167130669646925e-08
3.630000000000059774e-05,2.300000000000000266e+00,9.643386100196785656e-08
3.630500000000059515e-05,2.300000000000000266e+00,9.522817223715969548e-08
3.631000000000059256e-05,2.300000000000000266e+00,9.405381306688823270e-08
3.631500000000058997e-05,2.300000000000000266e+00,9.290991641135236831e-08
3.632000000000058738e-05,2.300000000000000266e+00,9.179569784260697140e-08
3.632500000000058479e-05,2.300000000000000266e+00,9.071053338954904703e-08
3.633000000000058221e-05,2.300000000000000266e+00,8.965371015206816600e-08
3.633500000000057962e-05,2.300000000000000266e+00,8.862444020769017049e-08
3.634000000000057703e-05,2.300000000000000266e+00,8.762199789282793351e-08
3.634500000000057444e-05,2.300000000000000266e+00,8.664572553822943310e-08
3.635000000000057185e-05,2.300000000000000266e+00,8.569492278839582988e-08
3.635500000000056926e-05,2.300000000000000266e+00,8.476877407735923816e-08
3.636000000000056667e-05,2.300000000000000266e+00,8.386657888304911605e-08
3.636500000000056408e-05,2.300000000000000266e+00,8.298788709107559183e-08
3.637000000000056149e-05,2.300000000000000266e+00,8.213225299519062809e-08
3.637500000000055890e-05,2.300000000000000266e+00,8.129903838087283595e-08
3.638000000000055632e-05,2.300000000000000266e+00,8.048754353305772150e-08
3.638500000000055373e-05,2.300000000000000266e+00,7.969710118485137298e-08
3.639000000000055114e-05,2.300000000000000266e+00,7.892712573835551596e-08
3.639500000000054855e-05,2.300000000000000266e+00,7.817714333281062873e-08
3.640000000000054596e-05,2.300000000000000266e+00,7.744663629701732580e-08
3.640500000000054337e-05,2.300000000000000266e+00,7.673505014808575236e-08
3.641000000000054078e-05,2.300000000000000266e+00,7.604198151954859329e-08
3.641500000000053819e-05,2.300000000000000266e+00,7.536710872181008169e-08
3.642000000000053560e-05,2.300000000000000266e+00,7.470990712933881300e-08
3.642500000000053301e-05,2.300000000000000266e+00,7.406973196396054287e-08
3.643000000000053043e-05,2.300000000000000266e+00,7.344613499402681106e-08
3.643500000000052784e-05,2.300000000000000266e+00,7.283887634208592376e-08
3.644000000000052525e-05,2.300000000000000266e+00,7.224760304504240832e-08
3.644500000000052266e-05,2.300000000000000266e+00,7.167180398363811458e-08
3.645000000000052007e-05,2.300000000000000266e+00,7.111104664050670266e-08
3.645500000000051748e-05,2.300000000000000266e+00,7.056491244208071803e-08
3.646000000000051489e-05,2.300000000000000266e+00,7.003289784852549815e-08
3.646500000000051230e-05,2.300000000000000266e+00,6.951455935937729836e-08
3.647000000000050971e-05,2.300000000000000266e+00,6.900961187019432100e-08
3.647500000000050713e-05,2.300000000000000266e+00,6.851779115346693954e-08
3.648000000000050454e-05,2.300000000000000266e+00,6.803878295587441249e-08
3.648500000000050195e-05,2.300000000000000266e+00,6.757228627112698422e-08
3.649000000000049936e-05,2.300000000000000266e+00,6.711801422046388631e-08
3.649500000000049677e-05,2.300000000000000266e+00,6.667564093470407206e-08
3.650000000000049418e-05,2.300000000000000266e+00,6.624482240391939836e-08
3.650500000000049159e-05,2.300000000000000266e+00,6.582524010030870472e-08
3.651000000000048900e-05,2.300000000000000266e+00,6.541655161422418994e-08
3.651500000000048641e-05,2.300000000000000266e+00,6.501840923405536828e-08
3.652000000000048382e-05,2.300000000000000266e+00,6.463048781040342775e-08
3.652500000000048124e-05,2.300000000000000266e+00,6.425255724537313051e-08
3.653000000000047865e-05,2.300000000000000266e+00,6.388450242904198657e-08
3.653500000000047606e-05,2.300000000000000266e+00,6.352615764722699016e-08
3.654000000000047347e-05,2.300000000000000266e+00,6.317720498369120086e-08
3.654500000000047088e-05,2.300000000000000266e+00,6.283724139137892809e-08
3.655000000000046829e-05,2.300000000000000266e+00,6.250602189984473757e-08
3.655500000000046570e-05,2.300000000000000266e+00,6.218340225795870672e-08
3.656000000000046311e-05,2.300000000000000266e+00,6.186916439597263870e-08
3.656500000000046052e-05,2.300000000000000266e+00,6.156309813307747032e-08
3.657000000000045793e-05,2.300000000000000266e+00,6.126502566314258182e-08
3.657500000000045535e-05,2.300000000000000266e+00,6.097483317851737320e-08
3.658000000000045276e-05,2.300000000000000266e+00,6.069238682686402976e-08
3.658500000000045017e-05,2.300000000000000266e+00,6.041740823194521767e-08
3.659000000000044758e-05,2.300000000000000266e+00,6.014963995805177558e-08
3.659500000000044499e-05,2.300000000000000266e+00,5.988887342465498220e-08
3.660000000000044240e-05,2.300000000000000266e+00,5.963485005448963228e-08
3.660500000000043981e-05,2.300000000000000266e+00,5.938731113864930530e-08
3.661000000000043722e-05,2.300000000000000266e+00,5.914617201452656965e-08
3.661500000000043463e-05,2.300000000000000266e+00,5.891131040506220333e-08
3.662000000000043204e-05,2.300000000000000266e+00,5.868251868371763179e-08
3.662500000000042946e-05,2.300000000000000266e+00,5.845968398128509213e-08
3.663000000000042687e-05,2.300000000000000266e+00,5.824256714615541437e-08
3.663500000000042428e-05,2.300000000000000266e+00,5.803097627555919123e-08
3.664000000000042169e-05,2.300000000000000266e+00,5.782492923726947672e-08
3.664500000000041910e-05,2.300000000000000266e+00,5.762434840074757168e-08
3.665000000000041651e-05,2.300000000000000266e+00,5.742909335585858287e-08
3.665500000000041392e-05,2.300000000000000266e+00,5.723910734677140905e-08
3.666000000000041133e-05,2.300000000000000266e+00,5.705418819024299406e-08
3.666500000000040874e-05,2.300000000000000266e+00,5.687396896201603532e-08
3.667000000000040616e-05,2.300000000000000266e+00,5.669830108216661224e-08
3.667500000000040357e-05,2.300000000000000266e+00,5.652718098832503585e-08
3.668000000000040098e-05,2.300000000000000266e+00,5.636047302092420691e-08
3.668500000000039839e-05,2.300000000000000266e+00,5.619806827753684999e-08
3.669000000000039580e-05,2.300000000000000266e+00,5.603992649252531369e-08
3.669500000000039321e-05,2.300000000000000266e+00,5.588592897825455541e-08
3.670000000000039062e-05,2.300000000000000266e+00,5.573594647991010043e-08
3.670500000000038803e-05,2.300000000000000266e+00,5.558991210029539968e-08
3.671000000000038544e-05,2.300000000000000266e+00,5.544770105068255579e-08
3.671500000000038285e-05,2.300000000000000266e+00,5.530916550404467559e-08
3.672000000000038027e-05,2.300000000000000266e+00,5.517423111338288976e-08
3.672500000000037768e-05,2.300000000000000266e+00,5.504278386409766899e-08
3.673000000000037509e-05,2.300000000000000266e+00,5.491469042819164502e-08
3.673500000000037250e-05,2.300000000000000266e+00,5.478985647777926044e-08
3.674000000000036991e-05,2.300000000000000266e+00,5.466818916916137433e-08
3.674500000000036732e-05,2.300000000000000266e+00,5.454967360656906868e-08
3.675000000000036473e-05,2.300000000000000266e+00,5.443441232805423446e-08
3.675500000000036214e-05,2.300000000000000266e+00,5.432233722722801630e-08
3.676000000000035955e-05,2.300000000000000266e+00,5.421323545110128204e-08
3.676500000000035696e-05,2.300000000000000266e+00,5.410699069388202467e-08
3.677000000000035438e-05,2.300000000000000266e+00,5.400349725955949581e-08
3.677500000000035179e-05,2.300000000000000266e+00,5.390259545953139763e-08
3.678000000000034920e-05,2.300000000000000266e+00,5.380415891246091603e-08
3.678500000000034661e-05,2.300000000000000266e+00,5.370820696061600210e-08
3.679000000000034402e-05,2.300000000000000266e+00,5.361482196188432818e-08
3.679500000000034143e-05,2.300000000000000266e+00,5.352392933142787605e-08
3.680000000000033884e-05,2.300000000000000266e+00,5.343535708558349400e-08
3.680500000000033625e-05,2.300000000000000266e+00,5.334909350773980838e-08
3.681000000000033366e-05,2.300000000000000266e+00,5.326523035798460635e-08
3.681500000000033108e-05,2.300000000000000266e+00,5.318365202931393415e-08
3.682000000000032849e-05,2.300000000000000266e+00,5.310414425420856004e-08
3.682500000000032590e-05,2.300000000000000266e+00,5.302662341692635668e-08
3.683000000000032331e-05,2.300000000000000266e+00,5.295107451146031713e-08
3.683500000000032072e-05,2.300000000000000266e+00,5.287751958335312696e-08
3.684000000000031813e-05,2.300000000000000266e+00,5.280591704349654459e-08
3.684500000000031554e-05,2.300000000000000266e+00,5.273607718360280004e-08
3.685000000000031295e-05,2.300000000000000266e+00,5.266787030568046983e-08
3.685500000000031036e-05,2.300000000000000266e+00,5.260130849380123726e-08
3.686000000000030777e-05,2.300000000000000266e+00,5.253645372439099740e-08
3.686500000000030519e-05,2.300000000000000266e+00,5.247334052965933555e-08
3.687000000000030260e-05,2.300000000000000266e+00,5.241200584506205182e-08
3.687500000000030001e-05,2.300000000000000266e+00,5.235248117063535203e-08
3.688000000000029742e-05,2.300000000000000266e+00,5.229464681064500649e-08
3.688500000000029483e-05,2.300000000000000266e+00,5.223827159529608346e-08
3.689000000000029224e-05,2.300000000000000266e+00,5.218332371866801433e-08
3.689500000000028965e-05,2.300000000000000266e+00,5.212988409706388144e-08
3.690000000000028706e-05,2.300000000000000266e+00,5.207793453179188497e-08
3.690500000000028447e-05,2.300000000000000266e+00,5.202737932889403099e-08
3.691000000000028188e-05,2.300000000000000266e+00,5.197805525678139131e-08
3.691500000000027930e-05,2.300000000000000266e+00,5.192990510291863432e-08
3.692000000000027671e-05,2.300000000000000266e+00,5.188299746916495634e-08
3.692500000000027412e-05,2.300000000000000266e+00,5.183734876253020874e-08
3.693000000000027153e-05,2.300000000000000266e+00,5.179286810726041431e-08
3.693500000000026894e-05,2.300000000000000266e+00,5.174938585913808966e-08
3.694000000000026635e-05,2.300000000000000266e+00,5.170687273360290065e-08
3.694500000000026376e-05,2.300000000000000266e+00,5.166543816509398115e-08
3.695000000000026117e-05,2.300000000000000266e+00,5.162507914284107800e-08
3.695500000000025858e-05,2.300000000000000266e+00,5.158578699795358603e-08
3.696000000000025599e-05,2.300000000000000266e+00,5.154762203692066205e-08
3.696500000000025341e-05,2.300000000000000266e+00,5.151059792289568407e-08
3.697000000000025082e-05,2.300000000000000266e+00,5.147459251813211021e-08
3.697500000000024823e-05,2.300000000000000266e+00,5.143939392746669079e-08
3.698000000000024564e-05,2.300000000000000266e+00,5.140496138009989429e-08
3.698500000000024305e-05,2.300000000000000266e+00,5.137149306543975931e-08
3.699000000000024046e-05,2.300000000000000266e+00,5.133910213717524551e-08
3.699500000000023787e-05,2.300000000000000266e+00,5.130760544097995215e-08
3.700000000000023528e-05,2.300000000000000266e+00,5.127689938789648900e-08
3.700500000000023269e-05,2.300000000000000266e+00,5.124707354171539741e-08
3.701000000000023011e-05,2.300000000000000266e+00,5.121810238558382547e-08
3.701500000000022752e-05,2.300000000000000266e+00,5.118985292242317057e-08
3.702000000000022493e-05,2.300000000000000266e+00,5.116219120116467018e-08
3.702500000000022234e-05,2.300000000000000266e+00,5.113506370711965247e-08
3.703000000000021975e-05,2.300000000000000266e+00,5.110852285965382858e-08
3.703500000000021716e-05,2.300000000000000266e+00,5.108270279942193255e-08
3.704000000000021457e-05,2.300000000000000266e+00,5.105772894024337005e-08
3.704500000000021198e-05,2.300000000000000266e+00,5.103346847483000228e-08
3.705000000000020939e-05,2.300000000000000266e+00,5.100978939865503794e-08
3.705500000000020680e-05,2.300000000000000266e+00,5.098678777515690126e-08
3.706000000000020422e-05,2.300000000000000266e+00,5.096446696944787125e-08
3.706500000000020163e-05,2.300000000000000266e+00,5.094275635559451287e-08
3.707000000000019904e-05,2.300000000000000266e+00,5.092159560772459085e-08
3.707500000000019645e-05,2.300000000000000266e+00,5.090090300071335973e-08
3.708000000000019386e-05,2.300000000000000266e+00,5.088069624949391842e-08
3.708500000000019127e-05,2.300000000000000266e+00,5.086102301337715032e-08
3.709000000000018868e-05,2.300000000000000266e+00,5.084185132411549801e-08
3.709500000000018609e-05,2.300000000000000266e+00,5.082310974695388320e-08
3.710000000000018350e-05,2.300000000000000266e+00,5.080475006916635833e-08
3.710500000000018091e-05,2.300000000000000266e+00,5.078681174554882413e-08
3.711000000000017833e-05,2.300000000000000266e+00,5.076941825872157203e-08
3.711500000000017574e-05,2.300000000000000266e+00,5.075265797095428873e-08
3.712000000000017315e-05,2.300000000000000266e+00,5.073638312891662603e-08
3.712500000000017056e-05,2.300000000000000266e+00,5.072047190235755418e-08
3.713000000000016797e-05,2.300000000000000266e+00,5.070500817191284644e-08
3.713500000000016538e-05,2.300000000000000266e+00,5.068999742731558347e-08
3.714000000000016279e-05,2.300000000000000266e+00,5.067538474136710790e-08
3.714500000000016020e-05,2.300000000000000266e+00,5.066120615549786407e-08
3.715000000000015761e-05,2.300000000000000266e+00,5.064746635829071457e-08
3.715500000000015503e-05,2.300000000000000266e+00,5.063403377688867575e-08
3.716000000000015244e-05,2.300000000000000266e+00,5.062082528899988026e-08
3.716500000000014985e-05,2.300000000000000266e+00,5.060791425270262958e-08
3.717000000000014726e-05,2.300000000000000266e+00,5.059531161636838644e-08
3.717500000000014467e-05,2.300000000000000266e+00,5.058298256916216558e-08
3.718000000000014208e-05,2.300000000000000266e+00,5.057096889563399020e-08
3.718500000000013949e-05,2.300000000000000266e+00,5.055929959000721402e-08
3.719000000000013690e-05,2.300000000000000266e+00,5.054796407359525718e-08
3.719500000000013431e-05,2.300000000000000266e+00,5.053698448481592975e-08
3.720000000000013172e-05,2.300000000000000266e+00,5.052634318222820534e-08
3.720500000000012914e-05,2.300000000000000266e+00,5.051601197659468405e-08
3.721000000000012655e-05,2.300000000000000266e+00,5.050590054557645280e-08
3.721500000000012396e-05,2.300000000000000266e+00,5.049591213865866752e-08
3.722000000000012137e-05,2.300000000000000266e+00,5.048610723253342443e-08
3.722500000000011878e-05,2.300000000000000266e+00,5.047653871881798123e-08
3.723000000000011619e-05,2.300000000000000266e+00,5.046716139959684511e-08
3.723500000000011360e-05,2.300000000000000266e+00,5.045800564283721831e-08
3.724000000000011101e-05,2.300000000000000266e+00,5.044910788287322901e-08
3.724500000000010842e-05,2.300000000000000266e+00,5.044045022669294790e-08
3.725000000000010583e-05,2.300000000000000266e+00,5.043203431515848233e-08
3.725500000000010325e-05,2.300000000000000266e+00,5.042388359865107822e-08
3.726000000000010066e-05,2.300000000000000266e+00,5.041598124455136569e-08
3.726500000000009807e-05,2.300000000000000266e+00,5.040832474119067596e-08
3.727000000000009548e-05,2.300000000000000266e+00,5.040091810178708517e-08
3.727500000000009289e-05,2.300000000000000266e+00,5.039374724141342598e-08
3.728000000000009030e-05,2.300000000000000266e+00,5.038679113231770605e-08
3.728500000000008771e-05,2.300000000000000266e+00,5.038006025061984150e-08
3.729000000000008512e-05,2.300000000000000266e+00,5.037355455957379609e-08
3.729500000000008253e-05,2.300000000000000266e+00,5.036727002274271917e-08
3.730000000000007994e-05,2.300000000000000266e+00,5.036120664012660410e-08
3.730500000000007736e-05,2.300000000000000266e+00,5.035533741835758123e-08
3.731000000000007477e-05,2.300000000000000266e+00,5.034966497934241486e-08
3.731500000000007218e-05,2.300000000000000266e+00,5.034418902123693716e-08
3.732000000000006959e-05,2.300000000000000266e+00,5.033878042672375163e-08
3.732500000000006700e-05,2.300000000000000266e+00,5.033334714537804439e-08
3.733000000000006441e-05,2.300000000000000266e+00,5.032795907547507847e-08
3.733500000000006182e-05,2.300000000000000266e+00,5.032264216170181735e-08
3.734000000000005923e-05,2.300000000000000266e+00,5.031737060070409170e-08
3.734500000000005664e-05,2.300000000000000266e+00,5.031219843918245822e-08
3.735000000000005406e-05,2.300000000000000266e+00,5.030725492609557495e-08
3.735500000000005147e-05,2.300000000000000266e+00,5.030262062562907824e-08
3.736000000000004888e-05,2.300000000000000266e+00,5.029815483367982449e-08
3.736500000000004629e-05,2.300000000000000266e+00,5.029362093917745111e-08
3.737000000000004370e-05,2.300000000000000266e+00,5.028897917558585804e-08
3.737500000000004111e-05,2.300000000000000266e+00,5.028440726766769489e-08
3.738000000000003852e-05,2.300000000000000266e+00,5.028011207574170621e-08
3.738500000000003593e-05,2.300000000000000266e+00,5.027615136575828114e-08
3.739000000000003334e-05,2.300000000000000266e+00,5.027236986876412373e-08
3.739500000000003075e-05,2.300000000000000266e+00,5.026854110152704421e-08
3.740000000000002817e-05,2.300000000000000266e+00,5.026461433763233869e-08
3.740500000000002558e-05,2.300000000000000266e+00,5.026076669229847133e-08
3.741000000000002299e-05,2.300000000000000266e+00,5.025720099909888187e-08
3.741500000000002040e-05,2.300000000000000266e+00,5.025396016698116523e-08
3.742000000000001781e-05,2.300000000000000266e+00,5.025087325147604217e-08
3.742500000000001522e-05,2.300000000000000266e+00,5.024772746339490723e-08
3.743000000000001263e-05,2.300000000000000266e+00,5.024448161400014878e-08
3.743500000000001004e-05,2.300000000000000266e+00,5.024129451139595077e-08
3.744000000000000745e-05,2.300000000000000266e+00,5.023826887373314199e-08
3.744500000000000486e-05,2.300000000000000266e+00,5.023534560008358213e-08
3.745000000000000228e-05,2.300000000000000266e+00,5.023253152868535154e-08
3.745499999999999969e-05,2.300000000000000266e+00,5.022985492812372611e-08
3.745999999999999710e-05,2.300000000000000266e+00,5.022727995624575239e-08
3.746499999999999451e-05,2.300000000000000266e+00,5.022469520683143672e-08
3.746999999999999192e-05,2.300000000000000266e+00,5.022202568659171452e-08
3.747499999999998933e-05,2.300000000000000266e+00,5.021932207529924838e-08
3.747999999999998674e-05,2.300000000000000266e+00,5.021670397783321119e-08
3.748499999999998415e-05,2.300000000000000266e+00,5.021426356454805820e-08
3.748999999999998156e-05,2.300000000000000266e+00,5.021197077901229425e-08
3.749499999999997898e-05,2.300000000000000266e+00,5.020979787314537400e-08
3.749999999999997639e-05,2.300000000000000266e+00,5.020766360174555024e-08
3.750499999999997380e-05,2.300000000000000266e+00,5.020545314906306238e-08
3.750999999999997121e-05,2.300000000000000266e+00,5.020320248101619467e-08
3.751499999999996862e-05,2.300000000000000266e+00,5.020105745668668318e-08
3.751999999999996603e-05,2.300000000000000266e+00,5.019908641101996428e-08
3.752499999999996344e-05,2.300000000000000266e+00,5.019715678627867485e-08
3.752999999999996085e-05,2.300000000000000266e+00,5.019517201184243618e-08
3.753499999999995826e-05,2.300000000000000266e+00,5.019319834043323044e-08
3.753999999999995567e-05,2.300000000000000266e+00,5.019131999531722998e-08
3.754499999999995309e-05,2.300000000000000266e+00,5.018960027841098115e-08
3.754999999999995050e-05,2.300000000000000266e+00,5.018803688903495270e-08
3.755499999999994791e-05,2.300000000000000266e+00,5.018660716241076745e-08
3.755999999999994532e-05,2.300000000000000266e+00,5.018521475445453355e-08
3.756499999999994273e-05,2.300000000000000266e+00,5.018372495171338759e-08
3.756999999999994014e-05,2.300000000000000266e+00,5.018218030879288544e-08
3.757499999999993755e-05,2.300000000000000266e+00,5.018063434038170553e-08
3.757999999999993496e-05,2.300000000000000266e+00,5.017904542446127931e-08
3.758499999999993237e-05,2.300000000000000266e+00,5.017744417087815948e-08
3.758999999999992978e-05,2.300000000000000266e+00,5.017595701507818070e-08
3.759499999999992720e-05,2.300000000000000266e+00,5.017466358663985811e-08
3.759999999999992461e-05,2.300000000000000266e+00,5.017341451842525967e-08
3.760499999999992202e-05,2.300000000000000266e+00,5.017209422058889052e-08
3.760999999999991943e-05,2.300000000000000266e+00,5.017078708074401920e-08
3.761499999999991684e-05,2.300000000000000266e+00,5.016959969861826927e-08
3.761999999999991425e-05,2.300000000000000266e+00,5.016857354924607086e-08
3.762499999999991166e-05,2.300000000000000266e+00,5.016759109442434936e-08
3.762999999999990907e-05,2.300000000000000266e+00,5.016653266728899387e-08
3.763499999999990648e-05,2.300000000000000266e+00,5.016545041625178047e-08
3.763999999999990389e-05,2.300000000000000266e+00,5.016436646822337148e-08
3.764499999999990131e-05,2.300000000000000266e+00,5.016323735902549271e-08
3.764999999999989872e-05,2.300000000000000266e+00,5.016210006469570308e-08
3.765499999999989613e-05,2.300000000000000266e+00,5.016108310855458939e-08
3.765999999999989354e-05,2.300000000000000266e+00,5.016025798734214810e-08
3.766499999999989095e-05,2.300000000000000266e+00,5.015947700769285501e-08
3.766999999999988836e-05,2.300000000000000266e+00,5.015862386381469648e-08
3.767499999999988577e-05,2.300000000000000266e+00,5.015776681695655735e-08
3.767999999999988318e-05,2.300000000000000266e+00,5.015689697391589898e-08
3.768499999999988059e-05,2.300000000000000266e+00,5.015597963026011576e-08
3.768999999999987801e-05,2.300000000000000266e+00,5.015507226927400855e-08
3.769499999999987542e-05,2.300000000000000266e+00,5.015419107930686600e-08
3.769999999999987283e-05,2.300000000000000266e+00,5.015328923894405900e-08
3.770499999999987024e-05,2.300000000000000266e+00,5.015239122019325586e-08
3.770999999999986765e-05,2.300000000000000266e+00,5.015162244454528743e-08
3.771499999999986506e-05,2.300000000000000266e+00,5.015106847044854964e-08
3.771999999999986247e-05,2.300000000000000266e+00,5.015056455325755260e-08
3.772499999999985988e-05,2.300000000000000266e+00,5.014997414503116570e-08
3.772999999999985729e-05,2.300000000000000266e+00,5.014938517636927463e-08
3.773499999999985470e-05,2.300000000000000266e+00,5.014879548792513564e-08
3.773999999999985212e-05,2.300000000000000266e+00,5.014815187271006808e-08
3.774499999999984953e-05,2.300000000000000266e+00,5.014748903313657676e-08
3.774999999999984694e-05,2.300000000000000266e+00,5.014683214565172087e-08
3.775499999999984435e-05,2.300000000000000266e+00,5.014616676735505713e-08
3.775999999999984176e-05,2.300000000000000266e+00,5.014551059581673324e-08
3.776499999999983917e-05,2.300000000000000266e+00,5.014487334093684195e-08
3.776999999999983658e-05,2.300000000000000266e+00,5.014424785092150830e-08
3.777499999999983399e-05,2.300000000000000266e+00,5.014364203994871473e-08
3.777999999999983140e-05,2.300000000000000266e+00,5.014305150008106630e-08
3.778499999999982881e-05,2.300000000000000266e+00,5.014246741927954856e-08
3.778999999999982623e-05,2.300000000000000266e+00,5.014189437770452385e-08
3.779499999999982364e-05,2.300000000000000266e+00,5.014143932134526488e-08
3.779999999999982105e-05,2.300000000000000266e+00,5.014119951738561713e-08
3.780499999999981846e-05,2.300000000000000266e+00,5.014099499267681173e-08
3.780999999999981587e-05,2.300000000000000266e+00,5.014068750612221859e-08
3.781499999999981328e-05,2.300000000000000266e+00,5.014038582063192749e-08
3.781999999999981069e-05,2.300000000000000266e+00,5.014008925135411830e-08
3.782499999999980810e-05,2.300000000000000266e+00,5.013971802556182687e-08
3.782999999999980551e-05,2.300000000000000266e+00,5.013933519158063559e-08
3.783499999999980293e-05,2.300000000000000266e+00,5.013896336007990771e-08
3.783999999999980034e-05,2.300000000000000266e+00,5.013855551420323913e-08
3.784499999999979775e-05,2.300000000000000266e+00,5.013814027848906767e-08
3.784999999999979516e-05,2.300000000000000266e+00,5.013774853959371100e-08
3.785499999999979257e-05,2.300000000000000266e+00,5.013734414382853506e-08
3.785999999999978998e-05,2.300000000000000266e+00,5.013694796408548294e-08
3.786499999999978739e-05,2.300000000000000266e+00,5.013657811789287658e-08
3.786999999999978480e-05,2.300000000000000266e+00,5.013621243392257894e-08
3.787499999999978221e-05,2.300000000000000266e+00,5.013585312967050956e-08
3.787999999999977962e-05,2.300000000000000266e+00,5.013550685964460057e-08
3.788499999999977704e-05,2.300000000000000266e+00,5.013517511186699760e-08
3.788999999999977445e-05,2.300000000000000266e+00,5.013485966267678545e-08
3.789499999999977186e-05,2.300000000000000266e+00,5.013455389047635231e-08
3.789999999999976927e-05,2.300000000000000266e+00,5.013424533767340291e-08
3.790499999999976668e-05,2.300000000000000266e+00,5.013393507818771869e-08
3.790999999999976409e-05,2.300000000000000266e+00,5.013363350495562393e-08
3.791499999999976150e-05,2.300000000000000266e+00,5.013334076698135119e-08
3.791999999999975891e-05,2.300000000000000266e+00,5.013305933333171629e-08
3.792499999999975632e-05,2.300000000000000266e+00,5.013278942266728858e-08
3.792999999999975373e-05,2.300000000000000266e+00,5.013263154512999780e-08
3.793499999999975115e-05,2.300000000000000266e+00,5.013268001507815945e-08
3.793999999999974856e-05,2.300000000000000266e+00,5.013275519411746640e-08
3.794499999999974597e-05,2.300000000000000266e+00,5.013272961527968969e-08
3.794999999999974338e-05,2.300000000000000266e+00,5.013269954713656112e-08
3.795499999999974079e-05,2.300000000000000266e+00,5.013265054497202890e-08
3.795999999999973820e-05,2.300000000000000266e+00,5.013251643722760858e-08
3.796499999999973561e-05,2.300000000000000266e+00,5.013236865663827768e-08
3.796999999999973302e-05,2.300000000000000266e+00,5.013222830263249253e-08
3.797499999999973043e-05,2.300000000000000266e+00,5.013204749340307126e-08
3.797999999999972784e-05,2.300000000000000266e+00,5.013185365378321212e-08
3.798499999999972526e-05,2.300000000000000266e+00,5.013167469438492831e-08
3.798999999999972267e-05,2.300000000000000266e+00,5.013148110633595885e-08
3.799499999999972008e-05,2.300000000000000266e+00,5.013127291669080740e-08
3.799999999999971749e-05,2.300000000000000266e+00,5.013108161579411406e-08
3.800499999999971490e-05,2.300000000000000266e+00,5.013089894118620603e-08
3.800999999999971231e-05,2.300000000000000266e+00,5.013071597826137868e-08
3.801499999999970972e-05,2.300000000000000266e+00,5.013053901386274237e-08
3.801999999999970713e-05,2.300000000000000266e+00,5.013036793189639151e-08
3.802499999999970454e-05,2.300000000000000266e+00,5.013019589210415157e-08
3.802999999999970196e-05,2.300000000000000266e+00,5.013003289653877038e-08
3.803499999999969937e-05,2.300000000000000266e+00,5.012988499985554048e-08
3.803999999999969678e-05,2.300000000000000266e+00,5.012973420647586884e-08
3.804499999999969419e-05,2.300000000000000266e+00,5.012957546600791426e-08
3.804999999999969160e-05,2.300000000000000266e+00,5.012942310525820778e-08
3.805499999999968901e-05,2.300000000000000266e+00,5.012927957976631671e-08
3.805999999999968642e-05,2.300000000000000266e+00,5.012914675874644373e-08
3.806499999999968383e-05,2.300000000000000266e+00,5.012901677445819510e-08
3.806999999999968124e-05,2.300000000000000266e+00,5.012888021500991677e-08
3.807499999999967865e-05,2.300000000000000266e+00,5.012875216959221418e-08
3.807999999999967607e-05,2.300000000000000266e+00,5.012863440101693023e-08
3.808499999999967348e-05,2.300000000000000266e+00,5.012851474000864925e-08
3.808999999999967089e-05,2.300000000000000266e+00,5.012839845945551753e-08
3.809499999999966830e-05,2.300000000000000266e+00,5.012829317169132984e-08
3.809999999999966571e-05,2.300000000000000266e+00,5.012819371992185210e-08
3.810499999999966312e-05,2.300000000000000266e+00,5.012808733501908197e-08
3.810999999999966053e-05,2.300000000000000266e+00,5.012797600229112774e-08
3.811499999999965794e-05,2.300000000000000266e+00,5.012786829189767324e-08
3.811999999999965535e-05,2.300000000000000266e+00,5.012776619883837259e-08
3.812499999999965276e-05,2.300000000000000266e+00,5.012767423361724476e-08
3.812999999999965018e-05,2.300000000000000266e+00,5.012759410291703780e-08
3.813499999999964759e-05,2.300000000000000266e+00,5.012751951989462808e-08
3.813999999999964500e-05,2.300000000000000266e+00,5.012744460211773680e-08
3.814499999999964241e-05,2.300000000000000266e+00,5.012736850785438711e-08
3.814999999999963982e-05,2.300000000000000266e+00,5.012729032571625879e-08
3.815499999999963723e-05,2.300000000000000266e+00,5.012721907671142948e-08
3.815999999999963464e-05,2.300000000000000266e+00,5.012715397523701719e-08
3.816499999999963205e-05,2.300000000000000266e+00,5.012707982953575276e-08
3.816999999999962946e-05,2.300000000000000266e+00,5.012700258200472578e-08
3.817499999999962688e-05,2.300000000000000266e+00,5.012692979854016875e-08
3.817999999999962429e-05,2.300000000000000266e+00,5.012685394615617613e-08
3.818499999999962170e-05,2.300000000000000266e+00,5.012678898399446381e-08
3.818999999999961911e-05,2.300000000000000266e+00,5.012673216436280941e-08
3.819499999999961652e-05,2.300000000000000266e+00,5.012667500997668006e-08
3.819999999999961393e-05,2.300000000000000266e+00,5.012662507704076241e-08
3.820499999999961134e-05,2.300000000000000266e+00,5.012658009193002226e-08
3.820999999999960875e-05,2.300000000000000266e+00,5.012653688315836028e-08
3.821499999999960616e-05,2.300000000000000266e+00,5.012649545072577648e-08
3.821999999999960357e-05,2.300000000000000266e+00,5.012645219551655225e-08
3.822499999999960099e-05,2.300000000000000266e+00,5.012641618497632086e-08
3.822999999999959840e-05,2.300000000000000266e+00,5.012639080925176418e-08
3.823499999999959581e-05,2.300000000000000266e+00,5.012635180913997318e-08
3.823999999999959322e-05,2.300000000000000266e+00,5.012630233674398194e-08
3.824499999999959063e-05,2.300000000000000266e+00,5.012625291078555296e-08
3.824999999999958804e-05,2.300000000000000266e+00,5.012620586101882192e-08
3.825499999999958545e-05,2.300000000000000266e+00,5.012615847649760269e-08
3.825999999999958286e-05,2.300000000000000266e+00,5.012611051534255144e-08
3.826499999999958027e-05,2.300000000000000266e+00,5.012606855271369124e-08
3.826999999999957768e-05,2.300000000000000266e+00,5.012603127281188356e-08
3.827499999999957510e-05,2.300000000000000266e+00,5.012599725727129968e-08
3.827999999999957251e-05,2.300000000000000266e+00,5.012596919381935123e-08
3.828499999999956992e-05,2.300000000000000266e+00,5.012594283705013097e-08
3.828999999999956733e-05,2.300000000000000266e+00,5.012591259284827278e-08
3.829499999999956474e-05,2.300000000000000266e+00,5.012588121859752504e-08
3.829999999999956215e-05,2.300000000000000266e+00,5.012584413413749896e-08
3.830499999999955956e-05,2.300000000000000266e+00,5.012580716577138511e-08
3.830999999999955697e-05,2.300000000000000266e+00,5.012579083427368718e-08
3.831499999999955438e-05,2.300000000000000266e+00,5.012578072965428887e-08
3.831999999999955179e-05,2.300000000000000266e+00,5.012575598669266569e-08
3.832499999999954921e-05,2.300000000000000266e+00,5.012573509825336670e-08
3.832999999999954662e-05,2.300000000000000266e+00,5.012572331017001470e-08
3.833499999999954403e-05,2.300000000000000266e+00,5.012570574222104098e-08
3.833999999999954144e-05,2.300000000000000266e+00,5.012568982482570722e-08
3.834499999999953885e-05,2.300000000000000266e+00,5.012567350301954190e-08
3.834999999999953626e-05,2.300000000000000266e+00,5.012565753918663927e-08
3.835499999999953367e-05,2.300000000000000266e+00,5.012564184045187484e-08
3.835999999999953108e-05,2.300000000000000266e+00,5.012561745546352097e-08
3.836499999999952849e-05,2.300000000000000266e+00,5.012559983138545240e-08
3.836999999999952591e-05,2.300000000000000266e+00,5.012558919656977769e-08
3.837499999999952332e-05,2.300000000000000266e+00,5.012557162862080397e-08
3.837999999999952073e-05,2.300000000000000266e+00,5.012555331181499114e-08
3.838499999999951814e-05,2.300000000000000266e+00,5.012553763629900783e-08
3.838999999999951555e-05,2.300000000000000266e+00,5.012552193756424340e-08
3.839499999999951296e-05,2.300000000000000266e+00,5.012550595051255965e-08
3.839999999999951037e-05,2.300000000000000266e+00,5.012548936360825613e-08
3.840499999999950778e-05,2.300000000000000266e+00,5.012547728720799143e-08
3.840999999999950519e-05,2.300000000000000266e+00,5.012547171631140644e-08
3.841499999999950260e-05,2.300000000000000266e+00,5.012546456451753810e-08
3.841999999999950002e-05,2.300000000000000266e+00,5.012545328341168137e-08
3.842499999999949743e-05,2.300000000000000266e+00,5.012544384830124620e-08
3.842999999999949484e-05,2.300000000000000266e+00,5.012543945389111961e-08
3.843499999999949225e-05,2.300000000000000266e+00,5.012543019100369153e-08
3.843999999999948966e-05,2.300000000000000266e+00,5.012541475736706530e-08
3.844499999999948707e-05,2.300000000000000266e+00,5.012540088140894129e-08
3.844999999999948448e-05,2.300000000000000266e+00,5.012539504541422472e-08
3.845499999999948189e-05,2.300000000000000266e+00,5.012538278326369779e-08
3.845999999999947930e-05,2.300000000000000266e+00,5.012535990951627728e-08
3.846499999999947671e-05,2.300000000000000266e+00,5.012534554979944574e-08
3.846999999999947413e-05,2.300000000000000266e+00,5.012533546839882855e-08
3.847499999999947154e-05,2.300000000000000266e+00,5.012532541021699249e-08
3.847999999999946895e-05,2.300000000000000266e+00,5.012531803976254819e-08
3.848499999999946636e-05,2.300000000000000266e+00,5.012531182257578119e-08
3.848999999999946377e-05,2.300000000000000266e+00,5.012530560538901418e-08
3.849499999999946118e-05,2.300000000000000266e+00,5.012530058790748671e-08
3.849999999999945859e-05,2.300000000000000266e+00,5.012529854647027695e-08
3.850499999999945600e-05,2.300000000000000266e+00,5.012529525889025879e-08
3.850999999999945341e-05,2.300000000000000266e+00,5.012529441715828857e-08
3.851499999999945083e-05,2.300000000000000266e+00,5.012529230606472882e-08
3.851999999999944824e-05,2.300000000000000266e+00,5.012527375707109152e-08
3.852499999999944565e-05,2.300000000000000266e+00,5.012526059705949952e-08
3.852999999999944306e-05,2.300000000000000266e+00,5.012525049244010121e-08
3.853499999999944047e-05,2.300000000000000266e+00,5.012523054829942954e-08
3.853999999999943788e-05,2.300000000000000266e+00,5.012521256624809828e-08
3.854499999999943529e-05,2.300000000000000266e+00,5.012520886456572258e-08
3.854999999999943270e-05,2.300000000000000266e+00,5.012521543972575227e-08
3.855499999999943011e-05,2.300000000000000266e+00,5.012521112466350829e-08
3.855999999999942752e-05,2.300000000000000266e+00,5.012520286603952490e-08
3.856499999999942494e-05,2.300000000000000266e+00,5.012519576068322543e-08
3.856999999999942235e-05,2.300000000000000266e+00,5.012519585355835654e-08
3.857499999999941976e-05,2.300000000000000266e+00,5.012519940623650628e-08
3.857999999999941717e-05,2.300000000000000266e+00,5.012519576068322543e-08
3.858499999999941458e-05,2.300000000000000266e+00,5.012518805547429956e-08
3.858999999999941199e-05,2.300000000000000266e+00,5.012517586298012263e-08
3.859499999999940940e-05,2.300000000000000266e+00,5.012516165226751044e-08
3.859999999999940681e-05,2.300000000000000266e+00,5.012515523963896184e-08
3.860499999999940422e-05,2.300000000000000266e+00,5.012515617424605656e-08
3.860999999999940163e-05,2.300000000000000266e+00,5.012516183801777266e-08
3.861499999999939905e-05,2.300000000000000266e+00,5.012516834352145899e-08
3.861999999999939646e-05,2.300000000000000266e+00,5.012516736247678879e-08
3.862499999999939387e-05,2.300000000000000266e+00,5.012515632325028252e-08
3.862999999999939128e-05,2.300000000000000266e+00,5.012514511180077578e-08
3.863499999999938869e-05,2.300000000000000266e+00,5.012513714149371172e-08
3.863999999999938610e-05,2.300000000000000266e+00,5.012513243554788470e-08
3.864499999999938351e-05,2.300000000000000266e+00,5.012512048493306483e-08
3.864999999999938092e-05,2.300000000000000266e+00,5.012511469537591051e-08
3.865499999999937833e-05,2.300000000000000266e+00,5.012512160529042177e-08
3.865999999999937574e-05,2.300000000000000266e+00,5.012513406288273691e-08
3.866499999999937316e-05,2.300000000000000266e+00,5.012514678557319024e-08
3.866999999999937057e-05,2.300000000000000266e+00,5.012515562083100565e-08
3.867499999999936798e-05,2.300000000000000266e+00,5.012515612780850093e-08
3.867999999999936539e-05,2.300000000000000266e+00,5.012514686492107284e-08
3.868499999999936280e-05,2.300000000000000266e+00,5.012513383069491906e-08
3.868999999999936021e-05,2.300000000000000266e+00,5.012512650667803701e-08
3.869499999999935762e-05,2.300000000000000266e+00,5.012511666715677690e-08
3.869999999999935503e-05,2.300000000000000266e+00,5.012510183337276382e-08
3.870499999999935244e-05,2.300000000000000266e+00,5.012508584632108006e-08
3.870999999999934986e-05,2.300000000000000266e+00,5.012507705750082690e-08
3.871499999999934727e-05,2.300000000000000266e+00,5.012508672479908655e-08
3.871999999999934468e-05,2.300000000000000266e+00,5.012509640178887880e-08
3.872499999999934209e-05,2.300000000000000266e+00,5.012509961971254697e-08
3.872999999999933950e-05,2.300000000000000266e+00,5.012510379546210422e-08
3.873499999999933691e-05,2.300000000000000266e+00,5.012510252610051469e-08
3.873999999999933432e-05,2.300000000000000266e+00,5.012510288407377739e-08
3.874499999999933173e-05,2.300000000000000266e+00,5.012511394651906478e-08
3.874999999999932914e-05,2.300000000000000266e+00,5.012512664599073037e-08
3.875499999999932655e-05,2.300000000000000266e+00,5.012512859455282225e-08
3.875999999999932397e-05,2.300000000000000266e+00,5.012512113122324685e-08
3.876499999999932138e-05,2.300000000000000266e+00,5.012511256106356964e-08
3.876999999999931879e-05,2.300000000000000266e+00,5.012510756680082329e-08
3.877499999999931620e-05,2.300000000000000266e+00,5.012510641353315262e-08
3.877999999999931361e-05,2.300000000000000266e+00,5.012510821309100530e-08
3.878499999999931102e-05,2.300000000000000266e+00,5.012510787833652373e-08
3.878999999999930843e-05,2.300000000000000266e+00,5.012511390008150253e-08
3.879499999999930584e-05,2.300000000000000266e+00,5.012511347245188985e-08
3.879999999999930325e-05,2.300000000000000266e+00,5.012510214490846426e-08
3.880499999999930066e-05,2.300000000000000266e+00,5.012509093345895752e-08
3.880999999999929808e-05,2.300000000000000266e+00,5.012509196094118997e-08
3.881499999999929549e-05,2.300000000000000266e+00,5.012510357680152826e-08
3.881999999999929290e-05,2.300000000000000266e+00,5.012510279119865289e-08
3.882499999999929031e-05,2.300000000000000266e+00,5.012509779693590654e-08
3.882999999999928772e-05,2.300000000000000266e+00,5.012510324204704669e-08
3.883499999999928513e-05,2.300000000000000266e+00,5.012510581368053285e-08
3.883999999999928254e-05,2.300000000000000266e+00,5.012509472801646434e-08
3.884499999999927995e-05,2.300000000000000266e+00,5.012507934081739374e-08
3.884999999999927736e-05,2.300000000000000266e+00,5.012506844090358745e-08
3.885499999999927478e-05,2.300000000000000266e+00,5.012506675743964038e-08
3.885999999999927219e-05,2.300000000000000266e+00,5.012507453230490961e-08
3.886499999999926960e-05,2.300000000000000266e+00,5.012508099137103369e-08
3.886999999999926701e-05,2.300000000000000266e+00,5.012508423251348298e-08
3.887499999999926442e-05,2.300000000000000266e+00,5.012509049613781224e-08
3.887999999999926183e-05,2.300000000000000266e+00,5.012509908951627057e-08
3.888499999999925924e-05,2.300000000000000266e+00,5.012509837356973857e-08
3.888999999999925665e-05,2.300000000000000266e+00,5.012509604381561611e-08
3.889499999999925406e-05,2.300000000000000266e+00,5.012510055431964830e-08
3.889999999999925147e-05,2.300000000000000266e+00,5.012510226100237650e-08
3.890499999999924889e-05,2.300000000000000266e+00,5.012510677150641531e-08
3.890999999999924630e-05,2.300000000000000266e+00,5.012511927553629269e-08
3.891499999999924371e-05,2.300000000000000266e+00,5.012511877825033664e-08
3.891999999999924112e-05,2.300000000000000266e+00,5.012510178693520157e-08
3.892499999999923853e-05,2.300000000000000266e+00,5.012508886880296002e-08
3.892999999999923594e-05,2.300000000000000266e+00,5.012508418607592074e-08
3.893499999999923335e-05,2.300000000000000266e+00,5.012507672274635195e-08
3.893999999999923076e-05,2.300000000000000266e+00,5.012507235155500649e-08
3.894499999999922817e-05,2.300000000000000266e+00,5.012508137256307751e-08
3.894999999999922558e-05,2.300000000000000266e+00,5.012508658548639319e-08
3.895499999999922300e-05,2.300000000000000266e+00,5.012508267483497414e-08
3.895999999999922041e-05,2.300000000000000266e+00,5.012507945691131259e-08
3.896499999999921782e-05,2.300000000000000266e+00,5.012507108219342359e-08
3.896999999999921523e-05,2.300000000000000266e+00,5.012506133554728135e-08
3.897499999999921264e-05,2.300000000000000266e+00,5.012506505075691219e-08
3.897999999999921005e-05,2.300000000000000266e+00,5.012507781988492777e-08
3.898499999999920746e-05,2.300000000000000266e+00,5.012509023103967404e-08
3.898999999999920487e-05,2.300000000000000266e+00,5.012509517886485814e-08
3.899499999999920228e-05,2.300000000000000266e+00,5.012509155653035841e-08
3.899999999999919969e-05,2.300000000000000266e+00,5.012508893845931001e-08
3.900499999999919711e-05,2.300000000000000266e+00,5.012509404881596198e-08
3.900999999999919452e-05,2.300000000000000266e+00,5.012510564145751915e-08
3.901499999999919193e-05,2.300000000000000266e+00,5.012510636709558375e-08
3.901999999999918934e-05,2.300000000000000266e+00,5.012509563940478455e-08
3.902499999999918675e-05,2.300000000000000266e+00,5.012508471627219052e-08
3.902999999999918416e-05,2.300000000000000266e+00,5.012507374670203424e-08
3.903499999999918157e-05,2.300000000000000266e+00,5.012506220049803932e-08
3.903999999999917898e-05,2.300000000000000266e+00,5.012505725267286183e-08
3.904499999999917639e-05,2.300000000000000266e+00,5.012506387427045378e-08
3.904999999999917381e-05,2.300000000000000266e+00,5.012507093318919762e-08
3.905499999999917122e-05,2.300000000000000266e+00,5.012507266309070694e-08
3.905999999999916863e-05,2.300000000000000266e+00,5.012507326294332671e-08
3.906499999999916604e-05,2.300000000000000266e+00,5.012507655052334486e-08
3.906999999999916345e-05,2.300000000000000266e+00,5.012507979166578754e-08
3.907499999999916086e-05,2.300000000000000266e+00,5.012508005676393236e-08
3.907999999999915827e-05,2.300000000000000266e+00,5.012508276771011187e-08
3.908499999999915568e-05,2.300000000000000266e+00,5.012508360944208209e-08
3.908999999999915309e-05,2.300000000000000266e+00,5.012508272127254301e-08
3.909499999999915050e-05,2.300000000000000266e+00,5.012508483236610275e-08
3.909999999999914792e-05,2.300000000000000266e+00,5.012508538578116027e-08
3.910499999999914533e-05,2.300000000000000266e+00,5.012507969879066305e-08
3.910999999999914274e-05,2.300000000000000266e+00,5.012507350482267716e-08
3.911499999999914015e-05,2.300000000000000266e+00,5.012507117506854808e-08
3.911999999999913756e-05,2.300000000000000266e+00,5.012507328616210783e-08
3.912499999999913497e-05,2.300000000000000266e+00,5.012507144016667966e-08
3.912999999999913238e-05,2.300000000000000266e+00,5.012506759917161060e-08
3.913499999999912979e-05,2.300000000000000266e+00,5.012507724325108912e-08
3.913999999999912720e-05,2.300000000000000266e+00,5.012508843148181474e-08
3.914499999999912461e-05,2.300000000000000266e+00,5.012508951509314866e-08
3.914999999999912203e-05,2.300000000000000266e+00,5.012508924999501046e-08
3.915499999999911944e-05,2.300000000000000266e+00,5.012508893845931001e-08
3.915999999999911685e-05,2.300000000000000266e+00,5.012508325146881279e-08
3.916499999999911426e-05,2.300000000000000266e+00,5.012508185632178504e-08
3.916999999999911167e-05,2.300000000000000266e+00,5.012507883383990508e-08
3.917499999999910908e-05,2.300000000000000266e+00,5.012507470452791670e-08
3.917999999999910649e-05,2.300000000000000266e+00,5.012507835008119755e-08
3.918499999999910390e-05,2.300000000000000266e+00,5.012507945691131259e-08
3.918999999999910131e-05,2.300000000000000266e+00,5.012508127968795301e-08
3.919499999999909873e-05,2.300000000000000266e+00,5.012508843148181474e-08
3.919999999999909614e-05,2.300000000000000266e+00,5.012510031244029123e-08
3.920499999999909355e-05,2.300000000000000266e+00,5.012510403734145467e-08
3.920999999999909096e-05,2.300000000000000266e+00,5.012509655079310476e-08
3.921499999999908837e-05,2.300000000000000266e+00,5.012509489054793882e-08
3.921999999999908578e-05,2.300000000000000266e+00,5.012509515564607702e-08
3.922499999999908319e-05,2.300000000000000266e+00,5.012509426747653793e-08
3.922999999999908060e-05,2.300000000000000266e+00,5.012510057753842943e-08
3.923499999999907801e-05,2.300000000000000266e+00,5.012510554858239465e-08
3.923999999999907542e-05,2.300000000000000266e+00,5.012510521382791308e-08
3.924499999999907284e-05,2.300000000000000266e+00,5.012509383984692525e-08
3.924999999999907025e-05,2.300000000000000266e+00,5.012508085205834033e-08
3.925499999999906766e-05,2.300000000000000266e+00,5.012508130290673414e-08
3.925999999999906507e-05,2.300000000000000266e+00,5.012509111920921313e-08
3.926499999999906248e-05,2.300000000000000266e+00,5.012509846644487630e-08
3.926999999999905989e-05,2.300000000000000266e+00,5.012509419782018794e-08
3.927499999999905730e-05,2.300000000000000266e+00,5.012508771553528274e-08
3.927999999999905471e-05,2.300000000000000266e+00,5.012508718533901296e-08
3.928499999999905212e-05,2.300000000000000266e+00,5.012508596241499892e-08
3.928999999999904953e-05,2.300000000000000266e+00,5.012508389775900142e-08
3.929499999999904695e-05,2.300000000000000266e+00,5.012508692024088138e-08
3.929999999999904436e-05,2.300000000000000266e+00,5.012509524852120151e-08
3.930499999999904177e-05,2.300000000000000266e+00,5.012509662044945475e-08
3.930999999999903918e-05,2.300000000000000266e+00,5.012509695520392970e-08
3.931499999999903659e-05,2.300000000000000266e+00,5.012509093345895752e-08
3.931999999999903400e-05,2.300000000000000266e+00,5.012507936403618148e-08
3.932499999999903141e-05,2.300000000000000266e+00,5.012507292818883852e-08
3.932999999999902882e-05,2.300000000000000266e+00,5.012506997536330855e-08
3.933499999999902623e-05,2.300000000000000266e+00,5.012507150982302965e-08
3.933999999999902364e-05,2.300000000000000266e+00,5.012506966382760810e-08
3.934499999999902106e-05,2.300000000000000266e+00,5.012506762239039834e-08
3.934999999999901847e-05,2.300000000000000266e+00,5.012507993097848090e-08
3.935499999999901588e-05,2.300000000000000266e+00,5.012509318386520401e-08
3.935999999999901329e-05,2.300000000000000266e+00,5.012509244469989750e-08
3.936499999999901070e-05,2.300000000000000266e+00,5.012508082883955259e-08
3.936999999999900811e-05,2.300000000000000266e+00,5.012507741547409621e-08
3.937499999999900552e-05,2.300000000000000266e+00,5.012508099137103369e-08
3.937999999999900293e-05,2.300000000000000266e+00,5.012508543221872252e-08
3.938499999999900034e-05,2.300000000000000266e+00,5.012508747365593228e-08
3.938999999999899776e-05,2.300000000000000266e+00,5.012508536256237253e-08
3.939499999999899517e-05,2.300000000000000266e+00,5.012508420929470186e-08
3.939999999999899258e-05,2.300000000000000266e+00,5.012508720855780070e-08
3.940499999999898999e-05,2.300000000000000266e+00,5.012509044970024337e-08
3.940999999999898740e-05,2.300000000000000266e+00,5.012508711568266959e-08
3.941499999999898481e-05,2.300000000000000266e+00,5.012508209820114211e-08
3.941999999999898222e-05,2.300000000000000266e+00,5.012508485558488388e-08
3.942499999999897963e-05,2.300000000000000266e+00,5.012508207498236099e-08
3.942999999999897704e-05,2.300000000000000266e+00,5.012508156800486572e-08
3.943499999999897445e-05,2.300000000000000266e+00,5.012508903133443450e-08
3.943999999999897187e-05,2.300000000000000266e+00,5.012509040326268774e-08
3.944499999999896928e-05,2.300000000000000266e+00,5.012508473949097164e-08
3.944999999999896669e-05,2.300000000000000266e+00,5.012508423251348298e-08
3.945499999999896410e-05,2.300000000000000266e+00,5.012508989628519247e-08
3.945999999999896151e-05,2.300000000000000266e+00,5.012509280267316020e-08
3.946499999999895892e-05,2.300000000000000266e+00,5.012509129143222683e-08
3.946999999999895633e-05,2.300000000000000266e+00,5.012508922677622933e-08
3.947499999999895374e-05,2.300000000000000266e+00,5.012508865014239069e-08
3.947999999999895115e-05,2.300000000000000266e+00,5.012508805028977092e-08
3.948499999999894856e-05,2.300000000000000266e+00,5.012508836182547137e-08
3.948999999999894598e-05,2.300000000000000266e+00,5.012508924999501046e-08
3.949499999999894339e-05,2.300000000000000266e+00,5.012508593919621118e-08
3.949999999999894080e-05,2.300000000000000266e+00,5.012508121003160303e-08
3.950499999999893821e-05,2.300000000000000266e+00,5.012507796888915373e-08
3.950999999999893562e-05,2.300000000000000266e+00,5.012507710393839577e-08
3.951499999999893303e-05,2.300000000000000266e+00,5.012507830364363530e-08
3.951999999999893044e-05,2.300000000000000266e+00,5.012507888027747394e-08
3.952499999999892785e-05,2.300000000000000266e+00,5.012507948013009371e-08
3.952999999999892526e-05,2.300000000000000266e+00,5.012508096815224595e-08
3.953499999999892267e-05,2.300000000000000266e+00,5.012507854552298576e-08
3.953999999999892009e-05,2.300000000000000266e+00,5.012507410467529693e-08
3.954499999999891750e-05,2.300000000000000266e+00,5.012506966382760810e-08
3.954999999999891491e-05,2.300000000000000266e+00,5.012506762239039834e-08
3.955499999999891232e-05,2.300000000000000266e+00,5.012506913363133171e-08
3.955999999999890973e-05,2.300000000000000266e+00,5.012507539725566758e-08
3.956499999999890714e-05,2.300000000000000266e+00,5.012508998916032358e-08
3.956999999999890455e-05,2.300000000000000266e+00,5.012509875476179562e-08
3.957499999999890196e-05,2.300000000000000266e+00,5.012509719708328678e-08
3.957999999999889937e-05,2.300000000000000266e+00,5.012509515564607702e-08
3.958499999999889679e-05,2.300000000000000266e+00,5.012509246791867863e-08
3.958999999999889420e-05,2.300000000000000266e+00,5.012508651583004982e-08
3.959499999999889161e-05,2.300000000000000266e+00,5.012508001032636349e-08
3.959999999999888902e-05,2.300000000000000266e+00,5.012508099137103369e-08
3.960499999999888643e-05,2.300000000000000266e+00,5.012508063339777100e-08
3.960999999999888384e-05,2.300000000000000266e+00,5.012507796888915373e-08
3.961499999999888125e-05,2.300000000000000266e+00,5.012508790128554496e-08
3.961999999999887866e-05,2.300000000000000266e+00,5.012509669010579812e-08
3.962499999999887607e-05,2.300000000000000266e+00,5.012509422103896906e-08
3.962999999999887348e-05,2.300000000000000266e+00,5.012508380488387031e-08
3.963499999999887090e-05,2.300000000000000266e+00,5.012508096815224595e-08
3.963999999999886831e-05,2.300000000000000266e+00,5.012508394419656366e-08
3.964499999999886572e-05,2.300000000000000266e+00,5.012508629716947387e-08
3.964999999999886313e-05,2.300000000000000266e+00,5.012509407203474310e-08
3.965499999999886054e-05,2.300000000000000266e+00,5.012509333286942998e-08
3.965999999999885795e-05,2.300000000000000266e+00,5.012508891524052227e-08
3.966499999999885536e-05,2.300000000000000266e+00,5.012508716212023183e-08
3.966999999999885277e-05,2.300000000000000266e+00,5.012508747365593228e-08
3.967499999999885018e-05,2.300000000000000266e+00,5.012508416285713300e-08
3.967999999999884759e-05,2.300000000000000266e+00,5.012508063339777100e-08
3.968499999999884501e-05,2.300000000000000266e+00,5.012508396741534479e-08
3.968999999999884242e-05,2.300000000000000266e+00,5.012509558327568970e-08
3.969499999999883983e-05,2.300000000000000266e+00,5.012510679472519643e-08
3.969999999999883724e-05,2.300000000000000266e+00,5.012511296547440119e-08
3.970499999999883465e-05,2.300000000000000266e+00,5.012511140779589235e-08
3.970999999999883206e-05,2.300000000000000266e+00,5.012510636709558375e-08
3.971499999999882947e-05,2.300000000000000266e+00,5.012509923852049654e-08
3.971999999999882688e-05,2.300000000000000266e+00,5.012509064514203820e-08
3.972499999999882429e-05,2.300000000000000266e+00,5.012508476270975276e-08
3.972999999999882171e-05,2.300000000000000266e+00,5.012507672274635195e-08
3.973499999999881912e-05,2.300000000000000266e+00,5.012506755273404836e-08
3.973999999999881653e-05,2.300000000000000266e+00,5.012506346985962884e-08
3.974499999999881394e-05,2.300000000000000266e+00,5.012506289322579019e-08
3.974999999999881135e-05,2.300000000000000266e+00,5.012506289322579019e-08
3.975499999999880876e-05,2.300000000000000266e+00,5.012506769204674171e-08
3.975999999999880617e-05,2.300000000000000266e+00,5.012506879887685675e-08
3.976499999999880358e-05,2.300000000000000266e+00,5.012506522297991927e-08
3.976999999999880099e-05,2.300000000000000266e+00,5.012507277918461256e-08
3.977499999999879840e-05,2.300000000000000266e+00,5.012508370231720659e-08
3.977999999999879582e-05,2.300000000000000266e+00,5.012509047291903111e-08
3.978499999999879323e-05,2.300000000000000266e+00,5.012509520208363926e-08
3.978999999999879064e-05,2.300000000000000266e+00,5.012509724352084902e-08
3.979499999999878805e-05,2.300000000000000266e+00,5.012509513242728928e-08
3.979999999999878546e-05,2.300000000000000266e+00,5.012508558122294848e-08
3.980499999999878287e-05,2.300000000000000266e+00,5.012508574375442296e-08
3.980999999999878028e-05,2.300000000000000266e+00,5.012509256079380974e-08
3.981499999999877769e-05,2.300000000000000266e+00,5.012509366762391816e-08
3.981999999999877510e-05,2.300000000000000266e+00,5.012509489054793882e-08
3.982499999999877251e-05,2.300000000000000266e+00,5.012509215638297818e-08
3.982999999999876993e-05,2.300000000000000266e+00,5.012509102633408202e-08
3.983499999999876734e-05,2.300000000000000266e+00,5.012509491376671994e-08
3.983999999999876475e-05,2.300000000000000266e+00,5.012509244469989750e-08
3.984499999999876216e-05,2.300000000000000266e+00,5.012508862692360957e-08
3.984999999999875957e-05,2.300000000000000266e+00,5.012508476270975276e-08
3.985499999999875698e-05,2.300000000000000266e+00,5.012508092171468370e-08
3.985999999999875439e-05,2.300000000000000266e+00,5.012508456726796455e-08
3.986499999999875180e-05,2.300000000000000266e+00,5.012508267483497414e-08
3.986999999999874921e-05,2.300000000000000266e+00,5.012508005676393236e-08
3.987499999999874662e-05,2.300000000000000266e+00,5.012508036829962618e-08
3.987999999999874404e-05,2.300000000000000266e+00,5.012508185632178504e-08
3.988499999999874145e-05,2.300000000000000266e+00,5.012509083089229381e-08
3.988999999999873886e-05,2.300000000000000266e+00,5.012509246791867863e-08
3.989499999999873627e-05,2.300000000000000266e+00,5.012508771553528274e-08
3.989999999999873368e-05,2.300000000000000266e+00,5.012508958474949203e-08
3.990499999999873109e-05,2.300000000000000266e+00,5.012509011494576842e-08
3.990999999999872850e-05,2.300000000000000266e+00,5.012508593919621118e-08
3.991499999999872591e-05,2.300000000000000266e+00,5.012508720855780070e-08
3.991999999999872332e-05,2.300000000000000266e+00,5.012508445117405232e-08
3.992499999999872074e-05,2.300000000000000266e+00,5.012508363266086322e-08
3.992999999999871815e-05,2.300000000000000266e+00,5.012508900811565338e-08
3.993499999999871556e-05,2.300000000000000266e+00,5.012509671332457924e-08
3.993999999999871297e-05,2.300000000000000266e+00,5.012509630891374769e-08
3.994499999999871038e-05,2.300000000000000266e+00,5.012509426747653793e-08
3.994999999999870779e-05,2.300000000000000266e+00,5.012509337930699884e-08
3.995499999999870520e-05,2.300000000000000266e+00,5.012508529290602916e-08
3.995999999999870261e-05,2.300000000000000266e+00,5.012508034508085168e-08
3.996499999999870002e-05,2.300000000000000266e+00,5.012508276771011187e-08
3.996999999999869743e-05,2.300000000000000266e+00,5.012508480914732163e-08
3.997499999999869485e-05,2.300000000000000266e+00,5.012508029864328281e-08
3.997999999999869226e-05,2.300000000000000266e+00,5.012507379313959649e-08
3.998499999999868967e-05,2.300000000000000266e+00,5.012507237477378762e-08
3.998999999999868708e-05,2.300000000000000266e+00,5.012507146338546740e-08
3.999499999999868449e-05,2.300000000000000266e+00,5.012515681625009965e-08
3.999999999999999650e-05,2.300000000000000266e+00,5.012548033290865251e-08
